ForceDecks Raw Data Export,1.0
Weight,"90,34"
Frequency,1000
Recording Date,2025-11-10T11:11:26
Recording Info,ForceDecks.iOS;2.3.0
Data Source,"ForceDecks;FDL2-220804-FW2R6-HW3R6,6126,FDL2-FW2R6-HW3R6,6125 (Post-analysis Trial 4)"
Analysis Date,2025-11-10T11:11:45
AthleteId,54beb9bc-3055-4eb8-9c30-886be73894a6

Time,Left,Right,,Acceleration,Velocity,Height,Power,Impulse
"73,389","896,238458","-0,242742",,0,0,0,0,0
"73,39","898,238458","-1,242742",,0,0,0,0,0
"73,391","897,238458","-1,242742",,0,0,0,0,0
"73,392","896,238458","-0,242742",,0,0,0,0,0
"73,393","899,238458","-1,242742",,0,0,0,0,0
"73,394","899,238458","0,757258",,0,0,0,0,0
"73,395","898,238458","-0,242742",,0,0,0,0,0
"73,396","896,238458","1,757258",,0,0,0,0,0
"73,397","898,238458","-2,242742",,0,0,0,0,0
"73,398","898,238458","0,757258",,0,0,0,0,0
"73,399","898,238458","-0,242742",,0,0,0,0,0
"73,4","898,238458","-0,242742",,0,0,0,0,0
"73,401","898,238458","-0,242742",,0,0,0,0,0
"73,402","896,238458","0,757258",,0,0,0,0,0
"73,403","897,238458","-1,242742",,0,0,0,0,0
"73,404","895,238458","-2,242742",,0,0,0,0,0
"73,405","899,238458","0,757258",,0,0,0,0,0
"73,406","899,238458","-0,242742",,0,0,0,0,0
"73,407","897,238458","0,757258",,0,0,0,0,0
"73,408","898,238458","-1,242742",,0,0,0,0,0
"73,409","898,238458","-0,242742",,0,0,0,0,0
"73,41","899,238458","0,757258",,0,0,0,0,0
"73,411","897,238458","-3,242742",,0,0,0,0,0
"73,412","898,238458","0,757258",,0,0,0,0,0
"73,413","896,238458","0,757258",,0,0,0,0,0
"73,414","895,238458","-1,242742",,0,0,0,0,0
"73,415","898,238458","-0,242742",,0,0,0,0,0
"73,416","900,238458","-0,242742",,0,0,0,0,0
"73,417","896,238458","-1,242742",,0,0,0,0,0
"73,418","899,238458","-1,242742",,0,0,0,0,0
"73,419","899,238458","0,757258",,0,0,0,0,0
"73,42","899,238458","-1,242742",,0,0,0,0,0
"73,421","897,238458","-1,242742",,0,0,0,0,0
"73,422","898,238458","0,757258",,0,0,0,0,0
"73,423","895,238458","-3,242742",,0,0,0,0,0
"73,424","898,238458","2,757258",,0,0,0,0,0
"73,425","898,238458","-0,242742",,0,0,0,0,0
"73,426","898,238458","-2,242742",,0,0,0,0,0
"73,427","897,238458","1,757258",,0,0,0,0,0
"73,428","895,238458","-0,242742",,0,0,0,0,0
"73,429","895,238458","-1,242742",,0,0,0,0,0
"73,43","896,238458","-1,242742",,0,0,0,0,0
"73,431","897,238458","-0,242742",,0,0,0,0,0
"73,432","897,238458","-2,242742",,0,0,0,0,0
"73,433","895,238458","-0,242742",,0,0,0,0,0
"73,434","895,238458","-0,242742",,0,0,0,0,0
"73,435","895,238458","-0,242742",,0,0,0,0,0
"73,436","895,238458","0,757258",,0,0,0,0,0
"73,437","895,238458","-1,242742",,0,0,0,0,0
"73,438","894,238458","-0,242742",,0,0,0,0,0
"73,439","893,238458","-1,242742",,0,0,0,0,0
"73,44","894,238458","1,757258",,0,0,0,0,0
"73,441","893,238458","1,757258",,0,0,0,0,0
"73,442","894,238458","0,757258",,0,0,0,0,0
"73,443","892,238458","0,757258",,0,0,0,0,0
"73,444","890,238458","0,757258",,0,0,0,0,0
"73,445","892,238458","-3,242742",,0,0,0,0,0
"73,446","890,238458","0,757258",,0,0,0,0,0
"73,447","890,238458","-0,242742",,0,0,0,0,0
"73,448","889,238458","-0,242742",,0,0,0,0,0
"73,449","890,238458","1,757258",,0,0,0,0,0
"73,45","889,238458","-0,242742",,0,0,0,0,0
"73,451","888,238458","-1,242742",,0,0,0,0,0
"73,452","888,238458","0,757258",,0,0,0,0,0
"73,453","888,238458","-1,242742",,0,0,0,0,0
"73,454","887,238458","-0,242742",,0,0,0,0,0
"73,455","886,238458","-0,242742",,0,0,0,0,0
"73,456","888,238458","0,757258",,0,0,0,0,0
"73,457","885,238458","-2,242742",,0,0,0,0,0
"73,458","886,238458","-0,242742",,0,0,0,0,0
"73,459","886,238458","-0,242742",,0,0,0,0,0
"73,46","885,238458","-0,242742",,0,0,0,0,0
"73,461","883,238458","-1,242742",,0,0,0,0,0
"73,462","885,238458","-0,242742",,0,0,0,0,0
"73,463","882,238458","-1,242742",,0,0,0,0,0
"73,464","883,238458","-1,242742",,0,0,0,0,0
"73,465","884,238458","-1,242742",,0,0,0,0,0
"73,466","885,238458","-0,242742",,0,0,0,0,0
"73,467","883,238458","-0,242742",,0,0,0,0,0
"73,468","885,238458","-2,242742",,0,0,0,0,0
"73,469","883,238458","-2,242742",,0,0,0,0,0
"73,47","885,238458","-1,242742",,0,0,0,0,0
"73,471","884,238458","-0,242742",,0,0,0,0,0
"73,472","882,238458","-0,242742",,0,0,0,0,0
"73,473","884,238458","0,757258",,0,0,0,0,0
"73,474","883,238458","-0,242742",,0,0,0,0,0
"73,475","884,238458","-2,242742",,0,0,0,0,0
"73,476","885,238458","-2,242742",,0,0,0,0,0
"73,477","885,238458","1,757258",,0,0,0,0,0
"73,478","885,238458","-0,242742",,0,0,0,0,0
"73,479","883,238458","-1,242742",,0,0,0,0,0
"73,48","882,238458","-0,242742",,0,0,0,0,0
"73,481","883,238458","-2,242742",,0,0,0,0,0
"73,482","886,238458","0,757258",,0,0,0,0,0
"73,483","886,238458","1,757258",,0,0,0,0,0
"73,484","887,238458","1,757258",,0,0,0,0,0
"73,485","886,238458","-2,242742",,0,0,0,0,0
"73,486","886,238458","-1,242742",,0,0,0,0,0
"73,487","886,238458","-0,242742",,0,0,0,0,0
"73,488","888,238458","-1,242742",,0,0,0,0,0
"73,489","887,238458","-1,242742",,0,0,0,0,0
"73,49","889,238458","-3,242742",,0,0,0,0,0
"73,491","887,238458","-0,242742",,0,0,0,0,0
"73,492","890,238458","-1,242742",,0,0,0,0,0
"73,493","887,238458","-0,242742",,0,0,0,0,0
"73,494","890,238458","-0,242742",,0,0,0,0,0
"73,495","887,238458","0,757258",,0,0,0,0,0
"73,496","887,238458","-0,242742",,0,0,0,0,0
"73,497","887,238458","-1,242742",,0,0,0,0,0
"73,498","888,238458","-0,242742",,0,0,0,0,0
"73,499","885,238458","1,757258",,0,0,0,0,0
"73,5","886,238458","-2,242742",,0,0,0,0,0
"73,501","886,238458","0,757258",,0,0,0,0,0
"73,502","884,238458","-1,242742",,0,0,0,0,0
"73,503","887,238458","1,757258",,0,0,0,0,0
"73,504","885,238458","-1,242742",,0,0,0,0,0
"73,505","886,238458","-1,242742",,0,0,0,0,0
"73,506","883,238458","-2,242742",,0,0,0,0,0
"73,507","883,238458","0,757258",,0,0,0,0,0
"73,508","883,238458","0,757258",,0,0,0,0,0
"73,509","884,238458","-0,242742",,0,0,0,0,0
"73,51","882,238458","0,757258",,0,0,0,0,0
"73,511","883,238458","0,757258",,0,0,0,0,0
"73,512","883,238458","0,757258",,0,0,0,0,0
"73,513","882,238458","-0,242742",,0,0,0,0,0
"73,514","882,238458","-1,242742",,0,0,0,0,0
"73,515","883,238458","-0,242742",,0,0,0,0,0
"73,516","880,238458","0,757258",,0,0,0,0,0
"73,517","879,238458","-2,242742",,0,0,0,0,0
"73,518","882,238458","-0,242742",,0,0,0,0,0
"73,519","880,238458","0,757258",,0,0,0,0,0
"73,52","881,238458","0,757258",,0,0,0,0,0
"73,521","880,238458","-0,242742",,0,0,0,0,0
"73,522","879,238458","-0,242742",,0,0,0,0,0
"73,523","878,238458","-0,242742",,0,0,0,0,0
"73,524","877,238458","-1,242742",,0,0,0,0,0
"73,525","878,238458","-0,242742",,0,0,0,0,0
"73,526","875,238458","-1,242742",,0,0,0,0,0
"73,527","877,238458","0,757258",,0,0,0,0,0
"73,528","878,238458","-0,242742",,0,0,0,0,0
"73,529","877,238458","-1,242742",,0,0,0,0,0
"73,53","876,238458","-0,242742",,0,0,0,0,0
"73,531","878,238458","-1,242742",,0,0,0,0,0
"73,532","878,238458","0,757258",,0,0,0,0,0
"73,533","877,238458","-0,242742",,0,0,0,0,0
"73,534","877,238458","-1,242742",,0,0,0,0,0
"73,535","878,238458","-2,242742",,0,0,0,0,0
"73,536","877,238458","1,757258",,0,0,0,0,0
"73,537","879,238458","-1,242742",,0,0,0,0,0
"73,538","876,238458","1,757258",,0,0,0,0,0
"73,539","879,238458","-1,242742",,0,0,0,0,0
"73,54","878,238458","0,757258",,0,0,0,0,0
"73,541","877,238458","-2,242742",,0,0,0,0,0
"73,542","879,238458","-1,242742",,0,0,0,0,0
"73,543","878,238458","0,757258",,0,0,0,0,0
"73,544","879,238458","-1,242742",,0,0,0,0,0
"73,545","883,238458","-1,242742",,0,0,0,0,0
"73,546","880,238458","-1,242742",,0,0,0,0,0
"73,547","880,238458","-2,242742",,0,0,0,0,0
"73,548","879,238458","0,757258",,0,0,0,0,0
"73,549","884,238458","0,757258",,0,0,0,0,0
"73,55","882,238458","-0,242742",,0,0,0,0,0
"73,551","879,238458","-0,242742",,0,0,0,0,0
"73,552","882,238458","-1,242742",,0,0,0,0,0
"73,553","882,238458","-2,242742",,0,0,0,0,0
"73,554","883,238458","-3,242742",,0,0,0,0,0
"73,555","884,238458","0,757258",,0,0,0,0,0
"73,556","882,238458","0,757258",,0,0,0,0,0
"73,557","882,238458","-0,242742",,0,0,0,0,0
"73,558","882,238458","-0,242742",,0,0,0,0,0
"73,559","883,238458","0,757258",,0,0,0,0,0
"73,56","884,238458","-0,242742",,0,0,0,0,0
"73,561","883,238458","0,757258",,0,0,0,0,0
"73,562","882,238458","-1,242742",,0,0,0,0,0
"73,563","883,238458","-0,242742",,0,0,0,0,0
"73,564","883,238458","-3,242742",,0,0,0,0,0
"73,565","882,238458","-1,242742",,0,0,0,0,0
"73,566","885,238458","0,757258",,0,0,0,0,0
"73,567","883,238458","-0,242742",,0,0,0,0,0
"73,568","886,238458","-0,242742",,0,0,0,0,0
"73,569","884,238458","-2,242742",,0,0,0,0,0
"73,57","884,238458","-1,242742",,0,0,0,0,0
"73,571","884,238458","-0,242742",,0,0,0,0,0
"73,572","883,238458","-0,242742",,0,0,0,0,0
"73,573","887,238458","0,757258",,0,0,0,0,0
"73,574","886,238458","-1,242742",,0,0,0,0,0
"73,575","885,238458","0,757258",,0,0,0,0,0
"73,576","886,238458","-0,242742",,0,0,0,0,0
"73,577","887,238458","0,757258",,0,0,0,0,0
"73,578","886,238458","-0,242742",,0,0,0,0,0
"73,579","886,238458","-0,242742",,0,0,0,0,0
"73,58","889,238458","1,757258",,0,0,0,0,0
"73,581","887,238458","0,757258",,0,0,0,0,0
"73,582","887,238458","0,757258",,0,0,0,0,0
"73,583","887,238458","0,757258",,0,0,0,0,0
"73,584","888,238458","-0,242742",,0,0,0,0,0
"73,585","886,238458","-0,242742",,0,0,0,0,0
"73,586","888,238458","0,757258",,0,0,0,0,0
"73,587","889,238458","-2,242742",,0,0,0,0,0
"73,588","888,238458","-0,242742",,0,0,0,0,0
"73,589","890,238458","1,757258",,0,0,0,0,0
"73,59","890,238458","-0,242742",,0,0,0,0,0
"73,591","888,238458","-0,242742",,0,0,0,0,0
"73,592","889,238458","0,757258",,0,0,0,0,0
"73,593","889,238458","0,757258",,0,0,0,0,0
"73,594","889,238458","0,757258",,0,0,0,0,0
"73,595","890,238458","0,757258",,0,0,0,0,0
"73,596","892,238458","-0,242742",,0,0,0,0,0
"73,597","889,238458","-1,242742",,0,0,0,0,0
"73,598","888,238458","0,757258",,0,0,0,0,0
"73,599","890,238458","-0,242742",,0,0,0,0,0
"73,6","891,238458","-1,242742",,0,0,0,0,0
"73,601","889,238458","-0,242742",,0,0,0,0,0
"73,602","891,238458","-2,242742",,0,0,0,0,0
"73,603","892,238458","0,757258",,0,0,0,0,0
"73,604","891,238458","-1,242742",,0,0,0,0,0
"73,605","893,238458","0,757258",,0,0,0,0,0
"73,606","891,238458","-0,242742",,0,0,0,0,0
"73,607","891,238458","-0,242742",,0,0,0,0,0
"73,608","890,238458","-1,242742",,0,0,0,0,0
"73,609","891,238458","-2,242742",,0,0,0,0,0
"73,61","893,238458","-0,242742",,0,0,0,0,0
"73,611","891,238458","-1,242742",,0,0,0,0,0
"73,612","891,238458","-0,242742",,0,0,0,0,0
"73,613","891,238458","-3,242742",,0,0,0,0,0
"73,614","892,238458","-3,242742",,0,0,0,0,0
"73,615","890,238458","0,757258",,0,0,0,0,0
"73,616","890,238458","-1,242742",,0,0,0,0,0
"73,617","891,238458","-0,242742",,0,0,0,0,0
"73,618","892,238458","-1,242742",,0,0,0,0,0
"73,619","891,238458","0,757258",,0,0,0,0,0
"73,62","892,238458","-0,242742",,0,0,0,0,0
"73,621","893,238458","-0,242742",,0,0,0,0,0
"73,622","891,238458","-1,242742",,0,0,0,0,0
"73,623","890,238458","-0,242742",,0,0,0,0,0
"73,624","890,238458","1,757258",,0,0,0,0,0
"73,625","892,238458","-0,242742",,0,0,0,0,0
"73,626","891,238458","-0,242742",,0,0,0,0,0
"73,627","891,238458","0,757258",,0,0,0,0,0
"73,628","891,238458","-0,242742",,0,0,0,0,0
"73,629","888,238458","-1,242742",,0,0,0,0,0
"73,63","891,238458","0,757258",,0,0,0,0,0
"73,631","889,238458","-1,242742",,0,0,0,0,0
"73,632","890,238458","0,757258",,0,0,0,0,0
"73,633","891,238458","0,757258",,0,0,0,0,0
"73,634","890,238458","-0,242742",,0,0,0,0,0
"73,635","888,238458","-0,242742",,0,0,0,0,0
"73,636","888,238458","0,757258",,0,0,0,0,0
"73,637","887,238458","-0,242742",,0,0,0,0,0
"73,638","887,238458","-0,242742",,0,0,0,0,0
"73,639","888,238458","-0,242742",,0,0,0,0,0
"73,64","887,238458","-0,242742",,0,0,0,0,0
"73,641","887,238458","-1,242742",,0,0,0,0,0
"73,642","887,238458","-1,242742",,0,0,0,0,0
"73,643","886,238458","-0,242742",,0,0,0,0,0
"73,644","886,238458","0,757258",,0,0,0,0,0
"73,645","888,238458","-0,242742",,0,0,0,0,0
"73,646","887,238458","-1,242742",,0,0,0,0,0
"73,647","887,238458","-0,242742",,0,0,0,0,0
"73,648","886,238458","-1,242742",,0,0,0,0,0
"73,649","886,238458","-2,242742",,0,0,0,0,0
"73,65","886,238458","-2,242742",,0,0,0,0,0
"73,651","887,238458","-1,242742",,0,0,0,0,0
"73,652","885,238458","-0,242742",,0,0,0,0,0
"73,653","884,238458","-0,242742",,0,0,0,0,0
"73,654","887,238458","0,757258",,0,0,0,0,0
"73,655","884,238458","-1,242742",,0,0,0,0,0
"73,656","884,238458","-2,242742",,0,0,0,0,0
"73,657","884,238458","-1,242742",,0,0,0,0,0
"73,658","887,238458","-2,242742",,0,0,0,0,0
"73,659","886,238458","0,757258",,0,0,0,0,0
"73,66","886,238458","-2,242742",,0,0,0,0,0
"73,661","887,238458","-0,242742",,0,0,0,0,0
"73,662","886,238458","0,757258",,0,0,0,0,0
"73,663","886,238458","-2,242742",,0,0,0,0,0
"73,664","887,238458","0,757258",,0,0,0,0,0
"73,665","888,238458","-0,242742",,0,0,0,0,0
"73,666","886,238458","-1,242742",,0,0,0,0,0
"73,667","886,238458","0,757258",,0,0,0,0,0
"73,668","886,238458","-0,242742",,0,0,0,0,0
"73,669","887,238458","-2,242742",,0,0,0,0,0
"73,67","887,238458","-1,242742",,0,0,0,0,0
"73,671","888,238458","0,757258",,0,0,0,0,0
"73,672","886,238458","1,757258",,0,0,0,0,0
"73,673","889,238458","0,757258",,0,0,0,0,0
"73,674","887,238458","1,757258",,0,0,0,0,0
"73,675","886,238458","-1,242742",,0,0,0,0,0
"73,676","888,238458","0,757258",,0,0,0,0,0
"73,677","887,238458","-0,242742",,0,0,0,0,0
"73,678","889,238458","-1,242742",,0,0,0,0,0
"73,679","886,238458","-0,242742",,0,0,0,0,0
"73,68","888,238458","0,757258",,0,0,0,0,0
"73,681","887,238458","0,757258",,0,0,0,0,0
"73,682","887,238458","-0,242742",,0,0,0,0,0
"73,683","889,238458","-2,242742",,0,0,0,0,0
"73,684","887,238458","-1,242742",,0,0,0,0,0
"73,685","887,238458","-0,242742",,0,0,0,0,0
"73,686","886,238458","0,757258",,0,0,0,0,0
"73,687","886,238458","-3,242742",,0,0,0,0,0
"73,688","887,238458","-2,242742",,0,0,0,0,0
"73,689","887,238458","-4,242742",,0,0,0,0,0
"73,69","887,238458","-0,242742",,0,0,0,0,0
"73,691","886,238458","-0,242742",,0,0,0,0,0
"73,692","885,238458","-0,242742",,0,0,0,0,0
"73,693","885,238458","-0,242742",,0,0,0,0,0
"73,694","886,238458","0,757258",,0,0,0,0,0
"73,695","888,238458","-0,242742",,0,0,0,0,0
"73,696","886,238458","0,757258",,0,0,0,0,0
"73,697","886,238458","1,757258",,0,0,0,0,0
"73,698","886,238458","1,757258",,0,0,0,0,0
"73,699","884,238458","-0,242742",,0,0,0,0,0
"73,7","886,238458","-0,242742",,0,0,0,0,0
"73,701","884,238458","0,757258",,0,0,0,0,0
"73,702","884,238458","-1,242742",,0,0,0,0,0
"73,703","884,238458","-2,242742",,0,0,0,0,0
"73,704","885,238458","-0,242742",,0,0,0,0,0
"73,705","884,238458","0,757258",,0,0,0,0,0
"73,706","885,238458","0,757258",,0,0,0,0,0
"73,707","885,238458","-1,242742",,0,0,0,0,0
"73,708","885,238458","1,757258",,0,0,0,0,0
"73,709","886,238458","-0,242742",,0,0,0,0,0
"73,71","885,238458","-1,242742",,0,0,0,0,0
"73,711","886,238458","0,757258",,0,0,0,0,0
"73,712","885,238458","-1,242742",,0,0,0,0,0
"73,713","886,238458","-0,242742",,0,0,0,0,0
"73,714","886,238458","-2,242742",,0,0,0,0,0
"73,715","886,238458","-0,242742",,0,0,0,0,0
"73,716","884,238458","0,757258",,0,0,0,0,0
"73,717","886,238458","-0,242742",,0,0,0,0,0
"73,718","889,238458","-2,242742",,0,0,0,0,0
"73,719","887,238458","-0,242742",,0,0,0,0,0
"73,72","888,238458","-1,242742",,0,0,0,0,0
"73,721","887,238458","-1,242742",,0,0,0,0,0
"73,722","887,238458","-0,242742",,0,0,0,0,0
"73,723","889,238458","-0,242742",,0,0,0,0,0
"73,724","889,238458","-0,242742",,0,0,0,0,0
"73,725","888,238458","-1,242742",,0,0,0,0,0
"73,726","890,238458","3,757258",,0,0,0,0,0
"73,727","890,238458","-1,242742",,0,0,0,0,0
"73,728","891,238458","-2,242742",,0,0,0,0,0
"73,729","892,238458","-0,242742",,0,0,0,0,0
"73,73","892,238458","-0,242742",,0,0,0,0,0
"73,731","891,238458","-0,242742",,0,0,0,0,0
"73,732","893,238458","-0,242742",,0,0,0,0,0
"73,733","894,238458","-1,242742",,0,0,0,0,0
"73,734","893,238458","0,757258",,0,0,0,0,0
"73,735","892,238458","0,757258",,0,0,0,0,0
"73,736","895,238458","-2,242742",,0,0,0,0,0
"73,737","894,238458","1,757258",,0,0,0,0,0
"73,738","893,238458","0,757258",,0,0,0,0,0
"73,739","896,238458","-0,242742",,0,0,0,0,0
"73,74","894,238458","-1,242742",,0,0,0,0,0
"73,741","895,238458","-1,242742",,0,0,0,0,0
"73,742","893,238458","-0,242742",,0,0,0,0,0
"73,743","894,238458","-1,242742",,0,0,0,0,0
"73,744","895,238458","-0,242742",,0,0,0,0,0
"73,745","895,238458","0,757258",,0,0,0,0,0
"73,746","897,238458","-1,242742",,0,0,0,0,0
"73,747","895,238458","-1,242742",,0,0,0,0,0
"73,748","896,238458","-1,242742",,0,0,0,0,0
"73,749","897,238458","-0,242742",,0,0,0,0,0
"73,75","896,238458","0,757258",,0,0,0,0,0
"73,751","896,238458","-1,242742",,0,0,0,0,0
"73,752","894,238458","-0,242742",,0,0,0,0,0
"73,753","898,238458","-2,242742",,0,0,0,0,0
"73,754","895,238458","-0,242742",,0,0,0,0,0
"73,755","896,238458","-1,242742",,0,0,0,0,0
"73,756","897,238458","0,757258",,0,0,0,0,0
"73,757","895,238458","1,757258",,0,0,0,0,0
"73,758","896,238458","-1,242742",,0,0,0,0,0
"73,759","896,238458","-0,242742",,0,0,0,0,0
"73,76","896,238458","-0,242742",,0,0,0,0,0
"73,761","893,238458","-0,242742",,0,0,0,0,0
"73,762","894,238458","-0,242742",,0,0,0,0,0
"73,763","895,238458","0,757258",,0,0,0,0,0
"73,764","893,238458","-0,242742",,0,0,0,0,0
"73,765","894,238458","-0,242742",,0,0,0,0,0
"73,766","892,238458","-1,242742",,0,0,0,0,0
"73,767","893,238458","1,757258",,0,0,0,0,0
"73,768","891,238458","-0,242742",,0,0,0,0,0
"73,769","890,238458","-0,242742",,0,0,0,0,0
"73,77","893,238458","0,757258",,0,0,0,0,0
"73,771","891,238458","-0,242742",,0,0,0,0,0
"73,772","892,238458","-2,242742",,0,0,0,0,0
"73,773","890,238458","-0,242742",,0,0,0,0,0
"73,774","890,238458","-0,242742",,0,0,0,0,0
"73,775","891,238458","-3,242742",,0,0,0,0,0
"73,776","889,238458","2,757258",,0,0,0,0,0
"73,777","888,238458","-1,242742",,0,0,0,0,0
"73,778","889,238458","-1,242742",,0,0,0,0,0
"73,779","889,238458","-0,242742",,0,0,0,0,0
"73,78","887,238458","-1,242742",,0,0,0,0,0
"73,781","887,238458","-0,242742",,0,0,0,0,0
"73,782","887,238458","-0,242742",,0,0,0,0,0
"73,783","886,238458","-1,242742",,0,0,0,0,0
"73,784","887,238458","-0,242742",,0,0,0,0,0
"73,785","887,238458","-2,242742",,0,0,0,0,0
"73,786","886,238458","0,757258",,0,0,0,0,0
"73,787","885,238458","-0,242742",,0,0,0,0,0
"73,788","885,238458","-0,242742",,0,0,0,0,0
"73,789","887,238458","-1,242742",,0,0,0,0,0
"73,79","886,238458","0,757258",,0,0,0,0,0
"73,791","886,238458","0,757258",,0,0,0,0,0
"73,792","887,238458","-1,242742",,0,0,0,0,0
"73,793","886,238458","0,757258",,0,0,0,0,0
"73,794","887,238458","-0,242742",,0,0,0,0,0
"73,795","888,238458","-1,242742",,0,0,0,0,0
"73,796","887,238458","0,757258",,0,0,0,0,0
"73,797","885,238458","-1,242742",,0,0,0,0,0
"73,798","886,238458","-0,242742",,0,0,0,0,0
"73,799","884,238458","-0,242742",,0,0,0,0,0
"73,8","888,238458","-2,242742",,0,0,0,0,0
"73,801","886,238458","-0,242742",,0,0,0,0,0
"73,802","884,238458","-0,242742",,0,0,0,0,0
"73,803","888,238458","-0,242742",,0,0,0,0,0
"73,804","885,238458","-1,242742",,0,0,0,0,0
"73,805","887,238458","-0,242742",,0,0,0,0,0
"73,806","886,238458","-0,242742",,0,0,0,0,0
"73,807","885,238458","-0,242742",,0,0,0,0,0
"73,808","885,238458","0,757258",,0,0,0,0,0
"73,809","887,238458","-0,242742",,0,0,0,0,0
"73,81","885,238458","-1,242742",,0,0,0,0,0
"73,811","885,238458","-0,242742",,0,0,0,0,0
"73,812","886,238458","2,757258",,0,0,0,0,0
"73,813","887,238458","-2,242742",,0,0,0,0,0
"73,814","887,238458","-2,242742",,0,0,0,0,0
"73,815","887,238458","-0,242742",,0,0,0,0,0
"73,816","886,238458","-1,242742",,0,0,0,0,0
"73,817","888,238458","-1,242742",,0,0,0,0,0
"73,818","889,238458","0,757258",,0,0,0,0,0
"73,819","888,238458","-0,242742",,0,0,0,0,0
"73,82","888,238458","-0,242742",,0,0,0,0,0
"73,821","888,238458","-0,242742",,0,0,0,0,0
"73,822","887,238458","-1,242742",,0,0,0,0,0
"73,823","889,238458","-1,242742",,0,0,0,0,0
"73,824","888,238458","-1,242742",,0,0,0,0,0
"73,825","890,238458","0,757258",,0,0,0,0,0
"73,826","888,238458","1,757258",,0,0,0,0,0
"73,827","892,238458","-0,242742",,0,0,0,0,0
"73,828","888,238458","-1,242742",,0,0,0,0,0
"73,829","886,238458","-0,242742",,0,0,0,0,0
"73,83","888,238458","-0,242742",,0,0,0,0,0
"73,831","888,238458","-1,242742",,0,0,0,0,0
"73,832","889,238458","-2,242742",,0,0,0,0,0
"73,833","888,238458","-2,242742",,0,0,0,0,0
"73,834","888,238458","-0,242742",,0,0,0,0,0
"73,835","889,238458","-1,242742",,0,0,0,0,0
"73,836","888,238458","1,757258",,0,0,0,0,0
"73,837","887,238458","-0,242742",,0,0,0,0,0
"73,838","889,238458","-1,242742",,0,0,0,0,0
"73,839","887,238458","-1,242742",,0,0,0,0,0
"73,84","887,238458","-0,242742",,0,0,0,0,0
"73,841","887,238458","0,757258",,0,0,0,0,0
"73,842","886,238458","1,757258",,0,0,0,0,0
"73,843","887,238458","1,757258",,0,0,0,0,0
"73,844","885,238458","0,757258",,0,0,0,0,0
"73,845","885,238458","-2,242742",,0,0,0,0,0
"73,846","885,238458","-1,242742",,0,0,0,0,0
"73,847","888,238458","-0,242742",,0,0,0,0,0
"73,848","887,238458","-0,242742",,0,0,0,0,0
"73,849","885,238458","-0,242742",,0,0,0,0,0
"73,85","883,238458","-1,242742",,0,0,0,0,0
"73,851","882,238458","-1,242742",,0,0,0,0,0
"73,852","883,238458","-0,242742",,0,0,0,0,0
"73,853","881,238458","-0,242742",,0,0,0,0,0
"73,854","883,238458","0,757258",,0,0,0,0,0
"73,855","882,238458","-0,242742",,0,0,0,0,0
"73,856","883,238458","-0,242742",,0,0,0,0,0
"73,857","880,238458","-1,242742",,0,0,0,0,0
"73,858","882,238458","1,757258",,0,0,0,0,0
"73,859","877,238458","0,757258",,0,0,0,0,0
"73,86","878,238458","-2,242742",,0,0,0,0,0
"73,861","878,238458","0,757258",,0,0,0,0,0
"73,862","878,238458","0,757258",,0,0,0,0,0
"73,863","877,238458","2,757258",,0,0,0,0,0
"73,864","877,238458","1,757258",,0,0,0,0,0
"73,865","879,238458","0,757258",,0,0,0,0,0
"73,866","877,238458","-2,242742",,0,0,0,0,0
"73,867","879,238458","-0,242742",,0,0,0,0,0
"73,868","876,238458","-0,242742",,0,0,0,0,0
"73,869","877,238458","0,757258",,0,0,0,0,0
"73,87","878,238458","-1,242742",,0,0,0,0,0
"73,871","875,238458","-0,242742",,0,0,0,0,0
"73,872","877,238458","-2,242742",,0,0,0,0,0
"73,873","874,238458","-1,242742",,0,0,0,0,0
"73,874","875,238458","-1,242742",,0,0,0,0,0
"73,875","876,238458","-1,242742",,0,0,0,0,0
"73,876","875,238458","-2,242742",,0,0,0,0,0
"73,877","877,238458","-0,242742",,0,0,0,0,0
"73,878","876,238458","-0,242742",,0,0,0,0,0
"73,879","875,238458","-2,242742",,0,0,0,0,0
"73,88","877,238458","0,757258",,0,0,0,0,0
"73,881","874,238458","-1,242742",,0,0,0,0,0
"73,882","878,238458","-0,242742",,0,0,0,0,0
"73,883","876,238458","0,757258",,0,0,0,0,0
"73,884","877,238458","0,757258",,0,0,0,0,0
"73,885","878,238458","-1,242742",,0,0,0,0,0
"73,886","877,238458","-1,242742",,0,0,0,0,0
"73,887","879,238458","-1,242742",,0,0,0,0,0
"73,888","879,238458","0,757258",,0,0,0,0,0
"73,889","877,238458","-1,242742",,0,0,0,0,0
"73,89","881,238458","0,757258",,0,0,0,0,0
"73,891","879,238458","-1,242742",,0,0,0,0,0
"73,892","881,238458","-0,242742",,0,0,0,0,0
"73,893","881,238458","-1,242742",,0,0,0,0,0
"73,894","881,238458","-1,242742",,0,0,0,0,0
"73,895","882,238458","-0,242742",,0,0,0,0,0
"73,896","883,238458","-0,242742",,0,0,0,0,0
"73,897","881,238458","-0,242742",,0,0,0,0,0
"73,898","882,238458","1,757258",,0,0,0,0,0
"73,899","884,238458","-2,242742",,0,0,0,0,0
"73,9","885,238458","-0,242742",,0,0,0,0,0
"73,901","884,238458","1,757258",,0,0,0,0,0
"73,902","885,238458","2,757258",,0,0,0,0,0
"73,903","884,238458","-0,242742",,0,0,0,0,0
"73,904","884,238458","1,757258",,0,0,0,0,0
"73,905","887,238458","-0,242742",,0,0,0,0,0
"73,906","886,238458","1,757258",,0,0,0,0,0
"73,907","886,238458","-0,242742",,0,0,0,0,0
"73,908","884,238458","-1,242742",,0,0,0,0,0
"73,909","887,238458","0,757258",,0,0,0,0,0
"73,91","886,238458","-0,242742",,0,0,0,0,0
"73,911","887,238458","1,757258",,0,0,0,0,0
"73,912","886,238458","-1,242742",,0,0,0,0,0
"73,913","887,238458","-2,242742",,0,0,0,0,0
"73,914","885,238458","0,757258",,0,0,0,0,0
"73,915","887,238458","-1,242742",,0,0,0,0,0
"73,916","886,238458","-1,242742",,0,0,0,0,0
"73,917","885,238458","-1,242742",,0,0,0,0,0
"73,918","887,238458","0,757258",,0,0,0,0,0
"73,919","886,238458","0,757258",,0,0,0,0,0
"73,92","885,238458","-1,242742",,0,0,0,0,0
"73,921","887,238458","-0,242742",,0,0,0,0,0
"73,922","886,238458","-0,242742",,0,0,0,0,0
"73,923","887,238458","-1,242742",,0,0,0,0,0
"73,924","887,238458","-1,242742",,0,0,0,0,0
"73,925","886,238458","-1,242742",,0,0,0,0,0
"73,926","887,238458","-2,242742",,0,0,0,0,0
"73,927","885,238458","-0,242742",,0,0,0,0,0
"73,928","886,238458","-1,242742",,0,0,0,0,0
"73,929","886,238458","-0,242742",,0,0,0,0,0
"73,93","884,238458","-0,242742",,0,0,0,0,0
"73,931","887,238458","-0,242742",,0,0,0,0,0
"73,932","888,238458","-0,242742",,0,0,0,0,0
"73,933","887,238458","-0,242742",,0,0,0,0,0
"73,934","886,238458","0,757258",,0,0,0,0,0
"73,935","887,238458","-0,242742",,0,0,0,0,0
"73,936","889,238458","-1,242742",,0,0,0,0,0
"73,937","886,238458","-0,242742",,0,0,0,0,0
"73,938","890,238458","-1,242742",,0,0,0,0,0
"73,939","887,238458","-0,242742",,0,0,0,0,0
"73,94","886,238458","-0,242742",,0,0,0,0,0
"73,941","888,238458","0,757258",,0,0,0,0,0
"73,942","888,238458","-1,242742",,0,0,0,0,0
"73,943","887,238458","-0,242742",,0,0,0,0,0
"73,944","888,238458","-0,242742",,0,0,0,0,0
"73,945","886,238458","-0,242742",,0,0,0,0,0
"73,946","887,238458","0,757258",,0,0,0,0,0
"73,947","887,238458","0,757258",,0,0,0,0,0
"73,948","889,238458","0,757258",,0,0,0,0,0
"73,949","887,238458","-1,242742",,0,0,0,0,0
"73,95","891,238458","-1,242742",,0,0,0,0,0
"73,951","887,238458","0,757258",,0,0,0,0,0
"73,952","887,238458","-0,242742",,0,0,0,0,0
"73,953","889,238458","-2,242742",,0,0,0,0,0
"73,954","888,238458","-0,242742",,0,0,0,0,0
"73,955","886,238458","-1,242742",,0,0,0,0,0
"73,956","890,238458","1,757258",,0,0,0,0,0
"73,957","885,238458","1,757258",,0,0,0,0,0
"73,958","888,238458","-0,242742",,0,0,0,0,0
"73,959","889,238458","-0,242742",,0,0,0,0,0
"73,96","889,238458","-2,242742",,0,0,0,0,0
"73,961","887,238458","-0,242742",,0,0,0,0,0
"73,962","888,238458","-0,242742",,0,0,0,0,0
"73,963","889,238458","-2,242742",,0,0,0,0,0
"73,964","887,238458","-1,242742",,0,0,0,0,0
"73,965","888,238458","1,757258",,0,0,0,0,0
"73,966","887,238458","-1,242742",,0,0,0,0,0
"73,967","885,238458","1,757258",,0,0,0,0,0
"73,968","886,238458","-2,242742",,0,0,0,0,0
"73,969","889,238458","-1,242742",,0,0,0,0,0
"73,97","886,238458","-1,242742",,0,0,0,0,0
"73,971","887,238458","-1,242742",,0,0,0,0,0
"73,972","887,238458","-0,242742",,0,0,0,0,0
"73,973","887,238458","-2,242742",,0,0,0,0,0
"73,974","885,238458","0,757258",,0,0,0,0,0
"73,975","887,238458","0,757258",,0,0,0,0,0
"73,976","887,238458","-2,242742",,0,0,0,0,0
"73,977","886,238458","-1,242742",,0,0,0,0,0
"73,978","886,238458","-0,242742",,0,0,0,0,0
"73,979","888,238458","2,757258",,0,0,0,0,0
"73,98","887,238458","-1,242742",,0,0,0,0,0
"73,981","886,238458","1,757258",,0,0,0,0,0
"73,982","888,238458","1,757258",,0,0,0,0,0
"73,983","887,238458","-0,242742",,0,0,0,0,0
"73,984","889,238458","-2,242742",,0,0,0,0,0
"73,985","887,238458","-1,242742",,0,0,0,0,0
"73,986","888,238458","-1,242742",,0,0,0,0,0
"73,987","887,238458","-1,242742",,0,0,0,0,0
"73,988","889,238458","-0,242742",,0,0,0,0,0
"73,989","888,238458","-1,242742",,0,0,0,0,0
"73,99","888,238458","-1,242742",,0,0,0,0,0
"73,991","889,238458","0,757258",,0,0,0,0,0
"73,992","888,238458","-1,242742",,0,0,0,0,0
"73,993","888,238458","0,757258",,0,0,0,0,0
"73,994","890,238458","-0,242742",,0,0,0,0,0
"73,995","889,238458","-0,242742",,0,0,0,0,0
"73,996","890,238458","-0,242742",,0,0,0,0,0
"73,997","889,238458","-0,242742",,0,0,0,0,0
"73,998","889,238458","1,757258",,0,0,0,0,0
"73,999","890,238458","-1,242742",,0,0,0,0,0
74,"892,238458","-0,242742",,0,0,0,0,0
"74,001","890,238458","0,757258",,0,0,0,0,0
"74,002","893,238458","-0,242742",,0,0,0,0,0
"74,003","890,238458","-1,242742",,0,0,0,0,0
"74,004","892,238458","-0,242742",,0,0,0,0,0
"74,005","892,238458","-0,242742",,0,0,0,0,0
"74,006","892,238458","-2,242742",,0,0,0,0,0
"74,007","891,238458","-0,242742",,0,0,0,0,0
"74,008","892,238458","-0,242742",,0,0,0,0,0
"74,009","893,238458","-1,242742",,0,0,0,0,0
"74,01","891,238458","-0,242742",,0,0,0,0,0
"74,011","892,238458","-1,242742",,0,0,0,0,0
"74,012","892,238458","-0,242742",,0,0,0,0,0
"74,013","892,238458","-1,242742",,0,0,0,0,0
"74,014","890,238458","-1,242742",,0,0,0,0,0
"74,015","890,238458","-0,242742",,0,0,0,0,0
"74,016","891,238458","0,757258",,0,0,0,0,0
"74,017","895,238458","-2,242742",,0,0,0,0,0
"74,018","891,238458","-0,242742",,0,0,0,0,0
"74,019","892,238458","0,757258",,0,0,0,0,0
"74,02","891,238458","1,757258",,0,0,0,0,0
"74,021","890,238458","-1,242742",,0,0,0,0,0
"74,022","891,238458","0,757258",,0,0,0,0,0
"74,023","890,238458","0,757258",,0,0,0,0,0
"74,024","890,238458","-1,242742",,0,0,0,0,0
"74,025","888,238458","0,757258",,0,0,0,0,0
"74,026","888,238458","-0,242742",,0,0,0,0,0
"74,027","888,238458","-1,242742",,0,0,0,0,0
"74,028","887,238458","-2,242742",,0,0,0,0,0
"74,029","888,238458","2,757258",,0,0,0,0,0
"74,03","886,238458","-1,242742",,0,0,0,0,0
"74,031","889,238458","-1,242742",,0,0,0,0,0
"74,032","888,238458","-2,242742",,0,0,0,0,0
"74,033","888,238458","-0,242742",,0,0,0,0,0
"74,034","888,238458","-1,242742",,0,0,0,0,0
"74,035","888,238458","-0,242742",,0,0,0,0,0
"74,036","887,238458","-0,242742",,0,0,0,0,0
"74,037","886,238458","-1,242742",,0,0,0,0,0
"74,038","886,238458","-0,242742",,0,0,0,0,0
"74,039","886,238458","-0,242742",,0,0,0,0,0
"74,04","886,238458","0,757258",,0,0,0,0,0
"74,041","885,238458","-0,242742",,0,0,0,0,0
"74,042","885,238458","-2,242742",,0,0,0,0,0
"74,043","884,238458","1,757258",,0,0,0,0,0
"74,044","885,238458","0,757258",,0,0,0,0,0
"74,045","886,238458","-1,242742",,0,0,0,0,0
"74,046","886,238458","0,757258",,0,0,0,0,0
"74,047","885,238458","0,757258",,0,0,0,0,0
"74,048","885,238458","-0,242742",,0,0,0,0,0
"74,049","886,238458","-1,242742",,0,0,0,0,0
"74,05","884,238458","-1,242742",,0,0,0,0,0
"74,051","886,238458","-0,242742",,0,0,0,0,0
"74,052","886,238458","-1,242742",,0,0,0,0,0
"74,053","886,238458","-0,242742",,0,0,0,0,0
"74,054","886,238458","1,757258",,0,0,0,0,0
"74,055","886,238458","0,757258",,0,0,0,0,0
"74,056","887,238458","-3,242742",,0,0,0,0,0
"74,057","887,238458","0,757258",,0,0,0,0,0
"74,058","887,238458","-1,242742",,0,0,0,0,0
"74,059","887,238458","0,757258",,0,0,0,0,0
"74,06","887,238458","0,757258",,0,0,0,0,0
"74,061","887,238458","-0,242742",,0,0,0,0,0
"74,062","889,238458","-0,242742",,0,0,0,0,0
"74,063","887,238458","0,757258",,0,0,0,0,0
"74,064","888,238458","0,757258",,0,0,0,0,0
"74,065","887,238458","-1,242742",,0,0,0,0,0
"74,066","890,238458","-0,242742",,0,0,0,0,0
"74,067","889,238458","1,757258",,0,0,0,0,0
"74,068","891,238458","-2,242742",,0,0,0,0,0
"74,069","890,238458","0,757258",,0,0,0,0,0
"74,07","888,238458","-0,242742",,0,0,0,0,0
"74,071","891,238458","0,757258",,0,0,0,0,0
"74,072","891,238458","-0,242742",,0,0,0,0,0
"74,073","890,238458","1,757258",,0,0,0,0,0
"74,074","892,238458","0,757258",,0,0,0,0,0
"74,075","893,238458","-0,242742",,0,0,0,0,0
"74,076","891,238458","-0,242742",,0,0,0,0,0
"74,077","891,238458","-0,242742",,0,0,0,0,0
"74,078","892,238458","0,757258",,0,0,0,0,0
"74,079","893,238458","0,757258",,0,0,0,0,0
"74,08","893,238458","-0,242742",,0,0,0,0,0
"74,081","895,238458","-1,242742",,0,0,0,0,0
"74,082","894,238458","-2,242742",,0,0,0,0,0
"74,083","896,238458","-1,242742",,0,0,0,0,0
"74,084","893,238458","-1,242742",,0,0,0,0,0
"74,085","896,238458","-1,242742",,0,0,0,0,0
"74,086","894,238458","-1,242742",,0,0,0,0,0
"74,087","894,238458","-2,242742",,0,0,0,0,0
"74,088","892,238458","0,757258",,0,0,0,0,0
"74,089","893,238458","1,757258",,0,0,0,0,0
"74,09","894,238458","-0,242742",,0,0,0,0,0
"74,091","895,238458","-1,242742",,0,0,0,0,0
"74,092","895,238458","-2,242742",,0,0,0,0,0
"74,093","897,238458","-1,242742",,0,0,0,0,0
"74,094","896,238458","0,757258",,0,0,0,0,0
"74,095","896,238458","-0,242742",,0,0,0,0,0
"74,096","894,238458","-2,242742",,0,0,0,0,0
"74,097","895,238458","-0,242742",,0,0,0,0,0
"74,098","894,238458","-2,242742",,0,0,0,0,0
"74,099","896,238458","0,757258",,0,0,0,0,0
"74,1","897,238458","-0,242742",,0,0,0,0,0
"74,101","897,238458","1,757258",,0,0,0,0,0
"74,102","897,238458","-1,242742",,0,0,0,0,0
"74,103","897,238458","1,757258",,0,0,0,0,0
"74,104","897,238458","-0,242742",,0,0,0,0,0
"74,105","896,238458","0,757258",,0,0,0,0,0
"74,106","898,238458","0,757258",,0,0,0,0,0
"74,107","899,238458","-1,242742",,0,0,0,0,0
"74,108","898,238458","1,757258",,0,0,0,0,0
"74,109","901,238458","-2,242742",,0,0,0,0,0
"74,11","899,238458","-0,242742",,0,0,0,0,0
"74,111","899,238458","-2,242742",,0,0,0,0,0
"74,112","899,238458","1,757258",,0,0,0,0,0
"74,113","901,238458","-1,242742",,0,0,0,0,0
"74,114","901,238458","-1,242742",,0,0,0,0,0
"74,115","902,238458","-1,242742",,0,0,0,0,0
"74,116","902,238458","-0,242742",,0,0,0,0,0
"74,117","902,238458","0,757258",,0,0,0,0,0
"74,118","902,238458","-1,242742",,0,0,0,0,0
"74,119","902,238458","-0,242742",,0,0,0,0,0
"74,12","900,238458","-1,242742",,0,0,0,0,0
"74,121","903,238458","-1,242742",,0,0,0,0,0
"74,122","902,238458","-0,242742",,0,0,0,0,0
"74,123","903,238458","-1,242742",,0,0,0,0,0
"74,124","900,238458","-1,242742",,0,0,0,0,0
"74,125","903,238458","-1,242742",,0,0,0,0,0
"74,126","901,238458","0,757258",,0,0,0,0,0
"74,127","902,238458","-2,242742",,0,0,0,0,0
"74,128","900,238458","-0,242742",,0,0,0,0,0
"74,129","902,238458","-1,242742",,0,0,0,0,0
"74,13","901,238458","-0,242742",,0,0,0,0,0
"74,131","900,238458","-1,242742",,0,0,0,0,0
"74,132","900,238458","-0,242742",,0,0,0,0,0
"74,133","900,238458","-0,242742",,0,0,0,0,0
"74,134","902,238458","0,757258",,0,0,0,0,0
"74,135","900,238458","-1,242742",,0,0,0,0,0
"74,136","900,238458","-1,242742",,0,0,0,0,0
"74,137","900,238458","-1,242742",,0,0,0,0,0
"74,138","897,238458","-0,242742",,0,0,0,0,0
"74,139","895,238458","-0,242742",,0,0,0,0,0
"74,14","901,238458","-1,242742",,0,0,0,0,0
"74,141","899,238458","1,757258",,0,0,0,0,0
"74,142","898,238458","-2,242742",,0,0,0,0,0
"74,143","898,238458","-2,242742",,0,0,0,0,0
"74,144","900,238458","-2,242742",,0,0,0,0,0
"74,145","895,238458","0,757258",,0,0,0,0,0
"74,146","896,238458","-2,242742",,0,0,0,0,0
"74,147","898,238458","-1,242742",,0,0,0,0,0
"74,148","897,238458","-0,242742",,0,0,0,0,0
"74,149","897,238458","-0,242742",,0,0,0,0,0
"74,15","898,238458","-0,242742",,0,0,0,0,0
"74,151","896,238458","-1,242742",,0,0,0,0,0
"74,152","899,238458","1,757258",,0,0,0,0,0
"74,153","897,238458","-0,242742",,0,0,0,0,0
"74,154","899,238458","1,757258",,0,0,0,0,0
"74,155","897,238458","0,757258",,0,0,0,0,0
"74,156","899,238458","-1,242742",,0,0,0,0,0
"74,157","898,238458","0,757258",,0,0,0,0,0
"74,158","896,238458","-1,242742",,0,0,0,0,0
"74,159","896,238458","-0,242742",,0,0,0,0,0
"74,16","896,238458","-1,242742",,0,0,0,0,0
"74,161","898,238458","2,757258",,0,0,0,0,0
"74,162","898,238458","1,757258",,0,0,0,0,0
"74,163","898,238458","-1,242742",,0,0,0,0,0
"74,164","898,238458","-1,242742",,0,0,0,0,0
"74,165","897,238458","-0,242742",,0,0,0,0,0
"74,166","898,238458","-0,242742",,0,0,0,0,0
"74,167","897,238458","-2,242742",,0,0,0,0,0
"74,168","896,238458","-1,242742",,0,0,0,0,0
"74,169","896,238458","0,757258",,0,0,0,0,0
"74,17","899,238458","-1,242742",,0,0,0,0,0
"74,171","897,238458","-0,242742",,0,0,0,0,0
"74,172","897,238458","-2,242742",,0,0,0,0,0
"74,173","898,238458","-0,242742",,0,0,0,0,0
"74,174","899,238458","0,757258",,0,0,0,0,0
"74,175","898,238458","-0,242742",,0,0,0,0,0
"74,176","899,238458","0,757258",,0,0,0,0,0
"74,177","897,238458","-0,242742",,0,0,0,0,0
"74,178","898,238458","0,757258",,0,0,0,0,0
"74,179","898,238458","-1,242742",,0,0,0,0,0
"74,18","896,238458","-0,242742",,0,0,0,0,0
"74,181","896,238458","-0,242742",,0,0,0,0,0
"74,182","897,238458","-1,242742",,0,0,0,0,0
"74,183","895,238458","-0,242742",,0,0,0,0,0
"74,184","895,238458","-2,242742",,0,0,0,0,0
"74,185","896,238458","-3,242742",,0,0,0,0,0
"74,186","896,238458","-3,242742",,0,0,0,0,0
"74,187","895,238458","-2,242742",,0,0,0,0,0
"74,188","895,238458","-1,242742",,0,0,0,0,0
"74,189","895,238458","-0,242742",,0,0,0,0,0
"74,19","892,238458","-2,242742",,0,0,0,0,0
"74,191","894,238458","-0,242742",,0,0,0,0,0
"74,192","893,238458","-1,242742",,0,0,0,0,0
"74,193","893,238458","0,757258",,0,0,0,0,0
"74,194","891,238458","-0,242742",,0,0,0,0,0
"74,195","893,238458","-0,242742",,0,0,0,0,0
"74,196","894,238458","-1,242742",,0,0,0,0,0
"74,197","891,238458","-3,242742",,0,0,0,0,0
"74,198","892,238458","0,757258",,0,0,0,0,0
"74,199","891,238458","-1,242742",,0,0,0,0,0
"74,2","891,238458","-2,242742",,0,0,0,0,0
"74,201","890,238458","-0,242742",,0,0,0,0,0
"74,202","889,238458","-0,242742",,0,0,0,0,0
"74,203","887,238458","-2,242742",,0,0,0,0,0
"74,204","890,238458","-0,242742",,0,0,0,0,0
"74,205","889,238458","1,757258",,0,0,0,0,0
"74,206","887,238458","-1,242742",,0,0,0,0,0
"74,207","887,238458","-0,242742",,0,0,0,0,0
"74,208","885,238458","-1,242742",,0,0,0,0,0
"74,209","885,238458","-2,242742",,0,0,0,0,0
"74,21","885,238458","-0,242742",,0,0,0,0,0
"74,211","885,238458","-1,242742",,0,0,0,0,0
"74,212","884,238458","0,757258",,0,0,0,0,0
"74,213","885,238458","-1,242742",,0,0,0,0,0
"74,214","885,238458","1,757258",,0,0,0,0,0
"74,215","884,238458","-0,242742",,0,0,0,0,0
"74,216","883,238458","-0,242742",,0,0,0,0,0
"74,217","885,238458","-0,242742",,0,0,0,0,0
"74,218","883,238458","-0,242742",,0,0,0,0,0
"74,219","886,238458","-0,242742",,0,0,0,0,0
"74,22","883,238458","1,757258",,0,0,0,0,0
"74,221","884,238458","-1,242742",,0,0,0,0,0
"74,222","883,238458","0,757258",,0,0,0,0,0
"74,223","882,238458","1,757258",,0,0,0,0,0
"74,224","885,238458","-0,242742",,0,0,0,0,0
"74,225","885,238458","-0,242742",,0,0,0,0,0
"74,226","884,238458","-1,242742",,0,0,0,0,0
"74,227","885,238458","0,757258",,0,0,0,0,0
"74,228","886,238458","-0,242742",,0,0,0,0,0
"74,229","887,238458","-1,242742",,0,0,0,0,0
"74,23","887,238458","-0,242742",,0,0,0,0,0
"74,231","888,238458","-0,242742",,0,0,0,0,0
"74,232","889,238458","-0,242742",,0,0,0,0,0
"74,233","887,238458","0,757258",,0,0,0,0,0
"74,234","888,238458","-1,242742",,0,0,0,0,0
"74,235","888,238458","1,757258",,0,0,0,0,0
"74,236","890,238458","-1,242742",,0,0,0,0,0
"74,237","892,238458","0,757258",,0,0,0,0,0
"74,238","890,238458","-1,242742",,0,0,0,0,0
"74,239","889,238458","-1,242742",,0,0,0,0,0
"74,24","893,238458","0,757258",,0,0,0,0,0
"74,241","892,238458","1,757258",,0,0,0,0,0
"74,242","894,238458","-1,242742",,0,0,0,0,0
"74,243","894,238458","-1,242742",,0,0,0,0,0
"74,244","894,238458","1,757258",,0,0,0,0,0
"74,245","897,238458","-2,242742",,0,0,0,0,0
"74,246","897,238458","-1,242742",,0,0,0,0,0
"74,247","898,238458","-0,242742",,0,0,0,0,0
"74,248","899,238458","2,757258",,0,0,0,0,0
"74,249","901,238458","1,757258",,0,0,0,0,0
"74,25","900,238458","-0,242742",,0,0,0,0,0
"74,251","899,238458","0,757258",,0,0,0,0,0
"74,252","902,238458","-2,242742",,0,0,0,0,0
"74,253","905,238458","-0,242742",,0,0,0,0,0
"74,254","905,238458","0,757258",,0,0,0,0,0
"74,255","905,238458","-0,242742",,0,0,0,0,0
"74,256","903,238458","0,757258",,0,0,0,0,0
"74,257","905,238458","-1,242742",,0,0,0,0,0
"74,258","906,238458","0,757258",,0,0,0,0,0
"74,259","907,238458","-0,242742",,0,0,0,0,0
"74,26","905,238458","-0,242742",,0,0,0,0,0
"74,261","905,238458","0,757258",,0,0,0,0,0
"74,262","906,238458","-1,242742",,0,0,0,0,0
"74,263","906,238458","-0,242742",,0,0,0,0,0
"74,264","909,238458","-1,242742",,0,0,0,0,0
"74,265","905,238458","-0,242742",,0,0,0,0,0
"74,266","905,238458","-1,242742",,0,0,0,0,0
"74,267","906,238458","-2,242742",,0,0,0,0,0
"74,268","905,238458","-1,242742",,0,0,0,0,0
"74,269","905,238458","-2,242742",,0,0,0,0,0
"74,27","906,238458","-0,242742",,0,0,0,0,0
"74,271","906,238458","-0,242742",,0,0,0,0,0
"74,272","904,238458","0,757258",,0,0,0,0,0
"74,273","904,238458","1,757258",,0,0,0,0,0
"74,274","902,238458","-0,242742",,0,0,0,0,0
"74,275","904,238458","0,757258",,0,0,0,0,0
"74,276","903,238458","-0,242742",,0,0,0,0,0
"74,277","901,238458","-0,242742",,0,0,0,0,0
"74,278","903,238458","-2,242742",,0,0,0,0,0
"74,279","899,238458","1,757258",,0,0,0,0,0
"74,28","899,238458","-1,242742",,0,0,0,0,0
"74,281","898,238458","-0,242742",,0,0,0,0,0
"74,282","896,238458","-0,242742",,0,0,0,0,0
"74,283","897,238458","-0,242742",,0,0,0,0,0
"74,284","896,238458","-1,242742",,0,0,0,0,0
"74,285","894,238458","1,757258",,0,0,0,0,0
"74,286","893,238458","-0,242742",,0,0,0,0,0
"74,287","893,238458","-0,242742",,0,0,0,0,0
"74,288","893,238458","0,757258",,0,0,0,0,0
"74,289","893,238458","-0,242742",,0,0,0,0,0
"74,29","891,238458","0,757258",,0,0,0,0,0
"74,291","890,238458","-0,242742",,0,0,0,0,0
"74,292","889,238458","-0,242742",,0,0,0,0,0
"74,293","890,238458","-1,242742",,0,0,0,0,0
"74,294","888,238458","-1,242742",,0,0,0,0,0
"74,295","888,238458","0,757258",,0,0,0,0,0
"74,296","886,238458","-1,242742",,0,0,0,0,0
"74,297","886,238458","-0,242742",,0,0,0,0,0
"74,298","887,238458","-0,242742",,0,0,0,0,0
"74,299","885,238458","0,757258",,0,0,0,0,0
"74,3","885,238458","0,757258",,0,0,0,0,0
"74,301","884,238458","0,757258",,0,0,0,0,0
"74,302","881,238458","-0,242742",,0,0,0,0,0
"74,303","881,238458","-1,242742",,0,0,0,0,0
"74,304","880,238458","-0,242742",,0,0,0,0,0
"74,305","880,238458","-1,242742",,0,0,0,0,0
"74,306","878,238458","-0,242742",,0,0,0,0,0
"74,307","877,238458","-1,242742",,0,0,0,0,0
"74,308","877,238458","1,757258",,0,0,0,0,0
"74,309","874,238458","0,757258",,0,0,0,0,0
"74,31","874,238458","0,757258",,0,0,0,0,0
"74,311","870,238458","-0,242742",,0,0,0,0,0
"74,312","871,238458","-1,242742",,0,0,0,0,0
"74,313","868,238458","-0,242742",,0,0,0,0,0
"74,314","867,238458","1,757258",,"-0,18748",0,0,0,0
"74,315","864,238458","-1,242742",,"-0,2539","-0,00022",0,"0,19045","-0,01994"
"74,316","861,238458","1,757258",,"-0,2539","-0,00047",0,"0,40957","-0,04287"
"74,317","862,238458","-0,242742",,"-0,26497","-0,00073",0,"0,63272","-0,06631"
"74,318","862,238458","0,757258",,"-0,2539","-0,00099",0,"0,85734","-0,08975"
"74,319","856,238458","0,757258",,"-0,32031","-0,00128",0,"1,09743","-0,11569"
"74,32","854,238458","-3,242742",,"-0,38673","-0,00163",0,"1,39059","-0,14762"
"74,321","852,238458","-0,242742",,"-0,37566","-0,00202",-1E-05,"1,717","-0,18206"
"74,322","851,238458","-0,242742",,"-0,38673","-0,0024",-1E-05,"2,03938","-0,2165"
"74,323","848,238458","1,757258",,"-0,3978","-0,00279",-1E-05,"2,3704","-0,25193"
"74,324","844,238458","-1,242742",,"-0,47528","-0,00323",-1E-05,"2,71888","-0,29137"
"74,325","840,238458","-1,242742",,"-0,51956","-0,00372",-2E-05,"3,12332","-0,33631"
"74,326","837,238458","0,757258",,"-0,53063","-0,00425",-2E-05,"3,55962","-0,38374"
"74,327","836,238458","-0,242742",,"-0,55277","-0,00479",-3E-05,"4,00398","-0,43268"
"74,328","832,238458","-0,242742",,"-0,59704","-0,00536",-3E-05,"4,46315","-0,48462"
"74,329","828,238458","-0,242742",,"-0,64132","-0,00598",-4E-05,"4,95437","-0,54056"
"74,33","824,238458","0,757258",,"-0,67453","-0,00664",-4E-05,"5,47921","-0,59999"
"74,331","820,238458","0,757258",,"-0,71881","-0,00734",-5E-05,"6,0246","-0,66293"
"74,332","815,238458","-0,242742",,"-0,78522","-0,00809",-6E-05,"6,59346","-0,73087"
"74,333","812,238458","-2,242742",,"-0,84057","-0,0089",-7E-05,"7,21145","-0,8043"
"74,334","807,238458","-0,242742",,"-0,87378","-0,00976",-8E-05,"7,87648","-0,88174"
"74,335","803,238458","-2,242742",,"-0,94019","-0,01067",-9E-05,"8,54441","-0,96368"
"74,336","798,238458","-0,242742",,"-0,9734","-0,01162","-0,0001","9,27593","-1,05011"
"74,337","793,238458","-0,242742",,"-1,02875","-0,01263","-0,00011","10,01165","-1,14055"
"74,338","787,238458","-1,242742",,"-1,10623","-0,01369","-0,00012","10,76232","-1,23699"
"74,339","786,238458","0,757258",,"-1,09516","-0,01479","-0,00014","11,64226","-1,33643"
"74,34","778,238458","0,757258",,"-1,18372","-0,01593","-0,00015","12,41153","-1,43936"
"74,341","775,238458","-0,242742",,"-1,22799","-0,01714","-0,00017","13,28233","-1,5483"
"74,342","768,238458","-1,242742",,"-1,31655","-0,01841","-0,00019","14,12105","-1,66324"
"74,343","764,238458","-2,242742",,"-1,3719","-0,01976","-0,00021","15,05329","-1,78467"
"74,344","760,238458","1,757258",,"-1,3719","-0,02113","-0,00023","16,09867","-1,90861"
"74,345","755,238458","-0,242742",,"-1,44938","-0,02254","-0,00025","17,0158","-2,03605"
"74,346","751,238458","-1,242742",,"-1,50473","-0,02401","-0,00027","18,0109","-2,16949"
"74,347","747,238458","-1,242742",,"-1,549","-0,02554","-0,0003","19,05388","-2,30742"
"74,348","741,238458","-1,242742",,"-1,61542","-0,02712","-0,00032","20,07146","-2,45036"
"74,349","733,238458","-0,242742",,"-1,69291","-0,02878","-0,00035","21,09409","-2,5998"
"74,35","728,238458","0,757258",,"-1,73718","-0,03049","-0,00038","22,22923","-2,75473"
"74,351","725,238458","0,757258",,"-1,77039","-0,03225","-0,00041","23,411","-2,91317"
"74,352","719,238458","-1,242742",,"-1,85894","-0,03406","-0,00044","24,45595","-3,07711"
"74,353","711,238458","1,757258",,"-1,91429","-0,03595","-0,00048","25,63079","-3,24754"
"74,354","705,238458","-0,242742",,"-2,00285","-0,03791","-0,00052","26,72399","-3,42448"
"74,355","700,238458","-0,242742",,"-2,05819","-0,03994","-0,00055","27,95581","-3,60792"
"74,356","694,238458","-1,242742",,"-2,13568","-0,04203","-0,0006","29,12942","-3,79736"
"74,357","687,238458","-0,242742",,"-2,20209","-0,0442","-0,00064","30,36723","-3,99329"
"74,358","682,238458","-1,242742",,"-2,26851","-0,04644","-0,00068","31,62424","-4,19523"
"74,359","679,238458","-0,242742",,"-2,29065","-0,04872","-0,00073","33,07918","-4,40117"
"74,36","670,238458","0,757258",,"-2,3792","-0,05105","-0,00078","34,25617","-4,6121"
"74,361","662,238458","-0,242742",,"-2,47882","-0,05348","-0,00083","35,40469","-4,83154"
"74,362","660,238458","-0,242742",,"-2,50096","-0,05597","-0,00089","36,94104","-5,05648"
"74,363","651,238458","-2,242742",,"-2,62273","-0,05853","-0,00095","37,98798","-5,28792"
"74,364","647,238458","0,757258",,"-2,6338","-0,06116","-0,00101","39,63255","-5,52535"
"74,365","641,238458","-0,242742",,"-2,71128","-0,06383","-0,00107","40,9175","-5,76679"
"74,366","634,238458","1,757258",,"-2,76663","-0,06657","-0,00113","42,34029","-6,01423"
"74,367","627,238458","-2,242742",,"-2,88839","-0,0694","-0,0012","43,37517","-6,26966"
"74,368","622,238458","0,757258",,"-2,91053","-0,0723","-0,00127","45,04272","-6,5316"
"74,369","618,238458","-0,242742",,"-2,96587","-0,07524","-0,00135","46,49701","-6,79704"
"74,37","613,238458","0,757258",,"-3,01015","-0,07823","-0,00142","48,03068","-7,06697"
"74,371","608,238458","-2,242742",,"-3,09871","-0,08128","-0,0015","49,25584","-7,34291"
"74,372","603,238458","-1,242742",,"-3,14298","-0,0844","-0,00159","50,80946","-7,62485"
"74,373","600,238458","0,757258",,"-3,15405","-0,08755","-0,00167","52,6173","-7,90929"
"74,374","596,238458","-0,242742",,"-3,2094","-0,09073","-0,00176","54,07584","-8,19672"
"74,375","589,238458","0,757258",,"-3,27581","-0,09397","-0,00185","55,44457","-8,48966"
"74,376","586,238458","-1,242742",,"-3,33116","-0,09728","-0,00195","56,90723","-8,7881"
"74,377","581,238458","-0,242742",,"-3,37544","-0,10063","-0,00205","58,46637","-9,09103"
"74,378","576,238458","-1,242742",,"-3,44185","-0,10404","-0,00215","59,82254","-9,39897"
"74,379","570,238458","-0,242742",,"-3,4972","-0,10751","-0,00226","61,27995","-9,71241"
"74,38","566,238458","-0,242742",,"-3,54148","-0,11103","-0,00237","62,84185","-10,03034"
"74,381","560,238458","1,757258",,"-3,58575","-0,11459","-0,00248","64,40047","-10,35228"
"74,382","555,238458","1,757258",,"-3,6411","-0,11821","-0,00259","65,84017","-10,67872"
"74,383","548,238458","1,757258",,"-3,71859","-0,12189","-0,00271","67,03662","-11,01116"
"74,384","545,238458","-0,242742",,"-3,77393","-0,12563","-0,00284","68,46889","-11,34959"
"74,385","539,238458","-0,242742",,"-3,84035","-0,12944","-0,00297","69,76713","-11,69353"
"74,386","536,238458","-0,242742",,"-3,87356","-0,1333","-0,0031","71,44612","-12,04197"
"74,387","530,238458","-0,242742",,"-3,93997","-0,1372","-0,00323","72,71692","-12,3949"
"74,388","526,238458","-0,242742",,"-3,98425","-0,14116","-0,00337","74,25216","-12,75284"
"74,389","518,238458","-1,242742",,"-4,08387","-0,1452","-0,00351","75,06727","-13,11728"
"74,39","515,238458","0,757258",,"-4,09494","-0,14929","-0,00366","77,03218","-13,48672"
"74,391","510,238458","-0,242742",,"-4,16136","-0,15342","-0,00381","78,24179","-13,85965"
"74,392","505,238458","-2,242742",,"-4,23884","-0,15762","-0,00397","79,28051","-14,23909"
"74,393","498,238458","0,757258",,"-4,28312","-0,16188","-0,00413","80,77625","-14,62403"
"74,394","493,238458","-0,242742",,"-4,34954","-0,16619","-0,00429","81,93292","-15,01396"
"74,395","490,238458","-0,242742",,"-4,38274","-0,17056","-0,00446","83,57372","-15,4084"
"74,396","485,238458","-0,242742",,"-4,43809","-0,17497","-0,00463","84,85996","-15,80684"
"74,397","479,238458","-1,242742",,"-4,51557","-0,17945","-0,00481","85,77507","-16,21127"
"74,398","470,238458","0,757258",,"-4,59306","-0,184","-0,00499","86,664","-16,62271"
"74,399","468,238458","0,757258",,"-4,6152","-0,18861","-0,00518","88,45532","-17,03865"
"74,4","461,238458","0,757258",,"-4,69268","-0,19326","-0,00537","89,28518","-17,45909"
"74,401","454,238458","1,757258",,"-4,7591","-0,19799","-0,00557","90,2806","-17,88602"
"74,402","448,238458","-1,242742",,"-4,85872","-0,20279","-0,00577","90,6483","-18,32046"
"74,403","441,238458","-2,242742",,"-4,94728","-0,2077","-0,00597","91,17834","-18,7634"
"74,404","435,238458","-0,242742",,"-4,99155","-0,21267","-0,00618","92,50922","-19,21233"
"74,405","429,238458","-0,242742",,"-5,05797","-0,21769","-0,0064","93,38882","-19,66627"
"74,406","423,238458","-0,242742",,"-5,12439","-0,22278","-0,00662","94,23622","-20,12621"
"74,407","414,238458","0,757258",,"-5,21294","-0,22795","-0,00684","94,59893","-20,59315"
"74,408","405,238458","-1,242742",,"-5,3347","-0,23323","-0,00707","94,22206","-21,06958"
"74,409","400,238458","-1,242742",,"-5,39005","-0,23859","-0,00731","95,1955","-21,55402"
"74,41","390,238458","-1,242742",,"-5,50074","-0,24403","-0,00755","94,92786","-22,04596"
"74,411","383,238458","-2,242742",,"-5,5893","-0,24958","-0,0078","95,08822","-22,54689"
"74,412","376,238458","1,757258",,"-5,6225","-0,25518","-0,00805","96,45849","-23,05333"
"74,413","365,238458","0,757258",,"-5,75534","-0,26087","-0,00831","95,4784","-23,56727"
"74,414","358,238458","-1,242742",,"-5,85496","-0,26668","-0,00857","95,20296","-24,0917"
"74,415","349,238458","-2,242742",,"-5,96565","-0,27259","-0,00884","94,58703","-24,62564"
"74,416","341,238458","-1,242742",,"-6,04314","-0,27859","-0,00912","94,72038","-25,16808"
"74,417","333,238458","1,757258",,"-6,09848","-0,28466","-0,0094","95,36111","-25,71652"
"74,418","324,238458","0,757258",,"-6,20918","-0,29082","-0,00969","94,51444","-26,27245"
"74,419","315,238458","2,757258",,"-6,28666","-0,29707","-0,00998","94,46553","-26,83689"
"74,42","307,238458","1,757258",,"-6,38629","-0,3034","-0,01028","93,74988","-27,40933"
"74,421","295,238458","-0,242742",,"-6,54126","-0,30987","-0,01059","91,40904","-27,99326"
"74,422","288,238458","-0,242742",,"-6,61874","-0,31645","-0,0109","91,13499","-28,5877"
"74,423","278,238458","0,757258",,"-6,71836","-0,32311","-0,01122","90,14748","-29,19014"
"74,424","270,238458","-1,242742",,"-6,82906","-0,32989","-0,01155","88,73844","-29,80207"
"74,425","261,238458","0,757258",,"-6,90654","-0,33676","-0,01188","88,22856","-30,42251"
"74,426","254,238458","-0,242742",,"-6,9951","-0,34371","-0,01222","87,29999","-31,05045"
"74,427","243,238458","-0,242742",,"-7,11686","-0,35076","-0,01257","85,23379","-31,68789"
"74,428","235,238458","-1,242742",,"-7,21648","-0,35793","-0,01292","83,7539","-32,33532"
"74,429","229,238458","-0,242742",,"-7,27183","-0,36517","-0,01328","83,62313","-32,98976"
"74,43","221,238458","0,757258",,"-7,34931","-0,37248","-0,01365","82,68983","-33,6502"
"74,431","207,238458","-1,242742",,"-7,52642","-0,37992","-0,01403","78,26226","-34,32213"
"74,432","202,238458","0,757258",,"-7,55963","-0,38746","-0,01441","78,6537","-35,00357"
"74,433","196,238458","-0,242742",,"-7,63712","-0,39506","-0,0148","77,43069","-35,69001"
"74,434","187,238458","-0,242742",,"-7,73674","-0,40275","-0,0152","75,31255","-36,38445"
"74,435","178,238458","-2,242742",,"-7,8585","-0,41055","-0,01561","72,25464","-37,08888"
"74,436","174,238458","0,757258",,"-7,86957","-0,41841","-0,01602","73,22027","-37,79932"
"74,437","167,238458","-0,242742",,"-7,95813","-0,42633","-0,01644","71,19455","-38,51426"
"74,438","158,238458","2,757258",,"-8,02454","-0,43432","-0,01688","69,92317","-39,23619"
"74,439","152,238458","-0,242742",,"-8,12416","-0,44239","-0,01731","67,24158","-39,96563"
"74,44","143,238458","0,757258",,"-8,21272","-0,45056","-0,01776","64,87867","-40,70357"
"74,441","139,238458","-0,242742",,"-8,26807","-0,4588","-0,01821","63,77125","-41,448"
"74,442","132,238458","-2,242742",,"-8,36769","-0,46712","-0,01868","60,72334","-42,19944"
"74,443","128,238458","-0,242742",,"-8,38983","-0,4755","-0,01915","60,86155","-42,95638"
"74,444","121,238458","-2,242742",,"-8,48945","-0,48394","-0,01963","57,58636","-43,71882"
"74,445","116,238458","-0,242742",,"-8,52266","-0,49244","-0,02012","57,12122","-44,48725"
"74,446","112,238458","-0,242742",,"-8,56694","-0,50099","-0,02061","56,10843","-45,25919"
"74,447","107,238458","-0,242742",,"-8,62228","-0,50958","-0,02112","54,52308","-46,03563"
"74,448","104,238458","-1,242742",,"-8,66656","-0,51823","-0,02163","53,37509","-46,81656"
"74,449","97,238458","-2,242742",,"-8,75511","-0,52694","-0,02216","50,05677","-47,6035"
"74,45","93,238458","-2,242742",,"-8,79939","-0,53571","-0,02269","48,74771","-48,39644"
"74,451","88,238458","-2,242742",,"-8,85474","-0,54454","-0,02323","46,82823","-49,19388"
"74,452","86,238458","-1,242742",,"-8,86581","-0,5534","-0,02378","47,03678","-49,99431"
"74,453","80,238458","-1,242742",,"-8,93222","-0,5623","-0,02433","44,41935","-50,79825"
"74,454","77,238458","0,757258",,"-8,94329","-0,57124","-0,0249","44,55416","-51,60569"
"74,455","74,238458","1,757258",,"-8,96543","-0,58019","-0,02548","44,09217","-52,41462"
"74,456","71,238458","-1,242742",,"-9,03185","-0,58919","-0,02606","41,24088","-53,22756"
"74,457","65,238458","-1,242742",,"-9,09826","-0,59826","-0,02665","38,28586","-54,0465"
"74,458","61,238458","-1,242742",,"-9,14254","-0,60738","-0,02726","36,44002","-54,87043"
"74,459","59,238458","1,757258",,"-9,13147","-0,61651","-0,02787","37,60471","-55,69587"
"74,46","58,238458","-1,242742",,"-9,17575","-0,62567","-0,02849","35,66037","-56,52281"
"74,461","52,238458","0,757258",,"-9,22002","-0,63487","-0,02912","33,64515","-57,35375"
"74,462","51,238458","-1,242742",,"-9,25323","-0,6441","-0,02976","32,20235","-58,18818"
"74,463","50,238458","-2,242742",,"-9,27537","-0,65337","-0,03041","31,35879","-59,02512"
"74,464","46,238458","-1,242742",,"-9,30858","-0,66266","-0,03107","29,81679","-59,86456"
"74,465","42,238458","-0,242742",,"-9,34179","-0,67198","-0,03173","28,22043","-60,70699"
"74,466","40,238458","-1,242742",,"-9,37499","-0,68134","-0,03241","26,56942","-61,55243"
"74,467","39,238458","0,757258",,"-9,36393","-0,69071","-0,0331","27,6255","-62,39887"
"74,468","35,238458","-2,242742",,"-9,44141","-0,70011","-0,03379","23,10076","-63,2483"
"74,469","33,238458","-0,242742",,"-9,44141","-0,70956","-0,0345","23,41229","-64,10124"
"74,47","31,238458","0,757258",,"-9,45248","-0,719","-0,03521","23,005","-64,95468"
"74,471","30,238458","0,757258",,"-9,46355","-0,72846","-0,03594","22,57915","-65,80912"
"74,472","27,238458","-3,242742",,"-9,54103","-0,73796","-0,03667","17,70794","-66,66755"
"74,473","27,238458","-0,242742",,"-9,50783","-0,74749","-0,03741","20,17895","-67,52799"
"74,474","26,238458","0,757258",,"-9,50783","-0,75699","-0,03816","20,43562","-68,38693"
"74,475","26,238458","0,757258",,"-9,50783","-0,7665","-0,03892","20,69229","-69,24586"
"74,476","24,238458","0,757258",,"-9,52997","-0,77602","-0,0397","19,39722","-70,1058"
"74,477","25,238458","-0,242742",,"-9,52997","-0,78555","-0,04048","19,63543","-70,96674"
"74,478","24,238458","-0,242742",,"-9,54103","-0,79509","-0,04127","19,07869","-71,82818"
"74,479","24,238458","0,757258",,"-9,52997","-0,80462","-0,04207","20,11212","-72,68961"
"74,48","24,238458","-1,242742",,"-9,5521","-0,81416","-0,04288","18,72228","-73,55155"
"74,481","25,238458","0,757258",,"-9,5189","-0,8237","-0,0437","21,41265","-74,41299"
"74,482","27,238458","-1,242742",,"-9,5189","-0,83322","-0,04452","21,6601","-75,27292"
"74,483","27,238458","0,757258",,"-9,49676","-0,84273","-0,04536","23,59272","-76,13186"
"74,484","29,238458","-1,242742",,"-9,49676","-0,85222","-0,04621","23,85858","-76,9898"
"74,485","31,238458","0,757258",,"-9,45248","-0,8617","-0,04707","27,57062","-77,84573"
"74,486","33,238458","-0,242742",,"-9,44141","-0,87114","-0,04793","28,74403","-78,69917"
"74,487","36,238458","1,757258",,"-9,38606","-0,88056","-0,04881","33,45743","-79,54961"
"74,488","41,238458","0,757258",,"-9,34179","-0,88992","-0,04969","37,37291","-80,39555"
"74,489","45,238458","-1,242742",,"-9,31965","-0,89925","-0,05059","39,56326","-81,23848"
"74,49","49,238458","-1,242742",,"-9,27537","-0,90855","-0,05149","43,60651","-82,07842"
"74,491","56,238458","-2,242742",,"-9,20896","-0,91779","-0,05241","49,55685","-82,91336"
"74,492","62,238458","-1,242742",,"-9,13147","-0,92696","-0,05333","56,54074","-83,74179"
"74,493","70,238458","-0,242742",,"-9,03185","-0,93604","-0,05426","65,51908","-84,56223"
"74,494","79,238458","-0,242742",,"-8,93222","-0,94503","-0,0552","74,65302","-85,37367"
"74,495","88,238458","-0,242742",,"-8,8326","-0,95391","-0,05615","83,93987","-86,17611"
"74,496","100,238458","-0,242742",,"-8,69977","-0,96267","-0,05711","96,26336","-86,96804"
"74,497","113,238458","-0,242742",,"-8,55587","-0,9713","-0,05807","109,75304","-87,74748"
"74,498","124,238458","-2,242742",,"-8,45624","-0,97981","-0,05905","119,53246","-88,51592"
"74,499","136,238458","-0,242742",,"-8,30127","-0,98819","-0,06003","134,38926","-89,27285"
"74,5","150,238458","-0,242742",,"-8,1463","-0,99641","-0,06103","149,45742","-90,01579"
"74,501","163,238458","-1,242742",,"-8,01347","-1,00449","-0,06203","162,72326","-90,74573"
"74,502","174,238458","-1,242742",,"-7,89171","-1,01244","-0,06304","175,14842","-91,46416"
"74,503","184,238458","-2,242742",,"-7,79209","-1,02029","-0,06405","185,68761","-92,1726"
"74,504","193,238458","-0,242742",,"-7,67032","-1,02802","-0,06508","198,40284","-92,87104"
"74,505","201,238458","-1,242742",,"-7,59284","-1,03565","-0,06611","207,12524","-93,56048"
"74,506","208,238458","-0,242742",,"-7,50428","-1,0432","-0,06715","216,9805","-94,24241"
"74,507","217,238458","0,757258",,"-7,39359","-1,05065","-0,06819","229,0363","-94,91535"
"74,508","225,238458","1,757258",,"-7,29397","-1,05799","-0,06925","240,15912","-95,57879"
"74,509","235,238458","-1,242742",,"-7,21648","-1,06524","-0,07031","249,26274","-96,23422"
"74,51","242,238458","-0,242742",,"-7,12793","-1,07242","-0,07138","259,52034","-96,88216"
"74,511","251,238458","-0,242742",,"-7,0283","-1,0795","-0,07245","270,94867","-97,5216"
"74,512","264,238458","1,757258",,"-6,86227","-1,08644","-0,07354","288,98852","-98,14903"
"74,513","277,238458","-1,242742",,"-6,75157","-1,09325","-0,07463","301,7316","-98,76397"
"74,514","292,238458","-0,242742",,"-6,57446","-1,09991","-0,07572","321,16914","-99,36591"
"74,515","311,238458","-1,242742",,"-6,37522","-1,10639","-0,07683","342,9747","-99,95085"
"74,516","327,238458","-1,242742",,"-6,19811","-1,11267","-0,07794","362,72629","-100,51878"
"74,517","349,238458","-2,242742",,"-5,96565","-1,11875","-0,07905","388,20278","-101,06822"
"74,518","367,238458","-0,242742",,"-5,74427","-1,12461","-0,08017","412,7266","-101,59716"
"74,519","389,238458","-0,242742",,"-5,50074","-1,13023","-0,0813","439,65513","-102,10509"
"74,52","416,238458","-1,242742",,"-5,21294","-1,13559","-0,08243","471,26421","-102,58903"
"74,521","442,238458","0,757258",,"-4,903","-1,14065","-0,08357","505,30133","-103,04597"
"74,522","462,238458","-0,242742",,"-4,69268","-1,14544","-0,08472","529,19019","-103,47941"
"74,523","489,238458","-1,242742",,"-4,40488","-1,14999","-0,08586","561,19152","-103,89034"
"74,524","511,238458","0,757258",,"-4,13922","-1,15426","-0,08702","590,97862","-104,27628"
"74,525","534,238458","1,757258",,"-3,87356","-1,15827","-0,08817","620,82838","-104,63822"
"74,526","555,238458","-0,242742",,"-3,66324","-1,16204","-0,08933","644,92698","-104,97865"
"74,527","574,238458","1,757258",,"-3,43078","-1,16559","-0,0905","671,37287","-105,29909"
"74,528","588,238458","3,757258",,"-3,25368","-1,16893","-0,09166","692,00084","-105,60103"
"74,529","601,238458","-0,242742",,"-3,15405","-1,17213","-0,09283","704,44671","-105,89046"
"74,53","619,238458","2,757258",,"-2,9216","-1,17517","-0,09401","730,95101","-106,1649"
"74,531","633,238458","0,757258",,"-2,78877","-1,17803","-0,09518","746,86323","-106,42284"
"74,532","644,238458","0,757258",,"-2,667","-1,18075","-0,09636","761,58098","-106,66928"
"74,533","657,238458","0,757258",,"-2,5231","-1,18335","-0,09755","778,63831","-106,90371"
"74,534","667,238458","1,757258",,"-2,40134","-1,18581","-0,09873","793,30236","-107,12615"
"74,535","679,238458","-0,242742",,"-2,29065","-1,18816","-0,09992","806,75339","-107,33809"
"74,536","690,238458","-0,242742",,"-2,16888","-1,19039","-0,10111","821,36164","-107,53952"
"74,537","700,238458","-2,242742",,"-2,08033","-1,19251","-0,1023","832,3677","-107,73146"
"74,538","710,238458","-0,242742",,"-1,9475","-1,19453","-0,10349","848,10771","-107,9134"
"74,539","720,238458","-1,242742",,"-1,84788","-1,19642","-0,10469","860,22286","-108,08484"
"74,54","730,238458","-1,242742",,"-1,73718","-1,19822","-0,10588","873,49384","-108,24677"
"74,541","739,238458","-2,242742",,"-1,64863","-1,19991","-0,10708","884,32722","-108,39971"
"74,542","751,238458","-3,242742",,"-1,52687","-1,2015","-0,10828","898,71384","-108,54315"
"74,543","759,238458","-2,242742",,"-1,42724","-1,20297","-0,10949","910,64543","-108,67658"
"74,544","771,238458","-0,242742",,"-1,27227","-1,20432","-0,11069","928,52771","-108,79852"
"74,545","783,238458","-0,242742",,"-1,13944","-1,20553","-0,11189","943,92376","-108,90746"
"74,546","794,238458","-0,242742",,"-1,01768","-1,20661","-0,1131","958,04095","-109,00489"
"74,547","806,238458","0,757258",,"-0,87378","-1,20755","-0,11431","974,49004","-109,09033"
"74,548","817,238458","-2,242742",,"-0,78522","-1,20838","-0,11552","984,8265","-109,16527"
"74,549","832,238458","-1,242742",,"-0,60811","-1,20908","-0,11672","1004,73955","-109,22821"
"74,55","845,238458","-0,242742",,"-0,45314","-1,20961","-0,11793","1022,11504","-109,27614"
"74,551","858,238458","0,757258",,"-0,29817","-1,20999","-0,11914","1039,37226","-109,31008"
"74,552","872,238458","-0,242742",,"-0,15427","-1,21021","-0,12035","1055,29934","-109,33052"
"74,553","885,238458","-1,242742",,"-0,02144","-1,2103","-0,12156","1069,89954","-109,33845"
"74,554","900,238458","-1,242742",,"0,1446","-1,21024","-0,12277","1087,99868","-109,33289"
"74,555","912,238458","-0,242742",,"0,2885","-1,21002","-0,12398","1103,53428","-109,31333"
"74,556","929,238458","1,757258",,"0,49882","-1,20963","-0,12519","1126,15819","-109,27776"
"74,557","944,238458","-1,242742",,"0,63165","-1,20906","-0,1264","1140,14071","-109,2267"
"74,558","956,238458","1,757258",,"0,79769","-1,20835","-0,12761","1157,592","-109,16214"
"74,559","973,238458","-0,242742",,"0,96373","-1,20747","-0,12882","1174,8603","-109,08258"
"74,56","985,238458","-2,242742",,"1,07442","-1,20645","-0,13003","1185,93322","-108,99051"
"74,561","999,238458","-1,242742",,"1,24046","-1,20529","-0,13123","1202,87483","-108,88595"
"74,562","1014,238458","-2,242742",,"1,39543","-1,20397","-0,13244","1218,41514","-108,76689"
"74,563","1027,238458","0,757258",,"1,57254","-1,20249","-0,13364","1236,15318","-108,63282"
"74,564","1041,238458","1,757258",,"1,73858","-1,20083","-0,13484","1252,46377","-108,48326"
"74,565","1054,238458","0,757258",,"1,87141","-1,19903","-0,13604","1264,96951","-108,3202"
"74,566","1067,238458","0,757258",,"2,01531","-1,19708","-0,13724","1278,48137","-108,14464"
"74,567","1080,238458","-1,242742",,"2,13707","-1,19501","-0,13844","1289,40911","-107,95707"
"74,568","1094,238458","-0,242742",,"2,30311","-1,19279","-0,13963","1304,90546","-107,75651"
"74,569","1107,238458","0,757258",,"2,45808","-1,19041","-0,14082","1318,96681","-107,54145"
"74,57","1120,238458","-0,242742",,"2,59091","-1,18788","-0,14201","1330,42428","-107,31338"
"74,571","1134,238458","-0,242742",,"2,74588","-1,18521","-0,1432","1344,0287","-107,07232"
"74,572","1146,238458","0,757258",,"2,88978","-1,1824","-0,14438","1356,20445","-106,81776"
"74,573","1157,238458","-0,242742",,"3,00048","-1,17945","-0,14556","1364,62092","-106,55169"
"74,574","1172,238458","-1,242742",,"3,15545","-1,17637","-0,14674","1377,52897","-106,27363"
"74,575","1183,238458","0,757258",,"3,29935","-1,17315","-0,14792","1389,00061","-105,98207"
"74,576","1195,238458","-0,242742",,"3,42111","-1,16979","-0,14909","1397,88977","-105,67851"
"74,577","1207,238458","1,757258",,"3,57608","-1,16629","-0,15025","1410,03699","-105,36244"
"74,578","1217,238458","1,757258",,"3,68677","-1,16266","-0,15142","1417,27318","-105,03438"
"74,579","1230,238458","0,757258",,"3,8196","-1,1589","-0,15258","1426,6049","-104,69532"
"74,58","1240,238458","0,757258",,"3,9303","-1,15503","-0,15374","1433,38514","-104,34525"
"74,581","1248,238458","0,757258",,"4,01885","-1,15105","-0,15489","1437,66114","-103,98619"
"74,582","1261,238458","1,757258",,"4,17382","-1,14696","-0,15604","1448,60223","-103,61613"
"74,583","1269,238458","1,757258",,"4,26237","-1,14274","-0,15718","1452,41671","-103,23507"
"74,584","1278,238458","-0,242742",,"4,33986","-1,13844","-0,15832","1454,91907","-102,8465"
"74,585","1291,238458","-1,242742",,"4,47269","-1,13403","-0,15946","1462,89625","-102,44844"
"74,586","1302,238458","-2,242742",,"4,58338","-1,1295","-0,16059","1468,35014","-102,03938"
"74,587","1309,238458","-0,242742",,"4,68301","-1,12487","-0,16172","1472,45084","-101,62081"
"74,588","1318,238458","-1,242742",,"4,77156","-1,12014","-0,16284","1475,22399","-101,19375"
"74,589","1330,238458","0,757258",,"4,92653","-1,11529","-0,16396","1484,45194","-100,75569"
"74,59","1341,238458","-1,242742",,"5,02616","-1,11032","-0,16507","1487,82131","-100,30612"
"74,591","1353,238458","-1,242742",,"5,15899","-1,10523","-0,16618","1494,25999","-99,84606"
"74,592","1362,238458","-2,242742",,"5,24754","-1,10002","-0,16728","1496,02537","-99,376"
"74,593","1374,238458","0,757258",,"5,41358","-1,09469","-0,16838","1505,19621","-98,89444"
"74,594","1385,238458","-1,242742",,"5,51321","-1,08923","-0,16947","1507,48712","-98,40087"
"74,595","1396,238458","-2,242742",,"5,6239","-1,08366","-0,17056","1510,61686","-97,89781"
"74,596","1406,238458","-0,242742",,"5,75673","-1,07797","-0,17164","1515,62022","-97,38375"
"74,597","1418,238458","3,757258",,"5,93384","-1,07212","-0,17271","1524,55576","-96,85568"
"74,598","1429,238458","-0,242742",,"6,01132","-1,06615","-0,17378","1523,52584","-96,31612"
"74,599","1437,238458","-2,242742",,"6,07774","-1,06011","-0,17485","1521,24887","-95,77006"
"74,6","1448,238458","-0,242742",,"6,22164","-1,05396","-0,1759","1526,12553","-95,21449"
"74,601","1457,238458","-0,242742",,"6,32126","-1,04769","-0,17695","1526,47367","-94,64793"
"74,602","1468,238458","1,757258",,"6,46516","-1,04129","-0,178","1530,69559","-94,07037"
"74,603","1477,238458","0,757258",,"6,55372","-1,03478","-0,17904","1529,405","-93,48231"
"74,604","1484,238458","1,757258",,"6,64227","-1,02819","-0,18007","1527,87867","-92,88624"
"74,605","1495,238458","0,757258",,"6,75297","-1,02149","-0,18109","1528,14091","-92,28118"
"74,606","1503,238458","-0,242742",,"6,83045","-1,0147","-0,18211","1525,08342","-91,66762"
"74,607","1508,238458","-0,242742",,"6,8858","-1,00784","-0,18312","1519,81487","-91,04805"
"74,608","1515,238458","0,757258",,"6,97435","-1,00091","-0,18413","1517,37161","-90,42199"
"74,609","1523,238458","-0,242742",,"7,05184","-0,99389","-0,18512","1513,69705","-89,78843"
"74,61","1530,238458","0,757258",,"7,14039","-0,9868","-0,18611","1510,78409","-89,14737"
"74,611","1536,238458","-3,242742",,"7,16253","-0,97965","-0,1871","1501,79452","-88,5013"
"74,612","1541,238458","-1,242742",,"7,24001","-0,97245","-0,18807","1497,56212","-87,85074"
"74,613","1543,238458","-2,242742",,"7,25108","-0,9652","-0,18904","1487,36921","-87,19618"
"74,614","1552,238458","0,757258",,"7,38392","-0,95788","-0,19","1487,58756","-86,53511"
"74,615","1556,238458","-2,242742",,"7,39499","-0,95049","-0,19096","1477,06227","-85,86755"
"74,616","1565,238458","-1,242742",,"7,50568","-0,94304","-0,19191","1474,91492","-85,19449"
"74,617","1570,238458","0,757258",,"7,58316","-0,9355","-0,19284","1469,66396","-84,51292"
"74,618","1575,238458","-1,242742",,"7,61637","-0,9279","-0,19378","1460,50846","-83,82636"
"74,619","1579,238458","-0,242742",,"7,67172","-0,92025","-0,1947","1453,07804","-83,1358"
"74,62","1586,238458","-1,242742",,"7,73813","-0,91255","-0,19562","1446,38729","-82,43974"
"74,621","1595,238458","0,757258",,"7,8599","-0,90475","-0,19653","1443,97815","-81,73517"
"74,622","1595,238458","-2,242742",,"7,82669","-0,89691","-0,19743","1428,76956","-81,02661"
"74,623","1604,238458","0,757258",,"7,95952","-0,88901","-0,19832","1426,86405","-80,31355"
"74,624","1609,238458","-0,242742",,"8,0038","-0,88103","-0,1992","1417,57766","-79,59248"
"74,625","1614,238458","-0,242742",,"8,05914","-0,873","-0,20008","1409,02006","-78,86692"
"74,626","1622,238458","1,757258",,"8,16984","-0,86489","-0,20095","1404,57218","-78,13386"
"74,627","1625,238458","-2,242742",,"8,15877","-0,85672","-0,20181","1390,45667","-77,3963"
"74,628","1632,238458","-1,242742",,"8,24732","-0,84852","-0,20266","1383,93132","-76,65523"
"74,629","1637,238458","0,757258",,"8,32481","-0,84023","-0,20351","1376,29842","-75,90667"
"74,63","1642,238458","-1,242742",,"8,35801","-0,83189","-0,20434","1365,1309","-75,15311"
"74,631","1648,238458","0,757258",,"8,44657","-0,82349","-0,20517","1357,93069","-74,39404"
"74,632","1650,238458","-1,242742",,"8,44657","-0,81504","-0,20599","1344,00234","-73,63098"
"74,633","1654,238458","-0,242742",,"8,50191","-0,80657","-0,2068","1334,06119","-72,86542"
"74,634","1659,238458","0,757258",,"8,56833","-0,79803","-0,2076","1324,73234","-72,09435"
"74,635","1662,238458","-2,242742",,"8,56833","-0,78947","-0,2084","1310,50895","-71,32029"
"74,636","1668,238458","0,757258",,"8,66795","-0,78085","-0,20918","1303,23049","-70,54173"
"74,637","1667,238458","-1,242742",,"8,63475","-0,7722","-0,20996","1286,47484","-69,76017"
"74,638","1670,238458","-0,242742",,"8,67902","-0,76354","-0,21073","1275,10666","-68,9781"
"74,639","1674,238458","1,757258",,"8,74544","-0,75483","-0,21149","1265,08623","-68,19104"
"74,64","1675,238458","-0,242742",,"8,73437","-0,74609","-0,21224","1249,6921","-67,40148"
"74,641","1678,238458","0,757258",,"8,77865","-0,73733","-0,21298","1237,97431","-66,61041"
"74,642","1682,238458","0,757258",,"8,82292","-0,72853","-0,21371","1226,11195","-65,81535"
"74,643","1681,238458","-1,242742",,"8,78972","-0,71972","-0,21444","1209,13178","-65,01979"
"74,644","1684,238458","-1,242742",,"8,82292","-0,71092","-0,21515","1196,46995","-64,22422"
"74,645","1686,238458","1,757258",,"8,87827","-0,70207","-0,21586","1185,08476","-63,42466"
"74,646","1688,238458","-1,242742",,"8,8672","-0,69319","-0,21656","1169,41443","-62,6231"
"74,647","1691,238458","-1,242742",,"8,90041","-0,68431","-0,21724","1156,48042","-61,82054"
"74,648","1696,238458","2,757258",,"9,00003","-0,67536","-0,21792","1147,43282","-61,01197"
"74,649","1697,238458","-0,242742",,"8,97789","-0,66637","-0,21859","1130,82787","-60,19991"
"74,65","1704,238458","0,757258",,"9,06645","-0,65735","-0,21926","1120,77607","-59,38485"
"74,651","1707,238458","-1,242742",,"9,07752","-0,64828","-0,21991","1105,95665","-58,56528"
"74,652","1710,238458","-0,242742",,"9,12179","-0,63918","-0,22055","1092,98938","-57,74322"
"74,653","1718,238458","-1,242742",,"9,19928","-0,63002","-0,22119","1081,73502","-56,91566"
"74,654","1722,238458","-1,242742",,"9,24356","-0,62079","-0,22181","1068,38506","-56,0826"
"74,655","1727,238458","0,757258",,"9,32104","-0,61151","-0,22243","1056,69085","-55,24403"
"74,656","1731,238458","-1,242742",,"9,34318","-0,60218","-0,22304","1041,76936","-54,40097"
"74,657","1734,238458","0,757258",,"9,39853","-0,59281","-0,22363","1028,52187","-53,55441"
"74,658","1741,238458","-1,242742",,"9,45387","-0,58338","-0,22422","1015,08437","-52,70284"
"74,659","1744,238458","1,757258",,"9,52029","-0,5739","-0,2248","1002,02026","-51,84578"
"74,66","1748,238458","0,757258",,"9,5535","-0,56436","-0,22537","987,06197","-50,98422"
"74,661","1752,238458","0,757258",,"9,59777","-0,55478","-0,22593","972,53336","-50,11915"
"74,662","1755,238458","-2,242742",,"9,59777","-0,54519","-0,22648","955,7085","-49,25209"
"74,663","1756,238458","1,757258",,"9,65312","-0,53556","-0,22702","941,51293","-48,38253"
"74,664","1758,238458","1,757258",,"9,67526","-0,5259","-0,22755","925,57512","-47,50947"
"74,665","1761,238458","0,757258",,"9,6974","-0,51621","-0,22807","909,55964","-46,6344"
"74,666","1764,238458","-2,242742",,"9,6974","-0,50651","-0,22858","892,47287","-45,75834"
"74,667","1760,238458","-0,242742",,"9,67526","-0,49683","-0,22908","874,41194","-44,88328"
"74,668","1763,238458","-1,242742",,"9,6974","-0,48714","-0,22958","858,33833","-44,00821"
"74,669","1764,238458","-0,242742",,"9,71954","-0,47743","-0,23006","842,18691","-43,13115"
"74,67","1761,238458","-0,242742",,"9,68633","-0,46773","-0,23053","823,66779","-42,25459"
"74,671","1764,238458","-1,242742",,"9,70847","-0,45803","-0,23099","807,50678","-41,37853"
"74,672","1762,238458","-3,242742",,"9,66419","-0,44834","-0,23145","788,63644","-40,50346"
"74,673","1763,238458","-0,242742",,"9,70847","-0,43866","-0,23189","773,35287","-39,6284"
"74,674","1761,238458","0,757258",,"9,6974","-0,42896","-0,23232","755,81768","-38,75184"
"74,675","1761,238458","-1,242742",,"9,67526","-0,41927","-0,23275","737,91187","-37,87677"
"74,676","1761,238458","1,757258",,"9,70847","-0,40958","-0,23316","722,08297","-37,00121"
"74,677","1758,238458","0,757258",,"9,66419","-0,39989","-0,23357","703,40645","-36,12615"
"74,678","1756,238458","-0,242742",,"9,63098","-0,39024","-0,23396","685,26565","-35,25458"
"74,679","1754,238458","0,757258",,"9,61991","-0,38062","-0,23435","667,98279","-34,38502"
"74,68","1755,238458","0,757258",,"9,63098","-0,37099","-0,23472","651,46116","-33,51546"
"74,681","1755,238458","1,757258",,"9,64205","-0,36136","-0,23509","634,90084","-32,6449"
"74,682","1751,238458","0,757258",,"9,58671","-0,35174","-0,23545","616,24971","-31,77633"
"74,683","1750,238458","0,757258",,"9,57564","-0,34216","-0,23579","599,12138","-30,91077"
"74,684","1749,238458","-0,242742",,"9,5535","-0,3326","-0,23613","581,70867","-30,04671"
"74,685","1744,238458","-0,242742",,"9,49815","-0,32307","-0,23646","563,43269","-29,18614"
"74,686","1742,238458","-1,242742",,"9,46494","-0,31359","-0,23678","545,95615","-28,32958"
"74,687","1739,238458","-0,242742",,"9,4428","-0,30413","-0,23709","528,88873","-27,47552"
"74,688","1736,238458","-0,242742",,"9,4096","-0,29471","-0,23739","511,61248","-26,62395"
"74,689","1731,238458","-1,242742",,"9,34318","-0,28533","-0,23768","493,62312","-25,77689"
"74,69","1726,238458","-1,242742",,"9,28783","-0,27602","-0,23796","476,12725","-24,93533"
"74,691","1723,238458","0,757258",,"9,27677","-0,26673","-0,23823","459,84859","-24,09677"
"74,692","1716,238458","-0,242742",,"9,18821","-0,2575","-0,23849","441,8718","-23,2627"
"74,693","1712,238458","0,757258",,"9,155","-0,24833","-0,23874","425,38838","-22,43414"
"74,694","1708,238458","-0,242742",,"9,09966","-0,2392","-0,23899","408,55728","-21,60958"
"74,695","1705,238458","-0,242742",,"9,06645","-0,23012","-0,23922","392,35311","-20,78901"
"74,696","1700,238458","-0,242742",,"9,0111","-0,22108","-0,23945","375,83663","-19,97245"
"74,697","1695,238458","-0,242742",,"8,95576","-0,2121","-0,23966","359,50436","-19,16089"
"74,698","1693,238458","0,757258",,"8,94469","-0,20315","-0,23987","344,13062","-18,35233"
"74,699","1691,238458","-1,242742",,"8,90041","-0,19422","-0,24007","328,23897","-17,54626"
"74,7","1690,238458","-0,242742",,"8,90041","-0,18532","-0,24026","313,19731","-16,7422"
"74,701","1686,238458","-1,242742",,"8,84506","-0,17645","-0,24044","297,32017","-15,94064"
"74,702","1685,238458","-0,242742",,"8,84506","-0,16761","-0,24061","282,41628","-15,14157"
"74,703","1681,238458","-1,242742",,"8,78972","-0,15879","-0,24078","266,76507","-14,34501"
"74,704","1680,238458","-0,242742",,"8,78972","-0,15","-0,24093","251,99838","-13,55095"
"74,705","1678,238458","0,757258",,"8,77865","-0,14122","-0,24108","237,09978","-12,75738"
"74,706","1675,238458","-1,242742",,"8,7233","-0,13246","-0,24121","221,74461","-11,96682"
"74,707","1672,238458","0,757258",,"8,71223","-0,12375","-0,24134","207,02736","-11,17926"
"74,708","1670,238458","-0,242742",,"8,67902","-0,11505","-0,24146","192,13446","-10,3937"
"74,709","1669,238458","0,757258",,"8,67902","-0,10637","-0,24157","177,64053","-9,60963"
"74,71","1667,238458","1,757258",,"8,66795","-0,0977","-0,24167","163,05814","-8,82607"
"74,711","1663,238458","-1,242742",,"8,59047","-0,08907","-0,24177","148,03254","-8,04651"
"74,712","1660,238458","0,757258",,"8,5794","-0,08048","-0,24185","133,68393","-7,27094"
"74,713","1656,238458","-0,242742",,"8,52405","-0,07193","-0,24193","119,11989","-6,49838"
"74,714","1650,238458","-1,242742",,"8,44657","-0,06345","-0,24199","104,62412","-5,73182"
"74,715","1647,238458","-1,242742",,"8,41336","-0,05502","-0,24205","90,5581","-4,97026"
"74,716","1643,238458","-0,242742",,"8,38015","-0,04662","-0,2421","76,59721","-4,21169"
"74,717","1636,238458","-1,242742",,"8,2916","-0,03828","-0,24215","62,59513","-3,45863"
"74,718","1634,238458","0,757258",,"8,2916","-0,02999","-0,24218","49,0384","-2,70957"
"74,719","1629,238458","0,757258",,"8,23625","-0,02173","-0,24221","35,41827","-1,963"
"74,72","1622,238458","-0,242742",,"8,1477","-0,01354","-0,24222","21,95709","-1,22294"
"74,721","1620,238458","1,757258",,"8,1477","-0,00539","-0,24223","8,74156","-0,48688"
"74,722","1614,238458","-0,242742",,"8,05914","0,00271","-0,24224","4,38044","0,24519"
"74,723","1613,238458","-1,242742",,"8,037","0,01076","-0,24223","17,34847","0,97225"
"74,724","1607,238458","-0,242742",,"7,98166","0,01877","-0,24221","30,16562","1,69581"
"74,725","1607,238458","-1,242742",,"7,97059","0,02675","-0,24219","42,95647","2,41637"
"74,726","1606,238458","-0,242742",,"7,97059","0,03472","-0,24216","55,7572","3,13644"
"74,727","1603,238458","-1,242742",,"7,92631","0,04267","-0,24212","68,35171","3,8545"
"74,728","1600,238458","-0,242742",,"7,90417","0,05058","-0,24208","80,93073","4,56956"
"74,729","1599,238458","-1,242742",,"7,88203","0,05847","-0,24202","93,44271","5,28263"
"74,73","1599,238458","-0,242742",,"7,8931","0,06636","-0,24196","106,11337","5,99519"
"74,731","1601,238458","0,757258",,"7,92631","0,07427","-0,24189","118,98378","6,70975"
"74,732","1598,238458","0,757258",,"7,8931","0,08218","-0,24181","131,40855","7,42432"
"74,733","1599,238458","-0,242742",,"7,8931","0,09008","-0,24172","144,02959","8,13738"
"74,734","1597,238458","1,757258",,"7,8931","0,09797","-0,24163","156,65062","8,85044"
"74,735","1599,238458","-2,242742",,"7,87096","0,10585","-0,24153","169,04226","9,5625"
"74,736","1601,238458","-0,242742",,"7,91524","0,11374","-0,24142","182,10249","10,27557"
"74,737","1600,238458","-0,242742",,"7,90417","0,12165","-0,2413","194,64424","10,99013"
"74,738","1600,238458","-0,242742",,"7,90417","0,12956","-0,24117","207,29088","11,70419"
"74,739","1596,238458","0,757258",,"7,87096","0,13744","-0,24104","219,49863","12,41676"
"74,74","1599,238458","-3,242742",,"7,8599","0,14531","-0,2409","231,91437","13,12732"
"74,741","1599,238458","0,757258",,"7,90417","0,15319","-0,24075","245,10684","13,83938"
"74,742","1599,238458","-0,242742",,"7,8931","0,16109","-0,24059","257,58353","14,55294"
"74,743","1598,238458","0,757258",,"7,8931","0,16898","-0,24043","270,20457","15,26601"
"74,744","1599,238458","-0,242742",,"7,8931","0,17688","-0,24026","282,82561","15,97907"
"74,745","1599,238458","-2,242742",,"7,87096","0,18476","-0,24007","295,05943","16,69113"
"74,746","1597,238458","-1,242742",,"7,8599","0,19262","-0,23989","307,42786","17,4017"
"74,747","1596,238458","1,757258",,"7,88203","0,2005","-0,23969","320,39088","18,11276"
"74,748","1598,238458","0,757258",,"7,8931","0,20838","-0,23949","333,20356","18,82532"
"74,749","1597,238458","-0,242742",,"7,87096","0,21627","-0,23927","345,37437","19,53739"
"74,75","1595,238458","-0,242742",,"7,84883","0,22412","-0,23905","357,47834","20,24745"
"74,751","1599,238458","0,757258",,"7,90417","0,232","-0,23882","371,20133","20,95901"
"74,752","1595,238458","-0,242742",,"7,84883","0,23988","-0,23859","382,60431","21,67057"
"74,753","1596,238458","-0,242742",,"7,8599","0,24773","-0,23834","395,37971","22,38014"
"74,754","1596,238458","-1,242742",,"7,84883","0,25559","-0,23809","407,65965","23,0897"
"74,755","1598,238458","-2,242742",,"7,8599","0,26344","-0,23783","420,45076","23,79926"
"74,756","1599,238458","-0,242742",,"7,8931","0,27132","-0,23757","433,83558","24,51083"
"74,757","1600,238458","0,757258",,"7,91524","0,27922","-0,23729","447,03276","25,22489"
"74,758","1601,238458","-1,242742",,"7,90417","0,28713","-0,23701","459,40903","25,93945"
"74,759","1601,238458","-0,242742",,"7,91524","0,29504","-0,23672","472,35957","26,65401"
"74,76","1601,238458","-0,242742",,"7,91524","0,30296","-0,23642","485,03184","27,36908"
"74,761","1602,238458","-2,242742",,"7,90417","0,31087","-0,23611","497,38438","28,08364"
"74,762","1602,238458","1,757258",,"7,94845","0,31879","-0,2358","511,34162","28,7997"
"74,763","1603,238458","-1,242742",,"7,92631","0,32673","-0,23547","523,41968","29,51677"
"74,764","1601,238458","-0,242742",,"7,91524","0,33465","-0,23514","535,77408","30,23233"
"74,765","1602,238458","-0,242742",,"7,92631","0,34257","-0,2348","548,79778","30,94789"
"74,766","1602,238458","-0,242742",,"7,92631","0,3505","-0,23446","561,4957","31,66396"
"74,767","1601,238458","0,757258",,"7,92631","0,35842","-0,2341","574,19361","32,38002"
"74,768","1603,238458","-2,242742",,"7,91524","0,36634","-0,23374","586,51632","33,09558"
"74,769","1603,238458","0,757258",,"7,94845","0,37428","-0,23337","600,338","33,81214"
"74,77","1603,238458","-0,242742",,"7,93738","0,38222","-0,23299","612,69618","34,52971"
"74,771","1601,238458","0,757258",,"7,92631","0,39015","-0,23261","625,02075","35,24627"
"74,772","1603,238458","-0,242742",,"7,93738","0,39808","-0,23221","638,12561","35,96283"
"74,773","1603,238458","-1,242742",,"7,92631","0,40602","-0,23181","650,43431","36,6794"
"74,774","1604,238458","0,757258",,"7,95952","0,41396","-0,2314","664,4007","37,39696"
"74,775","1603,238458","-0,242742",,"7,93738","0,42191","-0,23098","676,31412","38,11502"
"74,776","1602,238458","-0,242742",,"7,92631","0,42984","-0,23056","688,59899","38,83159"
"74,777","1607,238458","-1,242742",,"7,97059","0,43779","-0,23012","703,08352","39,54965"
"74,778","1605,238458","2,757258",,"7,99273","0,44577","-0,22968","716,79357","40,27071"
"74,779","1607,238458","-0,242742",,"7,98166","0,45376","-0,22923","729,18318","40,99227"
"74,78","1609,238458","1,757258",,"8,02593","0,46176","-0,22877","743,89229","41,71534"
"74,781","1608,238458","-1,242742",,"7,98166","0,46976","-0,22831","754,90732","42,4384"
"74,782","1608,238458","0,757258",,"8,0038","0,47776","-0,22783","768,70711","43,16046"
"74,783","1609,238458","2,757258",,"8,037","0,48578","-0,22735","783,06922","43,88503"
"74,784","1609,238458","0,757258",,"8,01487","0,4938","-0,22686","795,01939","44,61009"
"74,785","1609,238458","-0,242742",,"8,0038","0,50181","-0,22636","807,41257","45,33365"
"74,786","1610,238458","-0,242742",,"8,01487","0,50982","-0,22586","820,80937","46,05721"
"74,787","1611,238458","0,757258",,"8,037","0,51785","-0,22534","834,76678","46,78228"
"74,788","1611,238458","1,757258",,"8,04807","0,52589","-0,22482","848,25721","47,50884"
"74,789","1612,238458","-0,242742",,"8,037","0,53393","-0,22429","860,69586","48,2354"
"74,79","1611,238458","-0,242742",,"8,02593","0,54196","-0,22375","873,10059","48,96097"
"74,791","1614,238458","-0,242742",,"8,05914","0,55001","-0,22321","887,7071","49,68753"
"74,792","1616,238458","0,757258",,"8,09235","0,55808","-0,22265","902,41557","50,41709"
"74,793","1617,238458","0,757258",,"8,10342","0,56618","-0,22209","916,076","51,14866"
"74,794","1615,238458","0,757258",,"8,08128","0,57427","-0,22152","928,02084","51,87972"
"74,795","1618,238458","-0,242742",,"8,10342","0,58236","-0,22094","942,26277","52,61078"
"74,796","1620,238458","-2,242742",,"8,10342","0,59047","-0,22036","955,37407","53,34284"
"74,797","1625,238458","-0,242742",,"8,1809","0,59861","-0,21976","972,73832","54,07841"
"74,798","1626,238458","-1,242742",,"8,1809","0,60679","-0,21916","986,03226","54,81747"
"74,799","1625,238458","0,757258",,"8,19197","0,61498","-0,21855","999,95017","55,55703"
"74,8","1627,238458","-0,242742",,"8,20304","0,62317","-0,21793","1013,90245","56,2976"
"74,801","1630,238458","-1,242742",,"8,22518","0,63139","-0,2173","1028,52956","57,03966"
"74,802","1630,238458","-0,242742",,"8,23625","0,63962","-0,21667","1042,57698","57,78322"
"74,803","1630,238458","1,757258",,"8,25839","0,64787","-0,21602","1057,31581","58,52828"
"74,804","1633,238458","-1,242742",,"8,25839","0,65613","-0,21537","1070,79347","59,27435"
"74,805","1633,238458","1,757258",,"8,2916","0,6644","-0,21471","1086,29142","60,02191"
"74,806","1636,238458","-1,242742",,"8,2916","0,67269","-0,21404","1099,84815","60,77097"
"74,807","1638,238458","0,757258",,"8,33588","0,68101","-0,21337","1116,1651","61,52204"
"74,808","1637,238458","-2,242742",,"8,2916","0,68932","-0,21268","1127,034","62,2731"
"74,809","1639,238458","-0,242742",,"8,33588","0,69763","-0,21199","1143,41745","63,02416"
"74,81","1640,238458","0,757258",,"8,35801","0,70598","-0,21129","1158,51002","63,77823"
"74,811","1640,238458","-2,242742",,"8,32481","0,71432","-0,21058","1170,05527","64,53179"
"74,812","1641,238458","-1,242742",,"8,34694","0,72266","-0,20986","1185,15471","65,28485"
"74,813","1643,238458","-1,242742",,"8,36908","0,73102","-0,20913","1200,32385","66,03991"
"74,814","1645,238458","-1,242742",,"8,39122","0,7394","-0,20839","1215,56282","66,79698"
"74,815","1643,238458","-1,242742",,"8,36908","0,74778","-0,20765","1227,8442","67,55404"
"74,816","1646,238458","-0,242742",,"8,41336","0,75617","-0,2069","1244,64722","68,3121"
"74,817","1646,238458","-1,242742",,"8,40229","0,76457","-0,20614","1257,72189","69,07167"
"74,818","1646,238458","1,757258",,"8,4355","0,77299","-0,20537","1273,88991","69,83223"
"74,819","1648,238458","-0,242742",,"8,4355","0,78143","-0,20459","1287,79158","70,59429"
"74,82","1648,238458","0,757258",,"8,44657","0,78987","-0,20381","1302,49224","71,35686"
"74,821","1652,238458","0,757258",,"8,49085","0,79834","-0,20301","1319,65045","72,12192"
"74,822","1653,238458","-0,242742",,"8,49085","0,80683","-0,20221","1333,68578","72,88898"
"74,823","1653,238458","-0,242742",,"8,49085","0,81532","-0,2014","1347,72111","73,65604"
"74,824","1656,238458","1,757258",,"8,54619","0,82384","-0,20058","1365,92138","74,42561"
"74,825","1658,238458","0,757258",,"8,55726","0,83239","-0,19975","1380,9325","75,19817"
"74,826","1660,238458","-1,242742",,"8,55726","0,84095","-0,19892","1395,12896","75,97123"
"74,827","1661,238458","-1,242742",,"8,56833","0,84951","-0,19807","1410,18411","76,7448"
"74,828","1662,238458","-2,242742",,"8,56833","0,85808","-0,19722","1424,4075","77,51886"
"74,829","1666,238458","-0,242742",,"8,63475","0,86668","-0,19635","1443,8861","78,29592"
"74,83","1668,238458","-1,242742",,"8,64582","0,87532","-0,19548","1459,15609","79,07648"
"74,831","1671,238458","0,757258",,"8,70116","0,88399","-0,1946","1478,03473","79,86005"
"74,832","1670,238458","-0,242742",,"8,67902","0,89268","-0,19371","1490,77916","80,64511"
"74,833","1674,238458","-1,242742",,"8,71223","0,90138","-0,19282","1508,00496","81,43067"
"74,834","1674,238458","-0,242742",,"8,7233","0,9101","-0,19191","1523,49984","82,21824"
"74,835","1677,238458","-1,242742",,"8,74544","0,91883","-0,191","1539,95881","83,0073"
"74,836","1677,238458","-1,242742",,"8,74544","0,92758","-0,19007","1554,61612","83,79736"
"74,837","1681,238458","-1,242742",,"8,78972","0,93635","-0,18914","1573,05593","84,58943"
"74,838","1684,238458","0,757258",,"8,84506","0,94516","-0,1882","1592,59492","85,38599"
"74,839","1686,238458","-0,242742",,"8,85613","0,95401","-0,18725","1608,46215","86,18555"
"74,84","1689,238458","-1,242742",,"8,87827","0,96288","-0,18629","1625,33797","86,98661"
"74,841","1690,238458","1,757258",,"8,92255","0,97178","-0,18533","1644,24895","87,79068"
"74,842","1691,238458","-1,242742",,"8,90041","0,98069","-0,18435","1657,36575","88,59574"
"74,843","1695,238458","-1,242742",,"8,94469","0,98961","-0,18336","1676,40327","89,4018"
"74,844","1699,238458","-2,242742",,"8,97789","0,99858","-0,18237","1694,57939","90,21137"
"74,845","1698,238458","-0,242742",,"8,98896","1,00756","-0,18137","1710,83179","91,02293"
"74,846","1702,238458","-1,242742",,"9,02217","1,01657","-0,18036","1729,1729","91,83649"
"74,847","1704,238458","-0,242742",,"9,05538","1,0256","-0,17933","1747,62463","92,65306"
"74,848","1708,238458","-1,242742",,"9,08859","1,03468","-0,1783","1766,18728","93,47262"
"74,849","1707,238458","-2,242742",,"9,06645","1,04375","-0,17727","1779,59505","94,29268"
"74,85","1710,238458","-1,242742",,"9,11073","1,05284","-0,17622","1799,30242","95,11374"
"74,851","1717,238458","-2,242742",,"9,17714","1,06199","-0,17516","1821,30128","95,93981"
"74,852","1716,238458","-1,242742",,"9,17714","1,07116","-0,17409","1837,04004","96,76887"
"74,853","1720,238458","-0,242742",,"9,23249","1,08037","-0,17302","1858,2281","97,60043"
"74,854","1723,238458","-0,242742",,"9,2657","1,08962","-0,17193","1877,40535","98,436"
"74,855","1727,238458","-0,242742",,"9,30997","1,0989","-0,17084","1897,80386","99,27506"
"74,856","1729,238458","-2,242742",,"9,30997","1,10821","-0,16973","1913,88215","100,11612"
"74,857","1731,238458","-0,242742",,"9,35425","1,11755","-0,16862","1934,46885","100,95918"
"74,858","1736,238458","-2,242742",,"9,38746","1,12692","-0,1675","1954,07051","101,80575"
"74,859","1737,238458","0,757258",,"9,43174","1,13633","-0,16637","1974,93202","102,65581"
"74,86","1742,238458","-2,242742",,"9,45387","1,14577","-0,16523","1993,63512","103,50887"
"74,861","1742,238458","0,757258",,"9,48708","1,15524","-0,16408","2013,57943","104,36444"
"74,862","1748,238458","-0,242742",,"9,54243","1,16476","-0,16292","2035,98738","105,224"
"74,863","1750,238458","-1,242742",,"9,5535","1,1743","-0,16175","2053,85148","106,08656"
"74,864","1755,238458","-1,242742",,"9,60884","1,18388","-0,16057","2076,52833","106,95213"
"74,865","1757,238458","-0,242742",,"9,64205","1,19351","-0,15938","2096,99186","107,82169"
"74,866","1762,238458","1,757258",,"9,71954","1,20319","-0,15818","2122,42331","108,69625"
"74,867","1764,238458","-0,242742",,"9,71954","1,21291","-0,15697","2139,56853","109,57431"
"74,868","1765,238458","-0,242742",,"9,73061","1,22264","-0,15575","2157,94615","110,45288"
"74,869","1767,238458","-1,242742",,"9,74168","1,23237","-0,15453","2176,36276","111,33244"
"74,87","1771,238458","0,757258",,"9,80809","1,24215","-0,15329","2201,07804","112,2155"
"74,871","1776,238458","0,757258",,"9,86344","1,25198","-0,15204","2224,76689","113,10407"
"74,872","1780,238458","0,757258",,"9,90771","1,26187","-0,15079","2247,38099","113,99713"
"74,873","1781,238458","-1,242742",,"9,89665","1,27177","-0,14952","2263,74496","114,89169"
"74,874","1787,238458","-0,242742",,"9,97413","1,28171","-0,14824","2290,40184","115,78925"
"74,875","1790,238458","0,757258",,"10,01841","1,2917","-0,14696","2313,43194","116,69232"
"74,876","1792,238458","-1,242742",,"10,01841","1,30172","-0,14566","2331,37486","117,59738"
"74,877","1796,238458","0,757258",,"10,08482","1,31177","-0,14435","2357,24789","118,50544"
"74,878","1796,238458","-1,242742",,"10,06268","1,32185","-0,14304","2372,70669","119,41551"
"74,879","1800,238458","-0,242742",,"10,11803","1,33194","-0,14171","2397,47852","120,32707"
"74,88","1803,238458","-3,242742",,"10,11803","1,34205","-0,14037","2415,69094","121,24113"
"74,881","1806,238458","-0,242742",,"10,18445","1,3522","-0,13902","2442,07635","122,1582"
"74,882","1808,238458","-0,242742",,"10,20659","1,3624","-0,13767","2463,21421","123,07926"
"74,883","1812,238458","-0,242742",,"10,25086","1,37263","-0,1363","2487,19822","124,00332"
"74,884","1813,238458","-0,242742",,"10,26193","1,38289","-0,13492","2507,16565","124,92988"
"74,885","1817,238458","1,757258",,"10,32835","1,39318","-0,13353","2534,18978","125,85995"
"74,886","1819,238458","-1,242742",,"10,31728","1,4035","-0,13214","2551,56343","126,79251"
"74,887","1820,238458","-0,242742",,"10,33942","1,41383","-0,13073","2573,16799","127,72557"
"74,888","1825,238458","0,757258",,"10,40583","1,4242","-0,12931","2600,59135","128,66264"
"74,889","1826,238458","-0,242742",,"10,40583","1,43461","-0,12788","2619,59236","129,6027"
"74,89","1830,238458","-0,242742",,"10,45011","1,44504","-0,12644","2644,41394","130,54476"
"74,891","1832,238458","-0,242742",,"10,47225","1,4555","-0,12499","2666,46885","131,48983"
"74,892","1834,238458","0,757258",,"10,50546","1,46599","-0,12353","2690,08235","132,43739"
"74,893","1836,238458","-1,242742",,"10,50546","1,47649","-0,12206","2709,35982","133,38645"
"74,894","1841,238458","0,757258",,"10,58294","1,48704","-0,12057","2739,11765","134,33901"
"74,895","1841,238458","-1,242742",,"10,5608","1,49761","-0,11908","2755,59577","135,29408"
"74,896","1841,238458","-0,242742",,"10,57187","1,50818","-0,11758","2776,54596","136,24864"
"74,897","1842,238458","-1,242742",,"10,57187","1,51875","-0,11607","2796,00873","137,2037"
"74,898","1845,238458","-0,242742",,"10,61615","1,52934","-0,11454","2821,62963","138,16077"
"74,899","1849,238458","0,757258",,"10,6715","1,53999","-0,11301","2848,96737","139,12233"
"74,9","1849,238458","0,757258",,"10,6715","1,55066","-0,11146","2868,70959","140,08639"
"74,901","1850,238458","-0,242742",,"10,6715","1,56133","-0,10991","2888,45181","141,05045"
"74,902","1853,238458","-1,242742",,"10,69363","1,57201","-0,10834","2911,35854","142,01552"
"74,903","1855,238458","2,757258",,"10,76005","1,58274","-0,10676","2940,72103","142,98458"
"74,904","1855,238458","0,757258",,"10,73791","1,59349","-0,10517","2957,50562","143,95564"
"74,905","1857,238458","0,757258",,"10,76005","1,60424","-0,10357","2980,66415","144,92671"
"74,906","1858,238458","-2,242742",,"10,73791","1,61499","-0,10196","2997,40574","145,89777"
"74,907","1860,238458","0,757258",,"10,79326","1,62575","-0,10034","3025,51538","146,87033"
"74,908","1861,238458","1,757258",,"10,8154","1,63656","-0,09871","3048,8953","147,8464"
"74,909","1862,238458","1,757258",,"10,82647","1,64738","-0,09707","3070,70202","148,82396"
"74,91","1863,238458","-2,242742",,"10,79326","1,65819","-0,09542","3085,877","149,80052"
"74,911","1864,238458","-2,242742",,"10,80433","1,66898","-0,09376","3107,64249","150,77608"
"74,912","1864,238458","-0,242742",,"10,82647","1,6798","-0,09208","3131,14032","151,75315"
"74,913","1866,238458","-1,242742",,"10,83754","1,69063","-0,0904","3153,02175","152,73171"
"74,914","1866,238458","0,757258",,"10,85967","1,70148","-0,0887","3176,65731","153,71177"
"74,915","1866,238458","-2,242742",,"10,82647","1,71232","-0,08699","3191,76431","154,69134"
"74,916","1867,238458","-0,242742",,"10,85967","1,72317","-0,08527","3217,14524","155,6709"
"74,917","1869,238458","-1,242742",,"10,87074","1,73403","-0,08355","3239,16457","156,65246"
"74,918","1868,238458","2,757258",,"10,90395","1,74492","-0,08181","3264,73685","157,63602"
"74,919","1867,238458","-0,242742",,"10,85967","1,7558","-0,08006","3278,07347","158,61909"
"74,92","1870,238458","-0,242742",,"10,89288","1,76668","-0,0783","3303,67947","159,60165"
"74,921","1866,238458","-0,242742",,"10,8486","1,77755","-0,07652","3316,89752","160,58371"
"74,922","1865,238458","0,757258",,"10,8486","1,7884","-0,07474","3337,14097","161,56378"
"74,923","1866,238458","1,757258",,"10,87074","1,79926","-0,07295","3361,00359","162,54484"
"74,924","1864,238458","-3,242742",,"10,79326","1,81009","-0,07114","3368,5671","163,5234"
"74,925","1861,238458","0,757258",,"10,80433","1,82089","-0,06933","3390,48449","164,49897"
"74,926","1860,238458","-1,242742",,"10,77112","1,83168","-0,0675","3405,07616","165,47353"
"74,927","1858,238458","-1,242742",,"10,74898","1,84244","-0,06566","3421,39418","166,44559"
"74,928","1855,238458","-2,242742",,"10,7047","1,85316","-0,06381","3433,90123","167,41465"
"74,929","1852,238458","-0,242742",,"10,69363","1,86386","-0,06196","3451,86289","168,38122"
"74,93","1849,238458","-0,242742",,"10,66043","1,87454","-0,06009","3466,01309","169,34578"
"74,931","1845,238458","0,757258",,"10,62722","1,88518","-0,05821","3480,03792","170,30734"
"74,932","1844,238458","0,757258",,"10,61615","1,8958","-0,05632","3497,7497","171,26691"
"74,933","1838,238458","2,757258",,"10,57187","1,9064","-0,05442","3509,67002","172,22397"
"74,934","1834,238458","-1,242742",,"10,48332","1,91693","-0,0525","3513,71587","173,17503"
"74,935","1829,238458","1,757258",,"10,46118","1,9274","-0,05058","3529,05666","174,1211"
"74,936","1822,238458","-0,242742",,"10,36156","1,93781","-0,04865","3530,67955","175,06166"
"74,937","1819,238458","0,757258",,"10,33942","1,94816","-0,04671","3545,64178","175,99672"
"74,938","1811,238458","-2,242742",,"10,21766","1,95844","-0,04475","3542,80585","176,92528"
"74,939","1803,238458","-1,242742",,"10,14017","1,96862","-0,04279","3547,43914","177,84485"
"74,94","1795,238458","0,757258",,"10,07375","1,97872","-0,04082","3553,7795","178,75791"
"74,941","1788,238458","-0,242742",,"9,9852","1,98875","-0,03883","3555,88237","179,66397"
"74,942","1779,238458","0,757258",,"9,89665","1,99869","-0,03684","3557,66715","180,56204"
"74,943","1773,238458","0,757258",,"9,83023","2,00856","-0,03483","3563,17268","181,4531"
"74,944","1761,238458","0,757258",,"9,6974","2,01832","-0,03282","3556,27378","182,33516"
"74,945","1751,238458","-0,242742",,"9,57564","2,02796","-0,0308","3550,94575","183,20572"
"74,946","1739,238458","-1,242742",,"9,43174","2,03746","-0,02877","3541,09966","184,06429"
"74,947","1728,238458","1,757258",,"9,34318","2,04685","-0,02672","3541,04023","184,91235"
"74,948","1714,238458","-0,242742",,"9,16607","2,0561","-0,02467","3524,15303","185,74841"
"74,949","1702,238458","-0,242742",,"9,03324","2,0652","-0,02261","3514,96736","186,57048"
"74,95","1691,238458","-1,242742",,"8,90041","2,07417","-0,02054","3505,33882","187,38054"
"74,951","1676,238458","-1,242742",,"8,73437","2,08299","-0,01846","3488,99535","188,1771"
"74,952","1660,238458","-0,242742",,"8,56833","2,09164","-0,01638","3472,11174","188,95867"
"74,953","1647,238458","1,757258",,"8,44657","2,10015","-0,01428","3463,13246","189,72723"
"74,954","1632,238458","0,757258",,"8,26946","2,1085","-0,01218","3443,17872","190,48229"
"74,955","1616,238458","-0,242742",,"8,08128","2,11668","-0,01006","3420,54551","191,22085"
"74,956","1598,238458","-0,242742",,"7,88203","2,12466","-0,00794","3395,19993","191,94192"
"74,957","1583,238458","-1,242742",,"7,70493","2,13245","-0,00581","3373,53459","192,64598"
"74,958","1566,238458","0,757258",,"7,53889","2,14008","-0,00368","3353,49126","193,33454"
"74,959","1546,238458","2,757258",,"7,33964","2,14752","-0,00153","3326,49326","194,00661"
"74,96","1527,238458","1,757258",,"7,11825","2,15475","0,00062","3294,59597","194,65967"
"74,961","1508,238458","-0,242742",,"6,8858","2,16175","0,00278","3259,90535","195,29223"
"74,962","1490,238458","0,757258",,"6,69762","2,16854","0,00494","3233,28205","195,90579"
"74,963","1468,238458","-0,242742",,"6,44303","2,17511","0,00711","3193,05087","196,49936"
"74,964","1448,238458","1,757258",,"6,24378","2,18145","0,00929","3163,09681","197,07242"
"74,965","1427,238458","0,757258",,"6,00025","2,18757","0,01148","3123,84707","197,62548"
"74,966","1404,238458","-0,242742",,"5,73459","2,19344","0,01367","3079,58312","198,15555"
"74,967","1379,238458","-1,242742",,"5,44679","2,19903","0,01586","3030,25757","198,66061"
"74,968","1358,238458","1,757258",,"5,24754","2,20438","0,01806","2997,94711","199,14367"
"74,969","1337,238458","-0,242742",,"4,99295","2,2095","0,02027","2954,09212","199,60624"
"74,97","1312,238458","0,757258",,"4,72729","2,21436","0,02248","2907,44543","200,0453"
"74,971","1287,238458","2,757258",,"4,47269","2,21896","0,0247","2862,44911","200,46086"
"74,972","1266,238458","-0,242742",,"4,20703","2,2233","0,02692","2814,68831","200,85292"
"74,973","1245,238458","-0,242742",,"3,97457","2,22739","0,02915","2773,09204","201,22249"
"74,974","1218,238458","-0,242742",,"3,6757","2,23122","0,03138","2717,61149","201,56805"
"74,975","1195,238458","0,757258",,"3,43218","2,23477","0,03361","2672,77523","201,88911"
"74,976","1173,238458","-1,242742",,"3,16651","2,23807","0,03584","2623,00758","202,18718"
"74,977","1151,238458","-0,242742",,"2,93406","2,24112","0,03808","2579,51899","202,46274"
"74,978","1128,238458","0,757258",,"2,69054","2,24393","0,04033","2533,38943","202,7168"
"74,979","1108,238458","-1,242742",,"2,44701","2,2465","0,04257","2486,86655","202,94887"
"74,98","1081,238458","-0,242742",,"2,15921","2,2488","0,04482","2430,94719","203,15693"
"74,981","1059,238458","-1,242742",,"1,90462","2,25084","0,04707","2381,37446","203,34049"
"74,982","1036,238458","0,757258",,"1,67216","2,25262","0,04932","2335,96146","203,50205"
"74,983","1011,238458","0,757258",,"1,39543","2,25416","0,05157","2281,19805","203,64062"
"74,984","990,238458","1,757258",,"1,17404","2,25544","0,05383","2237,38935","203,75668"
"74,985","962,238458","-1,242742",,"0,83089","2,25645","0,05609","2168,43399","203,84724"
"74,986","939,238458","0,757258",,"0,59844","2,25716","0,05834","2121,72043","203,91181"
"74,987","913,238458","1,757258",,"0,32171","2,25762","0,0606","2065,7124","203,95337"
"74,988","884,238458","-0,242742",,"-0,02144","2,25777","0,06286","1995,85891","203,96693"
"74,989","857,238458","0,757258",,"-0,30924","2,2576","0,06512","1937,01503","203,95199"
"74,99","827,238458","-0,242742",,"-0,65239","2,25712","0,06737","1866,63165","203,90856"
"74,991","796,238458","0,757258",,"-0,98447","2,25631","0,06963","1798,26566","203,83462"
"74,992","760,238458","1,757258",,"-1,3719","2,25513","0,07188","1718,3972","203,72818"
"74,993","725,238458","-0,242742",,"-1,78146","2,25355","0,07414","1633,81441","203,58575"
"74,994","688,238458","-0,242742",,"-2,19102","2,25156","0,07639","1549,06652","203,40631"
"74,995","653,238458","1,757258",,"-2,55631","2,24919","0,07864","1473,21016","203,19187"
"74,996","614,238458","-2,242742",,"-3,03229","2,2464","0,08089","1374,78487","202,93944"
"74,997","576,238458","0,757258",,"-3,41971","2,24317","0,08313","1294,29961","202,648"
"74,998","542,238458","0,757258",,"-3,79607","2,23956","0,08538","1216,07275","202,32206"
"74,999","507,238458","0,757258",,"-4,1835","2,23557","0,08761","1135,66128","201,96162"
75,"471,238458","-1,242742",,"-4,60413","2,23118","0,08985","1048,64445","201,56469"
"75,001","428,238458","-1,242742",,"-5,08011","2,22634","0,09208","950,6362","201,12725"
"75,002","391,238458","-0,242742",,"-5,4786","2,22106","0,0943","868,42387","200,65031"
"75,003","346,238458","-0,242742",,"-5,97672","2,21533","0,09652","766,49455","200,13288"
"75,004","300,238458","0,757258",,"-6,47484","2,2091","0,09873","664,93079","199,57044"
"75,005","251,238458","1,757258",,"-7,00617","2,20236","0,10094","557,18848","198,9615"
"75,006","204,238458","-0,242742",,"-7,54856","2,19509","0,10313","447,78813","198,30406"
"75,007","160,238458","-1,242742",,"-8,04668","2,18729","0,10533","347,76947","197,59963"
"75,008","125,238458","-1,242742",,"-8,4341","2,17905","0,10751","270,19261","196,85519"
"75,009","92,238458","-1,242742",,"-8,79939","2,17043","0,10968","197,49994","196,07675"
"75,01","68,238458","0,757258",,"-9,04292","2,16151","0,11185","149,13493","195,27082"
"75,011","43,238458","-2,242742",,"-9,35286","2,15231","0,11401","88,23558","194,43988"
"75,012","27,238458","-3,242742",,"-9,54103","2,14287","0,11615","51,41958","193,58644"
"75,013","23,238458","-2,242742",,"-9,57424","2,13331","0,11829","44,79032","192,72301"
"75,014","15,238458","-4,242742",,"-9,68494","2,12368","0,12042","23,35136","191,85307"
"75,015","8,238458","-2,242742",,"-9,74028","2,11397","0,12254","12,67474","190,97563"
"75,016","1,238458","-4,242742",,"-9,83991","2,10418","0,12465","6,32154","190,09119"
"75,017","-3,761542","-0,242742",,"-9,85097","2,09433","0,12675","8,38629","189,20176"
"75,018","-5,761542","-2,242742",,"-9,89525","2,08446","0,12884","16,68458","188,30982"
"75,019","-5,761542","-2,242742",,"-9,89525","2,07456","0,13092","16,60538","187,41588"
"75,02","-2,761542","-2,242742",,"-9,86204","2,06468","0,13299","10,33226","186,52345"
"75,021","-2,761542","-0,242742",,"-9,83991","2,05483","0,13505","6,1733","185,63351"
"75,022","0,238458","0,757258",,"-9,79563","2,04501","0,1371","2,03625","184,74657"
"75,023","0,238458","0,757258",,"-9,79563","2,03522","0,13914","2,0265","183,86164"
"75,024","2,238458","0,757258",,"-9,77349","2,02543","0,14117","6,06762","182,9777"
"75,025","4,238458","4,757258",,"-9,70707","2,01569","0,14319","18,13261","182,09776"
"75,026","4,238458","3,757258",,"-9,71814","2,00598","0,1452","16,03925","181,22032"
"75,027","3,238458","0,757258",,"-9,76242","1,99624","0,1472","7,97641","180,34039"
"75,028","4,238458","2,757258",,"-9,72921","1,98649","0,14919","13,89695","179,45995"
"75,029","2,238458","1,757258",,"-9,76242","1,97675","0,15117","7,89853","178,57951"
"75,03","2,238458","3,757258",,"-9,74028","1,967","0,15314","11,79356","177,69858"
"75,031","3,238458","2,757258",,"-9,74028","1,95726","0,15511","11,73516","176,81864"
"75,032","3,238458","1,757258",,"-9,75135","1,94751","0,15706","9,72922","175,9382"
"75,033","3,238458","1,757258",,"-9,75135","1,93776","0,159","9,6805","175,05726"
"75,034","1,238458","-0,242742",,"-9,79563","1,92799","0,16093","1,91973","174,17433"
"75,035","2,238458","-2,242742",,"-9,8067","1,91819","0,16286","0,00822","173,28889"
"75,036","0,238458","0,757258",,"-9,79563","1,90838","0,16477","1,90021","172,40345"
"75,037","-1,761542","-1,242742",,"-9,83991","1,89857","0,16667","5,70383","171,51652"
"75,038","-0,761542","-3,242742",,"-9,85097","1,88872","0,16857","7,56298","170,62708"
"75,039","-1,761542","-1,242742",,"-9,83991","1,87888","0,17045","5,64468","169,73764"
"75,04","-2,761542","-1,242742",,"-9,85097","1,86903","0,17232","7,48413","168,84821"
"75,041","-0,761542","-1,242742",,"-9,82884","1,85919","0,17419","3,72635","167,95927"
"75,042","-3,761542","-1,242742",,"-9,86204","1,84935","0,17604","9,25465","167,06983"
"75,043","-1,761542","-0,242742",,"-9,82884","1,8395","0,17789","3,68688","166,18039"
"75,044","-3,761542","0,757258",,"-9,83991","1,82967","0,17972","5,49683","165,29196"
"75,045","-2,761542","-2,242742",,"-9,86204","1,81981","0,18155","9,10687","164,40202"
"75,046","-1,761542","-0,242742",,"-9,82884","1,80997","0,18336","3,62769","163,51258"
"75,047","0,238458","0,757258",,"-9,79563","1,80016","0,18517","1,79244","162,62615"
"75,048","-0,761542","1,757258",,"-9,79563","1,79036","0,18696","1,78269","161,74121"
"75,049","1,238458","0,757258",,"-9,78456","1,78057","0,18875","3,55351","160,85677"
"75,05","2,238458","2,757258",,"-9,75135","1,7708","0,19052","8,84643","159,97433"
"75,051","2,238458","0,757258",,"-9,77349","1,76104","0,19229","5,27558","159,0924"
"75,052","2,238458","-1,242742",,"-9,79563","1,75126","0,19405","1,74375","158,20846"
"75,053","2,238458","1,757258",,"-9,76242","1,74148","0,19579","6,95845","157,32502"
"75,054","3,238458","0,757258",,"-9,76242","1,73171","0,19753","6,91944","156,44309"
"75,055","1,238458","1,757258",,"-9,77349","1,72195","0,19926","5,15846","155,56065"
"75,056","1,238458","0,757258",,"-9,78456","1,71217","0,20097","3,417","154,67721"
"75,057","-0,761542","0,757258",,"-9,8067","1,70237","0,20268","0,00729","153,79228"
"75,058","0,238458","0,757258",,"-9,79563","1,69257","0,20438","1,68532","152,90684"
"75,059","-1,761542","-1,242742",,"-9,83991","1,68275","0,20606","5,05547","152,0199"
"75,06","1,238458","-0,242742",,"-9,79563","1,67294","0,20774","1,66577","151,13296"
"75,061","-0,761542","-2,242742",,"-9,83991","1,66312","0,20941","4,99648","150,24603"
"75,062","-0,761542","-3,242742",,"-9,85097","1,65327","0,21107","6,62017","149,35659"
"75,063","-1,761542","-1,242742",,"-9,83991","1,64343","0,21272","4,93732","148,46715"
"75,064","-1,761542","-0,242742",,"-9,82884","1,63359","0,21436","3,27418","147,57872"
"75,065","-0,761542","-2,242742",,"-9,83991","1,62376","0,21598","4,87823","146,69028"
"75,066","-0,761542","-0,242742",,"-9,81777","1,61393","0,2176","1,62084","145,80234"
"75,067","-1,761542","0,757258",,"-9,81777","1,60411","0,21921","1,61098","144,91541"
"75,068","-0,761542","-0,242742",,"-9,81777","1,59429","0,22081","1,60112","144,02847"
"75,069","-0,761542","0,757258",,"-9,8067","1,58448","0,2224","0,00679","143,14203"
"75,07","-0,761542","0,757258",,"-9,8067","1,57467","0,22398","0,00675","142,25609"
"75,071","-0,761542","0,757258",,"-9,8067","1,56487","0,22555","0,0067","141,37016"
"75,072","-0,761542","-1,242742",,"-9,82884","1,55505","0,22711","3,11676","140,48322"
"75,073","0,238458","0,757258",,"-9,79563","1,54524","0,22866","1,53862","139,59678"
"75,074","2,238458","-0,242742",,"-9,78456","1,53545","0,2302","3,06432","138,71235"
"75,075","0,238458","-1,242742",,"-9,81777","1,52565","0,23173","1,53218","137,82691"
"75,076","1,238458","-1,242742",,"-9,8067","1,51583","0,23325","0,00649","136,94047"
"75,077","0,238458","0,757258",,"-9,79563","1,50603","0,23476","1,49958","136,05503"
"75,078","3,238458","-0,242742",,"-9,77349","1,49625","0,23626","4,48234","135,1711"
"75,079","3,238458","0,757258",,"-9,76242","1,48648","0,23776","5,93955","134,28866"
"75,08","0,238458","-0,242742",,"-9,8067","1,4767","0,23924","0,00633","133,40472"
"75,081","3,238458","-1,242742",,"-9,78456","1,4669","0,24071","2,92752","132,51979"
"75,082","0,238458","0,757258",,"-9,79563","1,45711","0,24217","1,45087","131,63535"
"75,083","0,238458","0,757258",,"-9,79563","1,44731","0,24362","1,44111","130,75041"
"75,084","0,238458","1,757258",,"-9,78456","1,43752","0,24507","2,86889","129,86598"
"75,085","-1,761542","0,757258",,"-9,81777","1,42772","0,2465","1,43384","128,98054"
"75,086","-2,761542","-0,242742",,"-9,83991","1,41789","0,24792","4,25976","128,0926"
"75,087","0,238458","-1,242742",,"-9,81777","1,40807","0,24933","1,4141","127,20466"
"75,088","-2,761542","-0,242742",,"-9,83991","1,39824","0,25074","4,2007","126,31673"
"75,089","-0,761542","0,757258",,"-9,8067","1,38841","0,25213","0,00595","125,42929"
"75,09","-0,761542","-2,242742",,"-9,83991","1,37859","0,25351","4,14168","124,54185"
"75,091","-1,761542","-2,242742",,"-9,85097","1,36874","0,25489","5,48084","123,65242"
"75,092","-1,761542","-1,242742",,"-9,83991","1,3589","0,25625","4,08252","122,76298"
"75,093","-0,761542","-1,242742",,"-9,82884","1,34907","0,25761","2,70391","121,87454"
"75,094","-0,761542","0,757258",,"-9,8067","1,33925","0,25895","0,00574","120,9876"
"75,095","0,238458","0,757258",,"-9,79563","1,32945","0,26028","1,32375","120,10217"
"75,096","-0,761542","1,757258",,"-9,79563","1,31965","0,26161","1,314","119,21723"
"75,097","0,238458","-1,242742",,"-9,81777","1,30984","0,26292","1,31546","118,33129"
"75,098","-0,761542","-1,242742",,"-9,82884","1,30002","0,26423","2,60561","117,44386"
"75,099","3,238458","0,757258",,"-9,76242","1,29022","0,26552","5,15537","116,55892"
"75,1","0,238458","0,757258",,"-9,79563","1,28045","0,26681","1,27496","115,67548"
"75,101","-0,761542","1,757258",,"-9,79563","1,27065","0,26808","1,26521","114,79055"
"75,102","-0,761542","-0,242742",,"-9,81777","1,26084","0,26935","1,26625","113,90461"
"75,103","1,238458","0,757258",,"-9,78456","1,25104","0,27061","2,49673","113,01917"
"75,104","0,238458","-1,242742",,"-9,81777","1,24124","0,27185","1,24656","112,13373"
"75,105","-1,761542","0,757258",,"-9,81777","1,23142","0,27309","1,2367","111,2468"
"75,106","-0,761542","-0,242742",,"-9,81777","1,22161","0,27431","1,22684","110,35986"
"75,107","0,238458","-0,242742",,"-9,8067","1,21179","0,27553","0,00519","109,47342"
"75,108","-0,761542","-0,242742",,"-9,81777","1,20198","0,27674","1,20713","108,58699"
"75,109","-2,761542","0,757258",,"-9,82884","1,19216","0,27794","2,38942","107,69955"
"75,11","-1,761542","-2,242742",,"-9,85097","1,18232","0,27912","4,73434","106,81061"
"75,111","-0,761542","-1,242742",,"-9,82884","1,17248","0,2803","2,34998","105,92168"
"75,112","-0,761542","-1,242742",,"-9,82884","1,16265","0,28147","2,33028","105,03374"
"75,113","-0,761542","-1,242742",,"-9,82884","1,15282","0,28263","2,31058","104,1458"
"75,114","-0,761542","-0,242742",,"-9,81777","1,143","0,28377","1,14789","103,25836"
"75,115","-1,761542","0,757258",,"-9,81777","1,13318","0,28491","1,13803","102,37143"
"75,116","-0,761542","-1,242742",,"-9,82884","1,12336","0,28604","2,25152","101,48399"
"75,117","0,238458","-0,242742",,"-9,8067","1,11354","0,28716","0,00477","100,59705"
"75,118","1,238458","-1,242742",,"-9,8067","1,10373","0,28827","0,00473","99,71112"
"75,119","-0,761542","0,757258",,"-9,8067","1,09392","0,28937","0,00469","98,82518"
"75,12","1,238458","1,757258",,"-9,77349","1,08413","0,29045","3,24776","97,94074"
"75,121","-1,761542","-0,242742",,"-9,82884","1,07433","0,29153","2,15327","97,0553"
"75,122","-0,761542","-1,242742",,"-9,82884","1,0645","0,2926","2,13357","96,16737"
"75,123","2,238458","-1,242742",,"-9,79563","1,05469","0,29366","1,05017","95,28093"
"75,124","1,238458","-0,242742",,"-9,79563","1,0449","0,29471","1,04042","94,39599"
"75,125","1,238458","2,757258",,"-9,76242","1,03512","0,29575","4,13604","93,51256"
"75,126","-0,761542","1,757258",,"-9,79563","1,02534","0,29678","1,02095","92,62912"
"75,127","-1,761542","1,757258",,"-9,8067","1,01554","0,2978","0,00435","91,74368"
"75,128","-0,761542","0,757258",,"-9,8067","1,00573","0,29881","0,00431","90,85775"
"75,129","0,238458","-0,242742",,"-9,8067","0,99592","0,29981","0,00427","89,97181"
"75,13","-0,761542","1,757258",,"-9,79563","0,98612","0,30081","0,9819","89,08637"
"75,131","0,238458","1,757258",,"-9,78456","0,97633","0,30179","1,94848","88,20193"
"75,132","-0,761542","-1,242742",,"-9,82884","0,96653","0,30276","1,93719","87,316"
"75,133","-0,761542","-0,242742",,"-9,81777","0,9567","0,30372","0,9608","86,42856"
"75,134","-0,761542","-0,242742",,"-9,81777","0,94689","0,30467","0,95094","85,54162"
"75,135","-1,761542","-1,242742",,"-9,83991","0,93706","0,30561","2,81518","84,65369"
"75,136","-0,761542","0,757258",,"-9,8067","0,92723","0,30655","0,00397","83,76625"
"75,137","0,238458","-0,242742",,"-9,8067","0,91743","0,30747","0,00393","82,88031"
"75,138","-0,761542","-0,242742",,"-9,81777","0,90761","0,30838","0,9115","81,99387"
"75,139","-0,761542","-0,242742",,"-9,81777","0,8978","0,30928","0,90164","81,10694"
"75,14","-0,761542","1,757258",,"-9,79563","0,88799","0,31018","0,88419","80,221"
"75,141","-0,761542","0,757258",,"-9,8067","0,87819","0,31106","0,00376","79,33556"
"75,142","1,238458","-0,242742",,"-9,79563","0,86839","0,31193","0,86467","78,45013"
"75,143","2,238458","-0,242742",,"-9,78456","0,8586","0,3128","1,71352","77,56569"
"75,144","-2,761542","-0,242742",,"-9,83991","0,84879","0,31365","2,54999","76,67925"
"75,145","-0,761542","-1,242742",,"-9,82884","0,83895","0,31449","1,6815","75,79082"
"75,146","1,238458","1,757258",,"-9,77349","0,82915","0,31533","2,4839","74,90538"
"75,147","0,238458","-0,242742",,"-9,8067","0,81936","0,31615","0,00351","74,02094"
"75,148","-0,761542","-0,242742",,"-9,81777","0,80955","0,31697","0,81302","73,1345"
"75,149","-0,761542","0,757258",,"-9,8067","0,79974","0,31777","0,00343","72,24807"
"75,15","1,238458","0,757258",,"-9,78456","0,78994","0,31857","1,57649","71,36313"
"75,151","-0,761542","-1,242742",,"-9,82884","0,78013","0,31935","1,56361","70,47719"
"75,152","1,238458","-1,242742",,"-9,8067","0,77031","0,32013","0,0033","69,59026"
"75,153","-0,761542","0,757258",,"-9,8067","0,76051","0,32089","0,00326","68,70432"
"75,154","-0,761542","-0,242742",,"-9,81777","0,7507","0,32165","0,75391","67,81788"
"75,155","-0,761542","-3,242742",,"-9,85097","0,74086","0,32239","2,96662","66,92945"
"75,156","-0,761542","-0,242742",,"-9,81777","0,73103","0,32313","0,73416","66,04101"
"75,157","0,238458","2,757258",,"-9,77349","0,72123","0,32386","2,16061","65,15607"
"75,158","1,238458","-0,242742",,"-9,79563","0,71145","0,32457","0,7084","64,27213"
"75,159","0,238458","-0,242742",,"-9,8067","0,70165","0,32528","0,00301","63,3867"
"75,16","0,238458","-1,242742",,"-9,81777","0,69183","0,32597","0,6948","62,50026"
"75,161","-0,761542","-0,242742",,"-9,81777","0,68202","0,32666","0,68494","61,61332"
"75,162","-0,761542","-4,242742",,"-9,86204","0,67218","0,32734","3,36376","60,72439"
"75,163","-0,761542","-0,242742",,"-9,81777","0,66234","0,32801","0,66517","59,83545"
"75,164","-0,761542","-1,242742",,"-9,82884","0,65251","0,32866","1,30782","58,94801"
"75,165","-0,761542","-1,242742",,"-9,82884","0,64268","0,32931","1,28812","58,06007"
"75,166","-0,761542","0,757258",,"-9,8067","0,63287","0,32995","0,00271","57,17314"
"75,167","-0,761542","-1,242742",,"-9,82884","0,62305","0,33058","1,24877","56,2862"
"75,168","0,238458","1,757258",,"-9,78456","0,61324","0,33119","1,22386","55,40026"
"75,169","-0,761542","-0,242742",,"-9,81777","0,60344","0,3318","0,60603","54,51483"
"75,17","0,238458","-0,242742",,"-9,8067","0,59363","0,3324","0,00254","53,62839"
"75,171","0,238458","-0,242742",,"-9,8067","0,58382","0,33299","0,0025","52,74245"
"75,172","0,238458","-0,242742",,"-9,8067","0,57402","0,33357","0,00246","51,85652"
"75,173","1,238458","2,757258",,"-9,76242","0,56423","0,33414","2,2545","50,97258"
"75,174","0,238458","-2,242742",,"-9,82884","0,55443","0,3347","1,11124","50,08764"
"75,175","1,238458","-0,242742",,"-9,79563","0,54462","0,33525","0,54229","49,2012"
"75,176","-1,761542","-0,242742",,"-9,82884","0,53481","0,33579","1,07191","48,31477"
"75,177","1,238458","0,757258",,"-9,78456","0,525","0,33632","1,04776","47,42883"
"75,178","0,238458","-1,242742",,"-9,81777","0,5152","0,33684","0,51741","46,54339"
"75,179","-0,761542","-2,242742",,"-9,83991","0,50537","0,33735","1,51829","45,65546"
"75,18","1,238458","0,757258",,"-9,78456","0,49556","0,33785","0,989","44,76902"
"75,181","0,238458","1,757258",,"-9,78456","0,48578","0,33834","0,96947","43,88508"
"75,182","-0,761542","0,757258",,"-9,8067","0,47598","0,33882","0,00204","43,00014"
"75,183","-0,761542","-1,242742",,"-9,82884","0,46616","0,33929","0,93432","42,11321"
"75,184","-0,761542","-2,242742",,"-9,83991","0,45633","0,33975","1,37094","41,22477"
"75,185","-0,761542","-0,242742",,"-9,81777","0,4465","0,3402","0,44841","40,33683"
"75,186","-0,761542","-0,242742",,"-9,81777","0,43668","0,34064","0,43855","39,4499"
"75,187","-0,761542","-2,242742",,"-9,83991","0,42685","0,34108","1,28239","38,56196"
"75,188","-0,761542","-2,242742",,"-9,83991","0,41701","0,3415","1,25283","37,67302"
"75,189","1,238458","-1,242742",,"-9,8067","0,40719","0,34191","0,00174","36,78559"
"75,19","-0,761542","-1,242742",,"-9,82884","0,39737","0,34231","0,79645","35,89865"
"75,191","-0,761542","1,757258",,"-9,79563","0,38756","0,34271","0,3859","35,01221"
"75,192","1,238458","0,757258",,"-9,78456","0,37777","0,34309","0,75392","34,12777"
"75,193","-0,761542","0,757258",,"-9,8067","0,36797","0,34346","0,00158","33,24284"
"75,194","1,238458","0,757258",,"-9,78456","0,35818","0,34382","0,71482","32,3579"
"75,195","-0,761542","-1,242742",,"-9,82884","0,34837","0,34418","0,69824","31,47196"
"75,196","1,238458","-0,242742",,"-9,79563","0,33856","0,34452","0,33711","30,58553"
"75,197","2,238458","0,757258",,"-9,77349","0,32878","0,34485","0,98492","29,70159"
"75,198","1,238458","-1,242742",,"-9,8067","0,31899","0,34518","0,00137","28,81715"
"75,199","-1,761542","-0,242742",,"-9,82884","0,30917","0,34549","0,61966","27,93022"
"75,2","-0,761542","-0,242742",,"-9,81777","0,29934","0,3458","0,30063","27,04278"
"75,201","0,238458","-2,242742",,"-9,82884","0,28952","0,34609","0,58028","26,15534"
"75,202","-0,761542","0,757258",,"-9,8067","0,2797","0,34638","0,0012","25,2684"
"75,203","-0,761542","-0,242742",,"-9,81777","0,26989","0,34665","0,27105","24,38197"
"75,204","-0,761542","0,757258",,"-9,8067","0,26008","0,34692","0,00111","23,49553"
"75,205","3,238458","0,757258",,"-9,76242","0,25029","0,34717","1,00011","22,61159"
"75,206","1,238458","-0,242742",,"-9,79563","0,24052","0,34742","0,23948","21,72816"
"75,207","0,238458","-1,242742",,"-9,81777","0,23071","0,34765","0,2317","20,84222"
"75,208","-0,761542","-0,242742",,"-9,81777","0,22089","0,34788","0,22184","19,95528"
"75,209","-0,761542","-2,242742",,"-9,83991","0,21106","0,34809","0,63409","19,06734"
"75,21","0,238458","-3,242742",,"-9,83991","0,20122","0,3483","0,60453","18,17841"
"75,211","0,238458","-0,242742",,"-9,8067","0,1914","0,3485","0,00082","17,29097"
"75,212","0,238458","-1,242742",,"-9,81777","0,18159","0,34868","0,18236","16,40453"
"75,213","-0,761542","0,757258",,"-9,8067","0,17177","0,34886","0,00074","15,5181"
"75,214","-1,761542","0,757258",,"-9,81777","0,16196","0,34903","0,16266","14,63166"
"75,215","0,238458","-0,242742",,"-9,8067","0,15215","0,34918","0,00065","13,74522"
"75,216","-0,761542","-0,242742",,"-9,81777","0,14234","0,34933","0,14295","12,85879"
"75,217","0,238458","1,757258",,"-9,78456","0,13254","0,34947","0,26451","11,97335"
"75,218","0,238458","-0,242742",,"-9,8067","0,12274","0,3496","0,00053","11,08841"
"75,219","0,238458","-0,242742",,"-9,8067","0,11293","0,34971","0,00048","10,20247"
"75,22","-0,761542","-0,242742",,"-9,81777","0,10312","0,34982","0,10356","9,31604"
"75,221","0,238458","-0,242742",,"-9,8067","0,09331","0,34992","0,0004","8,4296"
"75,222","0,238458","0,757258",,"-9,79563","0,08351","0,35001","0,08315","7,54416"
"75,223","-1,761542","0,757258",,"-9,81777","0,0737","0,35009","0,07402","6,65823"
"75,224","0,238458","-0,242742",,"-9,8067","0,06389","0,35016","0,00027","5,77179"
"75,225","0,238458","0,757258",,"-9,79563","0,05409","0,35021","0,05386","4,88635"
"75,226","-0,761542","-0,242742",,"-9,81777","0,04428","0,35026","0,04447","4,00041"
"75,227","-0,761542","0,757258",,"-9,8067","0,03447","0,3503","0,00015","3,11398"
"75,228","-0,761542","-1,242742",,"-9,82884","0,02465","0,35033","0,04941","2,22704"
"75,229","-0,761542","-0,242742",,"-9,81777","0,01483","0,35035","0,01489","1,3396"
"75,23","-1,761542","0,757258",,"-9,81777","0,00501","0,35036","0,00503","0,45267"
"75,231","-0,761542","-0,242742",,"-9,81777","-0,00481","0,35036","0,00483","-0,43427"
"75,232","-0,761542","0,757258",,"-9,8067","-0,01462","0,35035",6E-05,"-1,32071"
"75,233","0,238458","-1,242742",,"-9,81777","-0,02443","0,35033","0,02454","-2,20714"
"75,234","1,238458","0,757258",,"-9,78456","-0,03423","0,3503","0,06832","-3,09258"
"75,235","-0,761542","0,757258",,"-9,8067","-0,04403","0,35026","0,00019","-3,97752"
"75,236","-0,761542","0,757258",,"-9,8067","-0,05384","0,35022","0,00023","-4,86346"
"75,237","0,238458","-0,242742",,"-9,8067","-0,06364","0,35016","0,00027","-5,74939"
"75,238","-0,761542","-2,242742",,"-9,83991","-0,07347","0,35009","0,22071","-6,63683"
"75,239","-0,761542","-0,242742",,"-9,81777","-0,08329","0,35001","0,08365","-7,52477"
"75,24","1,238458","-1,242742",,"-9,8067","-0,09311","0,34992","0,0004","-8,4112"
"75,241","1,238458","0,757258",,"-9,78456","-0,1029","0,34982","0,20536","-9,29614"
"75,242","0,238458","-2,242742",,"-9,82884","-0,11271","0,34972","0,2259","-10,18208"
"75,243","0,238458","-0,242742",,"-9,8067","-0,12253","0,3496","0,00052","-11,06901"
"75,244","-0,761542","0,757258",,"-9,8067","-0,13233","0,34947","0,00057","-11,95495"
"75,245","0,238458","-0,242742",,"-9,8067","-0,14214","0,34933","0,00061","-12,84089"
"75,246","-1,761542","-1,242742",,"-9,83991","-0,15196","0,34919","0,45654","-13,72833"
"75,247","1,238458","-0,242742",,"-9,79563","-0,16178","0,34903","0,16109","-14,61526"
"75,248","-0,761542","-0,242742",,"-9,81777","-0,17159","0,34886","0,17232","-15,5012"
"75,249","0,238458","-0,242742",,"-9,8067","-0,1814","0,34869","0,00078","-16,38764"
"75,25","1,238458","-1,242742",,"-9,8067","-0,19121","0,3485","0,00082","-17,27357"
"75,251","-0,761542","-2,242742",,"-9,83991","-0,20103","0,3483","0,60395","-18,16101"
"75,252","1,238458","-1,242742",,"-9,8067","-0,21085","0,3481","0,0009","-19,04845"
"75,253","-1,761542","-0,242742",,"-9,82884","-0,22067","0,34788","0,44229","-19,93539"
"75,254","0,238458","0,757258",,"-9,79563","-0,23048","0,34766","0,2295","-20,82182"
"75,255","-1,761542","-0,242742",,"-9,82884","-0,2403","0,34742","0,48162","-21,70826"
"75,256","-0,761542","0,757258",,"-9,8067","-0,25011","0,34718","0,00107","-22,5952"
"75,257","-0,761542","-0,242742",,"-9,81777","-0,25993","0,34692","0,26104","-23,48163"
"75,258","-0,761542","-0,242742",,"-9,81777","-0,26974","0,34666","0,2709","-24,36857"
"75,259","-0,761542","0,757258",,"-9,8067","-0,27956","0,34638","0,0012","-25,25501"
"75,26","-0,761542","-1,242742",,"-9,82884","-0,28937","0,3461","0,57999","-26,14194"
"75,261","-0,761542","0,757258",,"-9,8067","-0,29919","0,3458","0,00128","-27,02888"
"75,262","-0,761542","-0,242742",,"-9,81777","-0,309","0,3455","0,31033","-27,91532"
"75,263","0,238458","-1,242742",,"-9,81777","-0,31882","0,34518","0,32019","-28,80226"
"75,264","-0,761542","-1,242742",,"-9,82884","-0,32864","0,34486","0,6587","-29,68969"
"75,265","-0,761542","-0,242742",,"-9,81777","-0,33847","0,34453","0,33992","-30,57713"
"75,266","-1,761542","0,757258",,"-9,81777","-0,34828","0,34418","0,34978","-31,46407"
"75,267","-1,761542","-0,242742",,"-9,82884","-0,35811","0,34383","0,71775","-32,3515"
"75,268","0,238458","1,757258",,"-9,78456","-0,36791","0,34347","0,73425","-33,23744"
"75,269","-0,761542","-2,242742",,"-9,83991","-0,37773","0,3431","1,1348","-34,12388"
"75,27","0,238458","0,757258",,"-9,79563","-0,38754","0,34271","0,38588","-35,01082"
"75,271","-1,761542","0,757258",,"-9,81777","-0,39735","0,34232","0,39905","-35,89675"
"75,272","1,238458","-0,242742",,"-9,79563","-0,40716","0,34192","0,40541","-36,78269"
"75,273","-1,761542","-1,242742",,"-9,83991","-0,41698","0,34151","1,25271","-37,66963"
"75,274","0,238458","1,757258",,"-9,78456","-0,42679","0,34108","0,85175","-38,55606"
"75,275","-0,761542","-0,242742",,"-9,81777","-0,43659","0,34065","0,43846","-39,4415"
"75,276","-0,761542","-1,242742",,"-9,82884","-0,44641","0,34021","0,89474","-40,32894"
"75,277","-1,761542","-1,242742",,"-9,83991","-0,45625","0,33976","1,3707","-41,21737"
"75,278","-0,761542","0,757258",,"-9,8067","-0,46607","0,3393","0,002","-42,10481"
"75,279","0,238458","-1,242742",,"-9,81777","-0,47588","0,33883","0,47792","-42,99125"
"75,28","-0,761542","0,757258",,"-9,8067","-0,48569","0,33835","0,00208","-43,87769"
"75,281","0,238458","-1,242742",,"-9,81777","-0,49551","0,33786","0,49763","-44,76412"
"75,282","-0,761542","0,757258",,"-9,8067","-0,50532","0,33736","0,00216","-45,65056"
"75,283","1,238458","-1,242742",,"-9,8067","-0,51513","0,33685","0,00221","-46,5365"
"75,284","-0,761542","-0,242742",,"-9,81777","-0,52494","0,33633","0,52719","-47,42293"
"75,285","-0,761542","1,757258",,"-9,79563","-0,53475","0,3358","0,53245","-48,30887"
"75,286","-0,761542","-0,242742",,"-9,81777","-0,54455","0,33526","0,54688","-49,19481"
"75,287","-1,761542","-0,242742",,"-9,82884","-0,55438","0,33471","1,11113","-50,08224"
"75,288","-0,761542","0,757258",,"-9,8067","-0,56419","0,33415","0,00242","-50,96918"
"75,289","-0,761542","0,757258",,"-9,8067","-0,574","0,33358","0,00246","-51,85512"
"75,29","-0,761542","-1,242742",,"-9,82884","-0,58382","0,333","1,17014","-52,74206"
"75,291","1,238458","0,757258",,"-9,78456","-0,59362","0,33241","1,1847","-53,62799"
"75,292","-0,761542","-0,242742",,"-9,81777","-0,60343","0,33181","0,60601","-54,51343"
"75,293","0,238458","-0,242742",,"-9,8067","-0,61324","0,3312","0,00263","-55,39987"
"75,294","0,238458","-2,242742",,"-9,82884","-0,62306","0,33059","1,24878","-56,2868"
"75,295","-0,761542","-0,242742",,"-9,81777","-0,63288","0,32996","0,63559","-57,17424"
"75,296","0,238458","-2,242742",,"-9,82884","-0,6427","0,32932","1,28816","-58,06168"
"75,297","-1,761542","0,757258",,"-9,81777","-0,65253","0,32867","0,65532","-58,94912"
"75,298","-0,761542","0,757258",,"-9,8067","-0,66234","0,32801","0,00284","-59,83555"
"75,299","-0,761542","-0,242742",,"-9,81777","-0,67215","0,32735","0,67503","-60,72199"
"75,3","0,238458","-0,242742",,"-9,8067","-0,68196","0,32667","0,00292","-61,60843"
"75,301","-0,761542","-2,242742",,"-9,83991","-0,69179","0,32598","2,07832","-62,49586"
"75,302","-0,761542","-0,242742",,"-9,81777","-0,70161","0,32529","0,70462","-63,3838"
"75,303","-0,761542","-0,242742",,"-9,81777","-0,71143","0,32458","0,71448","-64,27074"
"75,304","1,238458","-2,242742",,"-9,81777","-0,72125","0,32386","0,72434","-65,15767"
"75,305","0,238458","-3,242742",,"-9,83991","-0,73108","0,32314","2,19637","-66,04561"
"75,306","-3,761542","0,757258",,"-9,83991","-0,74092","0,3224","2,22593","-66,93455"
"75,307","-0,761542","-0,242742",,"-9,81777","-0,75075","0,32166","0,75396","-67,82249"
"75,308","-0,761542","-0,242742",,"-9,81777","-0,76056","0,3209","0,76382","-68,70942"
"75,309","-0,761542","0,757258",,"-9,8067","-0,77038","0,32013","0,0033","-69,59586"
"75,31","-2,761542","-1,242742",,"-9,85097","-0,78021","0,31936","3,12417","-70,4838"
"75,311","2,238458","1,757258",,"-9,76242","-0,79001","0,31857","3,15667","-71,36973"
"75,312","0,238458","3,757258",,"-9,76242","-0,79977","0,31778","3,19567","-72,25167"
"75,313","-0,761542","0,757258",,"-9,8067","-0,80956","0,31697","0,00347","-73,13561"
"75,314","-0,761542","-0,242742",,"-9,81777","-0,81937","0,31616","0,82288","-74,02205"
"75,315","-0,761542","-0,242742",,"-9,81777","-0,82919","0,31534","0,83274","-74,90898"
"75,316","-0,761542","1,757258",,"-9,79563","-0,839","0,3145","0,8354","-75,79492"
"75,317","-0,761542","0,757258",,"-9,8067","-0,8488","0,31366","0,00364","-76,68036"
"75,318","-0,761542","0,757258",,"-9,8067","-0,8586","0,3128","0,00368","-77,56629"
"75,319","-0,761542","-1,242742",,"-9,82884","-0,86842","0,31194","1,74056","-78,45323"
"75,32","-0,761542","0,757258",,"-9,8067","-0,87824","0,31107","0,00376","-79,34017"
"75,321","0,238458","0,757258",,"-9,79563","-0,88804","0,31018","0,88424","-80,2256"
"75,322","-0,761542","-1,242742",,"-9,82884","-0,89785","0,30929","1,79955","-81,11204"
"75,323","1,238458","2,757258",,"-9,76242","-0,90765","0,30839","3,62671","-81,99698"
"75,324","-0,761542","-1,242742",,"-9,82884","-0,91744","0,30748","1,83882","-82,88192"
"75,325","2,238458","-1,242742",,"-9,79563","-0,92726","0,30655","0,92328","-83,76835"
"75,326","-0,761542","-0,242742",,"-9,81777","-0,93706","0,30562","0,94108","-84,65429"
"75,327","-0,761542","-0,242742",,"-9,81777","-0,94688","0,30468","0,95094","-85,54123"
"75,328","-0,761542","-0,242742",,"-9,81777","-0,9567","0,30373","0,9608","-86,42816"
"75,329","0,238458","-0,242742",,"-9,8067","-0,96651","0,30277","0,00414","-87,3146"
"75,33","-0,761542","0,757258",,"-9,8067","-0,97632","0,30179","0,00418","-88,20054"
"75,331","1,238458","-0,242742",,"-9,79563","-0,98612","0,30081","0,98189","-89,08597"
"75,332","-0,761542","-0,242742",,"-9,81777","-0,99593","0,29982","1,00019","-89,97191"
"75,333","-0,761542","1,757258",,"-9,79563","-1,00573","0,29882","1,00142","-90,85785"
"75,334","0,238458","0,757258",,"-9,79563","-1,01553","0,29781","1,01118","-91,74279"
"75,335","0,238458","-0,242742",,"-9,8067","-1,02533","0,29679","0,00439","-92,62822"
"75,336","-0,761542","-0,242742",,"-9,81777","-1,03514","0,29576","1,03958","-93,51466"
"75,337","-0,761542","-1,242742",,"-9,82884","-1,04496","0,29472","2,09441","-94,4021"
"75,338","2,238458","-0,242742",,"-9,78456","-1,05477","0,29367","2,10502","-95,28803"
"75,339","-1,761542","0,757258",,"-9,81777","-1,06457","0,29261","1,06913","-96,17347"
"75,34","2,238458","1,757258",,"-9,76242","-1,07436","0,29154","4,29285","-97,05791"
"75,341","0,238458","-0,242742",,"-9,8067","-1,08415","0,29046","0,00464","-97,94185"
"75,342","-0,761542","-2,242742",,"-9,83991","-1,09397","0,28937","3,2866","-98,82928"
"75,343","-0,761542","-1,242742",,"-9,82884","-1,1038","0,28827","2,21234","-99,71772"
"75,344","1,238458","-0,242742",,"-9,79563","-1,11362","0,28717","1,10885","-100,60416"
"75,345","1,238458","0,757258",,"-9,78456","-1,12341","0,28605","2,242","-101,48859"
"75,346","0,238458","0,757258",,"-9,79563","-1,1332","0,28492","1,12834","-102,37303"
"75,347","2,238458","0,757258",,"-9,77349","-1,14298","0,28378","3,42405","-103,25697"
"75,348","-0,761542","1,757258",,"-9,79563","-1,15277","0,28263","1,14783","-104,1409"
"75,349","0,238458","0,757258",,"-9,79563","-1,16256","0,28147","1,15758","-105,02584"
"75,35","0,238458","-0,242742",,"-9,8067","-1,17236","0,28031","0,00502","-105,91128"
"75,351","0,238458","-0,242742",,"-9,8067","-1,18217","0,27913","0,00506","-106,79722"
"75,352","-1,761542","-0,242742",,"-9,82884","-1,19199","0,27794","2,38908","-107,68415"
"75,353","-0,761542","-0,242742",,"-9,81777","-1,20181","0,27675","1,20696","-108,57159"
"75,354","-0,761542","0,757258",,"-9,8067","-1,21162","0,27554","0,00519","-109,45803"
"75,355","-0,761542","-1,242742",,"-9,82884","-1,22144","0,27432","2,44811","-110,34496"
"75,356","0,238458","-3,242742",,"-9,83991","-1,23128","0,2731","3,6991","-111,2334"
"75,357","0,238458","-0,242742",,"-9,8067","-1,2411","0,27186","0,00532","-112,12084"
"75,358","0,238458","-1,242742",,"-9,81777","-1,25091","0,27061","1,25627","-113,00727"
"75,359","-1,761542","0,757258",,"-9,81777","-1,26073","0,26936","1,26613","-113,89421"
"75,36","-0,761542","-1,242742",,"-9,82884","-1,27055","0,26809","2,54655","-114,78165"
"75,361","-0,761542","0,757258",,"-9,8067","-1,28037","0,26682","0,00549","-115,66859"
"75,362","-0,761542","-1,242742",,"-9,82884","-1,29019","0,26553","2,5859","-116,55552"
"75,363","-0,761542","-0,242742",,"-9,81777","-1,30001","0,26424","1,30558","-117,44296"
"75,364","-0,761542","1,757258",,"-9,79563","-1,30982","0,26293","1,30421","-118,3289"
"75,365","0,238458","0,757258",,"-9,79563","-1,31961","0,26162","1,31396","-119,21383"
"75,366","0,238458","-1,242742",,"-9,81777","-1,32942","0,26029","1,33511","-120,09977"
"75,367","2,238458","1,757258",,"-9,76242","-1,33921","0,25896","5,3511","-120,98421"
"75,368","-0,761542","0,757258",,"-9,8067","-1,34899","0,25761","0,00578","-121,86815"
"75,369","0,238458","-0,242742",,"-9,8067","-1,3588","0,25626","0,00582","-122,75408"
"75,37","0,238458","1,757258",,"-9,78456","-1,3686","0,2549","2,73133","-123,63902"
"75,371","-1,761542","-1,242742",,"-9,83991","-1,37841","0,25352","4,14113","-124,52546"
"75,372","0,238458","-0,242742",,"-9,8067","-1,38823","0,25214","0,00595","-125,41289"
"75,373","-1,761542","-0,242742",,"-9,82884","-1,39805","0,25075","2,80209","-126,29983"
"75,374","0,238458","-0,242742",,"-9,8067","-1,40787","0,24934","0,00603","-127,18677"
"75,375","0,238458","-1,242742",,"-9,81777","-1,41768","0,24793","1,42375","-128,0732"
"75,376","-0,761542","0,757258",,"-9,8067","-1,42749","0,24651","0,00612","-128,95964"
"75,377","0,238458","1,757258",,"-9,78456","-1,43729","0,24508","2,86842","-129,84458"
"75,378","-0,761542","0,757258",,"-9,8067","-1,44708","0,24363","0,0062","-130,72952"
"75,379","-0,761542","1,757258",,"-9,79563","-1,45688","0,24218","1,45064","-131,61495"
"75,38","-0,761542","-0,242742",,"-9,81777","-1,46669","0,24072","1,47297","-132,50089"
"75,381","-0,761542","-1,242742",,"-9,82884","-1,47651","0,23925","2,95935","-133,38833"
"75,382","-1,761542","0,757258",,"-9,81777","-1,48634","0,23777","1,49271","-134,27576"
"75,383","0,238458","-0,242742",,"-9,8067","-1,49615","0,23628","0,00641","-135,1622"
"75,384","1,238458","-1,242742",,"-9,8067","-1,50596","0,23477","0,00645","-136,04814"
"75,385","-0,761542","-0,242742",,"-9,81777","-1,51577","0,23326","1,52226","-136,93458"
"75,386","-0,761542","-0,242742",,"-9,81777","-1,52559","0,23174","1,53212","-137,82151"
"75,387","2,238458","0,757258",,"-9,77349","-1,53538","0,23021","4,59957","-138,70645"
"75,388","-2,761542","0,757258",,"-9,82884","-1,54518","0,22867","3,09699","-139,59189"
"75,389","2,238458","0,757258",,"-9,77349","-1,55498","0,22712","4,65829","-140,47732"
"75,39","-0,761542","-0,242742",,"-9,81777","-1,56478","0,22556","1,57148","-141,36226"
"75,391","-0,761542","-0,242742",,"-9,81777","-1,5746","0,22399","1,58134","-142,2492"
"75,392","1,238458","1,757258",,"-9,77349","-1,58439","0,22241","4,74639","-143,13413"
"75,393","1,238458","0,757258",,"-9,78456","-1,59417","0,22082","3,18152","-144,01757"
"75,394","-0,761542","-0,242742",,"-9,81777","-1,60397","0,21923","1,61085","-144,90301"
"75,395","1,238458","0,757258",,"-9,78456","-1,61378","0,21762","3,22064","-145,78845"
"75,396","-0,761542","-0,242742",,"-9,81777","-1,62358","0,216","1,63053","-146,67388"
"75,397","-0,761542","-1,242742",,"-9,82884","-1,6334","0,21437","3,2738","-147,56132"
"75,398","-2,761542","-2,242742",,"-9,86204","-1,64325","0,21273","8,22326","-148,45076"
"75,399","-0,761542","-0,242742",,"-9,81777","-1,65308","0,21108","1,66017","-149,33969"
"75,4","-1,761542","0,757258",,"-9,81777","-1,6629","0,20942","1,67003","-150,22663"
"75,401","-0,761542","1,757258",,"-9,79563","-1,67271","0,20776","1,66554","-151,11257"
"75,402","0,238458","-1,242742",,"-9,81777","-1,68252","0,20608","1,68972","-151,9985"
"75,403","-0,761542","-0,242742",,"-9,81777","-1,69233","0,20439","1,69958","-152,88544"
"75,404","-0,761542","0,757258",,"-9,8067","-1,70215","0,20269","0,00729","-153,77188"
"75,405","-1,761542","-0,242742",,"-9,82884","-1,71196","0,20099","3,43126","-154,65882"
"75,406","0,238458","-0,242742",,"-9,8067","-1,72178","0,19927","0,00738","-155,54575"
"75,407","0,238458","0,757258",,"-9,79563","-1,73158","0,19754","1,72416","-156,43119"
"75,408","1,238458","-0,242742",,"-9,79563","-1,74138","0,19581","1,73392","-157,31613"
"75,409","0,238458","0,757258",,"-9,79563","-1,75117","0,19406","1,74367","-158,20106"
"75,41","0,238458","-1,242742",,"-9,81777","-1,76098","0,1923","1,76852","-159,087"
"75,411","1,238458","-0,242742",,"-9,79563","-1,77079","0,19054","1,7632","-159,97294"
"75,412","0,238458","-2,242742",,"-9,82884","-1,7806","0,18876","3,56883","-160,85938"
"75,413","-0,761542","-1,242742",,"-9,82884","-1,79043","0,18698","3,58853","-161,74731"
"75,414","-0,761542","-1,242742",,"-9,82884","-1,80026","0,18518","3,60823","-162,63525"
"75,415","-0,761542","-0,242742",,"-9,81777","-1,81008","0,18338","1,81784","-163,52269"
"75,416","0,238458","0,757258",,"-9,79563","-1,81989","0,18156","1,81209","-164,40862"
"75,417","0,238458","-0,242742",,"-9,8067","-1,82969","0,17974","0,00784","-165,29406"
"75,418","-0,761542","-0,242742",,"-9,81777","-1,8395","0,1779","1,84738","-166,1805"
"75,419","-0,761542","-1,242742",,"-9,82884","-1,84932","0,17606","3,70657","-167,06793"
"75,42","-0,761542","-1,242742",,"-9,82884","-1,85915","0,1742","3,72627","-167,95587"
"75,421","-0,761542","0,757258",,"-9,8067","-1,86897","0,17234","0,00801","-168,84281"
"75,422","1,238458","0,757258",,"-9,78456","-1,87877","0,17047","3,74948","-169,72775"
"75,423","0,238458","-0,242742",,"-9,8067","-1,88856","0,16858","0,00809","-170,61268"
"75,424","-0,761542","-0,242742",,"-9,81777","-1,89837","0,16669","1,90651","-171,49912"
"75,425","-0,761542","1,757258",,"-9,79563","-1,90818","0,16479","1,90001","-172,38506"
"75,426","1,238458","-1,242742",,"-9,8067","-1,91798","0,16287","0,00822","-173,27049"
"75,427","-1,761542","-0,242742",,"-9,82884","-1,9278","0,16095","3,86386","-174,15743"
"75,428","0,238458","1,757258",,"-9,78456","-1,93761","0,15902","3,86691","-175,04337"
"75,429","0,238458","-0,242742",,"-9,8067","-1,9474","0,15707","0,00834","-175,92831"
"75,43","-0,761542","-0,242742",,"-9,81777","-1,95721","0,15512","1,9656","-176,81474"
"75,431","-0,761542","-0,242742",,"-9,81777","-1,96703","0,15316","1,97546","-177,70168"
"75,432","0,238458","0,757258",,"-9,79563","-1,97684","0,15119","1,96837","-178,58762"
"75,433","0,238458","-0,242742",,"-9,8067","-1,98664","0,14921","0,00851","-179,47305"
"75,434","1,238458","-0,242742",,"-9,79563","-1,99644","0,14722","1,98789","-180,35849"
"75,435","-0,761542","0,757258",,"-9,8067","-2,00624","0,14521","0,00859","-181,24393"
"75,436","-0,761542","-1,242742",,"-9,82884","-2,01606","0,1432","4,04076","-182,13086"
"75,437","-0,761542","-0,242742",,"-9,81777","-2,02588","0,14118","2,03456","-183,0183"
"75,438","-0,761542","-1,242742",,"-9,82884","-2,03571","0,13915","4,08013","-183,90574"
"75,439","-0,761542","-1,242742",,"-9,82884","-2,04554","0,13711","4,09983","-184,79368"
"75,44","0,238458","-0,242742",,"-9,8067","-2,05535","0,13506","0,00881","-185,68061"
"75,441","-0,761542","0,757258",,"-9,8067","-2,06516","0,133","0,00885","-186,56655"
"75,442","-2,761542","-0,242742",,"-9,83991","-2,07498","0,13093","6,23384","-187,45399"
"75,443","-0,761542","-1,242742",,"-9,82884","-2,08482","0,12885","4,17857","-188,34242"
"75,444","0,238458","-1,242742",,"-9,81777","-2,09464","0,12676","2,10361","-189,22986"
"75,445","0,238458","-3,242742",,"-9,83991","-2,10447","0,12466","6,32242","-190,1178"
"75,446","1,238458","1,757258",,"-9,77349","-2,11428","0,12255","6,33377","-191,00373"
"75,447","-0,761542","-1,242742",,"-9,82884","-2,12408","0,12043","4,25725","-191,88917"
"75,448","0,238458","-0,242742",,"-9,8067","-2,1339","0,1183","0,00914","-192,77611"
"75,449","-0,761542","-1,242742",,"-9,82884","-2,14371","0,11616","4,29661","-193,66305"
"75,45","1,238458","0,757258",,"-9,78456","-2,15352","0,11402","4,29781","-194,54898"
"75,451","0,238458","1,757258",,"-9,78456","-2,1633","0,11186","4,31734","-195,43292"
"75,452","13,238458","-0,242742",,"-9,6628","-2,17303","0,10969","28,24006","-196,31136"
"75,453","48,238458","2,757258",,"-9,24216","-2,18248","0,10751","111,29716","-197,16529"
"75,454","130,238458","-4,242742",,"-8,41197","-2,19131","0,10532","276,09537","-197,96273"
"75,455","205,238458","-11,242742",,"-7,65925","-2,19934","0,10313","426,66317","-198,68867"
"75,456","220,238458","-11,242742",,"-7,49322","-2,20692","0,10093","461,23672","-199,37311"
"75,457","266,238458","-0,242742",,"-6,86227","-2,2141","0,09872","588,94037","-200,02154"
"75,458","353,238458","1,757258",,"-5,8771","-2,22047","0,0965","788,25624","-200,59698"
"75,459","429,238458","-5,242742",,"-5,11332","-2,22596","0,09427","943,7984","-201,09342"
"75,46","540,238458","-7,242742",,"-3,90676","-2,23047","0,09205","1188,8321","-201,50085"
"75,461","724,238458","-7,242742",,"-1,87001","-2,23336","0,08981","1601,30993","-201,76179"
"75,462","1091,238458","-5,242742",,"2,21456","-2,23319","0,08758","2425,23289","-201,74623"
"75,463","1386,238458","-14,242742",,"5,38037","-2,22939","0,08535","3058,71462","-201,40316"
"75,464","1267,238458","-22,242742",,"3,97457","-2,22471","0,08312","2769,75856","-200,9806"
"75,465","1221,238458","-21,242742",,"3,47646","-2,22099","0,0809","2665,17586","-200,64404"
"75,466","1205,238458","4,757258",,"3,58715","-2,21746","0,07868","2683,11227","-200,32498"
"75,467","1053,238458","71,757258",,"2,64626","-2,21434","0,07646","2491,12223","-200,04341"
"75,468","1023,238458","58,757258",,"2,17028","-2,21193","0,07425","2393,29991","-199,82585"
"75,469","937,238458","-5,242742",,"0,50988","-2,21059","0,07204","2060,2613","-199,70479"
"75,47","927,238458","10,757258",,"0,5763","-2,21005","0,06983","2073,01543","-199,65572"
"75,471","959,238458","15,757258",,"0,98586","-2,20927","0,06762","2154,02565","-199,58516"
"75,472","1159,238458","7,757258",,"3,11117","-2,20722","0,06541","2575,81426","-199,4001"
"75,473","1033,238458","-5,242742",,"1,57254","-2,20488","0,06321","2266,60351","-199,18854"
"75,474","926,238458","-8,242742",,"0,35491","-2,20391","0,061","2023,18241","-199,10147"
"75,475","951,238458","7,757258",,"0,80876","-2,20333","0,0588","2112,98485","-199,04891"
"75,476","1013,238458","8,757258",,"1,50612","-2,20217","0,0566","2250,6118","-198,94435"
"75,477","1012,238458","-17,242742",,"1,20725","-2,20082","0,05439","2189,80322","-198,82178"
"75,478","964,238458","-27,242742",,"0,56523","-2,19993","0,05219","2061,32544","-198,74172"
"75,479","991,238458","-30,242742",,"0,83089","-2,19923","0,04999","2113,45294","-198,67866"
"75,48","1067,238458","-14,242742",,"1,84927","-2,19789","0,0478","2314,37122","-198,55759"
"75,481","1072,238458","-1,242742",,"2,04852","-2,19594","0,0456","2351,84603","-198,38153"
"75,482","1075,238458","-9,242742",,"1,99317","-2,19392","0,0434","2338,7121","-198,19897"
"75,483","1148,238458","-1,242742",,"2,88978","-2,19148","0,04121","2513,61947","-197,97841"
"75,484","1191,238458","5,757258",,"3,44325","-2,18831","0,03902","2619,40322","-197,69234"
"75,485","1193,238458","1,757258",,"3,42111","-2,18488","0,03683","2610,92516","-197,38228"
"75,486","1236,238458","-7,242742",,"3,79746","-2,18127","0,03465","2680,77536","-197,05622"
"75,487","1285,238458","-7,242742",,"4,33986","-2,1772","0,03247","2782,45801","-196,68865"
"75,488","1307,238458","1,757258",,"4,68301","-2,17269","0,0303","2844,0459","-196,28109"
"75,489","1335,238458","1,757258",,"4,99295","-2,16786","0,02813","2898,41295","-195,84403"
"75,49","1384,238458","4,757258",,"5,56855","-2,16257","0,02596","3003,80648","-195,36696"
"75,491","1405,238458","8,757258",,"5,84528","-2,15687","0,0238","3049,80128","-194,8514"
"75,492","1422,238458","7,757258",,"6,02239","-2,15093","0,02165","3075,8258","-194,31534"
"75,493","1455,238458","6,757258",,"6,37661","-2,14473","0,0195","3135,59203","-193,75528"
"75,494","1473,238458","6,757258",,"6,57586","-2,13826","0,01736","3164,61244","-193,17021"
"75,495","1478,238458","4,757258",,"6,60907","-2,13167","0,01522","3161,25062","-192,57465"
"75,496","1495,238458","3,757258",,"6,78617","-2,12497","0,0131","3185,31756","-191,96959"
"75,497","1509,238458","2,757258",,"6,93007","-2,11811","0,01097","3202,57269","-191,35002"
"75,498","1509,238458","3,757258",,"6,94114","-2,11117","0,00886","3194,19725","-190,72346"
"75,499","1513,238458","3,757258",,"6,98542","-2,10421","0,00675","3192,07868","-190,0944"
"75,5","1529,238458","2,757258",,"7,15146","-2,09714","0,00465","3212,81302","-189,45584"
"75,501","1536,238458","-2,242742",,"7,1736","-2,08998","0,00256","3206,02001","-188,80877"
"75,502","1547,238458","-6,242742",,"7,25108","-2,08277","0,00047","3209,53568","-188,15721"
"75,503","1570,238458","-8,242742",,"7,48354","-2,0754","-0,00161","3241,76609","-187,49165"
"75,504","1590,238458","-7,242742",,"7,71599","-2,0678","-0,00368","3273,31909","-186,80508"
"75,505","1608,238458","-8,242742",,"7,90417","-2,05999","-0,00574","3295,9756","-186,09952"
"75,506","1639,238458","-8,242742",,"8,24732","-2,05191","-0,0078","3346,66379","-185,36996"
"75,507","1697,238458","-9,242742",,"8,87827","-2,04335","-0,00985","3449,16896","-184,59639"
"75,508","1744,238458","-8,242742",,"9,4096","-2,03421","-0,01189","3531,37601","-183,77033"
"75,509","1802,238458","-8,242742",,"10,05162","-2,02448","-0,01392","3631,90339","-182,89127"
"75,51","1901,238458","-7,242742",,"11,15854","-2,01387","-0,01593","3814,26514","-181,93321"
"75,511","2014,238458","-7,242742",,"12,40938","-2,00209","-0,01794","4018,18233","-180,86864"
"75,512","2192,238458","-12,242742",,"14,32436","-1,98872","-0,01994","4335,40386","-179,66108"
"75,513","2470,238458","-19,242742",,"17,32414","-1,9729","-0,02192","4835,56215","-178,23152"
"75,514","2840,238458","-26,242742",,"21,3423","-1,95356","-0,02388","5497,32017","-176,48495"
"75,515","3195,238458","-36,242742",,"25,1612","-1,93031","-0,02582","6097,84751","-174,38439"
"75,516","3513,238458","-38,242742",,"28,6591","-1,9034","-0,02774","6614,31347","-171,95333"
"75,517","3906,238458","-34,242742",,"33,05361","-1,87255","-0,02963","7250,48835","-169,16577"
"75,518","4090,238458","-10,242742",,"35,35602","-1,83834","-0,03148","7500,42233","-166,0757"
"75,519","4115,238458","15,757258",,"35,92056","-1,8027","-0,0333","7446,95609","-162,85614"
"75,52","4110,238458","52,757258",,"36,27477","-1,7666","-0,03509","7354,36815","-159,59508"
"75,521","4036,238458","69,757258",,"35,64382","-1,73065","-0,03684","7106,02296","-156,34651"
"75,522","3897,238458","60,757258",,"34,00557","-1,69582","-0,03855","6712,05143","-153,20045"
"75,523","3792,238458","60,757258",,"32,84329","-1,6624","-0,04023","6405,20606","-150,18089"
"75,524","3668,238458","57,757258",,"31,43749","-1,63026","-0,04188","6074,32677","-147,27732"
"75,525","3543,238458","46,757258",,"29,93207","-1,59957","-0,04349","5742,45373","-144,50526"
"75,526","3428,238458","24,757258",,"28,41557","-1,5704","-0,04508","5422,5754","-141,8697"
"75,527","3300,238458","6,757258",,"26,79946","-1,54279","-0,04663","5101,99944","-139,37564"
"75,528","3160,238458","-3,242742",,"25,13906","-1,51682","-0,04816","4788,59612","-137,02957"
"75,529","3038,238458","-13,242742",,"23,67792","-1,49241","-0,04967","4514,54023","-134,82451"
"75,53","2905,238458","-21,242742",,"22,11715","-1,46951","-0,05115","4238,07374","-132,75595"
"75,531","2789,238458","-33,242742",,"20,70028","-1,44811","-0,05261","3990,97356","-130,82188"
"75,532","2691,238458","-44,242742",,"19,49372","-1,42801","-0,05405","3779,93335","-129,00632"
"75,533","2602,238458","-44,242742",,"18,50856","-1,40901","-0,05546","3604,23572","-127,28976"
"75,534","2520,238458","-30,242742",,"17,75584","-1,39088","-0,05686","3463,2741","-125,65169"
"75,535","2455,238458","-14,242742",,"17,21345","-1,37339","-0,05825","3352,44125","-124,07213"
"75,536","2393,238458","-20,242742",,"16,46074","-1,35655","-0,05961","3219,09632","-122,55107"
"75,537","2339,238458","-14,242742",,"15,92941","-1,34036","-0,06096","3116,32826","-121,08801"
"75,538","2286,238458","0,757258",,"15,50878","-1,32464","-0,06229","3029,44513","-119,66794"
"75,539","2237,238458","13,757258",,"15,11028","-1,30933","-0,06361","2947,29642","-118,28488"
"75,54","2194,238458","19,757258",,"14,70072","-1,29442","-0,06491","2865,85049","-116,93832"
"75,541","2154,238458","12,757258",,"14,18046","-1,27998","-0,0662","2773,71984","-115,63375"
"75,542","2116,238458","-0,242742",,"13,61593","-1,26609","-0,06747","2679,03213","-114,37819"
"75,543","2085,238458","0,757258",,"13,28385","-1,25264","-0,06873","2612,99315","-113,16313"
"75,544","2050,238458","3,757258",,"12,92963","-1,23953","-0,06998","2545,98761","-111,97907"
"75,545","2016,238458","8,757258",,"12,60862","-1,22676","-0,07121","2484,18383","-110,8255"
"75,546","1982,238458","7,757258",,"12,2212","-1,21435","-0,07243","2416,54162","-109,70394"
"75,547","1954,238458","4,757258",,"11,87805","-1,2023","-0,07364","2355,29176","-108,61538"
"75,548","1922,238458","-1,242742",,"11,45742","-1,19063","-0,07483","2287,19086","-107,56131"
"75,549","1888,238458","-3,242742",,"11,05892","-1,17937","-0,07602","2223,10666","-106,54425"
"75,55","1860,238458","1,757258",,"10,80433","-1,16844","-0,07719","2175,62652","-105,55669"
"75,551","1831,238458","4,757258",,"10,51653","-1,15778","-0,07836","2125,67464","-104,59362"
"75,552","1803,238458","3,757258",,"10,19552","-1,14742","-0,07951","2073,3858","-103,65806"
"75,553","1779,238458","1,757258",,"9,90771","-1,13737","-0,08065","2025,65096","-102,75"
"75,554","1755,238458","-6,242742",,"9,5535","-1,12764","-0,08178","1972,23633","-101,87094"
"75,555","1733,238458","-9,242742",,"9,27677","-1,11822","-0,08291","1927,8137","-101,02037"
"75,556","1713,238458","-10,242742",,"9,04431","-1,10906","-0,08402","1888,73064","-100,19281"
"75,557","1697,238458","-11,242742",,"8,85613","-1,10011","-0,08513","1854,78652","-99,38425"
"75,558","1682,238458","-10,242742",,"8,70116","-1,09133","-0,08622","1824,70708","-98,59118"
"75,559","1667,238458","-10,242742",,"8,53512","-1,08272","-0,08731","1794,05683","-97,81262"
"75,56","1657,238458","-6,242742",,"8,46871","-1,07421","-0,08839","1773,52391","-97,04456"
"75,561","1652,238458","-2,242742",,"8,45764","-1,06575","-0,08946","1758,48549","-96,28"
"75,562","1645,238458","-3,242742",,"8,36908","-1,05734","-0,09052","1736,14478","-95,51993"
"75,563","1639,238458","-0,242742",,"8,33588","-1,04899","-0,09157","1719,28309","-94,76537"
"75,564","1640,238458","-0,242742",,"8,34694","-1,04064","-0,09262","1706,6522","-94,01181"
"75,565","1636,238458","0,757258",,"8,31374","-1,03231","-0,09365","1689,89353","-93,25924"
"75,566","1633,238458","1,757258",,"8,2916","-1,02401","-0,09468","1674,25408","-92,50918"
"75,567","1627,238458","6,757258",,"8,28053","-1,01573","-0,0957","1659,69068","-91,76062"
"75,568","1621,238458","8,757258",,"8,23625","-1,00747","-0,09671","1642,16664","-91,01455"
"75,569","1613,238458","6,757258",,"8,12556","-0,99929","-0,09772","1618,83894","-90,27549"
"75,57","1604,238458","6,757258",,"8,02593","-0,99121","-0,09871","1596,83537","-89,54593"
"75,571","1602,238458","3,757258",,"7,97059","-0,98321","-0,0997","1579,03414","-88,82337"
"75,572","1589,238458","1,757258",,"7,80455","-0,97532","-0,10068","1551,73688","-88,1108"
"75,573","1583,238458","-3,242742",,"7,68279","-0,96758","-0,10165","1528,77335","-87,41124"
"75,574","1571,238458","-4,242742",,"7,53889","-0,95997","-0,10261","1504,26865","-86,72368"
"75,575","1559,238458","-1,242742",,"7,43926","-0,95248","-0,10357","1483,96098","-86,04711"
"75,576","1547,238458","-0,242742",,"7,3175","-0,9451","-0,10452","1462,06936","-85,38055"
"75,577","1536,238458","-2,242742",,"7,1736","-0,93786","-0,10546","1438,66839","-84,72599"
"75,578","1522,238458","-2,242742",,"7,01863","-0,93076","-0,10639","1414,75233","-84,08492"
"75,579","1510,238458","-0,242742",,"6,90794","-0,9238","-0,10732","1394,9302","-83,45586"
"75,58","1494,238458","-0,242742",,"6,73083","-0,91698","-0,10824","1369,96131","-82,8398"
"75,581","1482,238458","-3,242742",,"6,56479","-0,91033","-0,10915","1346,37456","-82,23924"
"75,582","1472,238458","-1,242742",,"6,47623","-0,90381","-0,11006","1329,50027","-81,65017"
"75,583","1459,238458","-4,242742",,"6,29913","-0,89742","-0,11096","1305,74527","-81,07311"
"75,584","1450,238458","-1,242742",,"6,23271","-0,89116","-0,11186","1291,28145","-80,50705"
"75,585","1438,238458","-1,242742",,"6,09988","-0,88499","-0,11274","1271,72664","-79,94998"
"75,586","1430,238458","-2,242742",,"6,00025","-0,87894","-0,11363","1255,12226","-79,40342"
"75,587","1422,238458","-2,242742",,"5,9117","-0,87298","-0,1145","1239,63328","-78,86536"
"75,588","1411,238458","-0,242742",,"5,81208","-0,86712","-0,11537","1223,50533","-78,3358"
"75,589","1401,238458","0,757258",,"5,71245","-0,86136","-0,11624","1207,62256","-77,81523"
"75,59","1393,238458","2,757258",,"5,64604","-0,85568","-0,1171","1194,5262","-77,30217"
"75,591","1385,238458","1,757258",,"5,54641","-0,85008","-0,11795","1179,06314","-76,79661"
"75,592","1376,238458","0,757258",,"5,43572","-0,84459","-0,1188","1163,00112","-76,30054"
"75,593","1363,238458","0,757258",,"5,29182","-0,83923","-0,11964","1144,70525","-75,81598"
"75,594","1354,238458","-0,242742",,"5,18113","-0,83399","-0,12047","1129,2228","-75,34292"
"75,595","1342,238458","3,757258",,"5,09257","-0,82886","-0,12131","1115,63668","-74,87885"
"75,596","1329,238458","2,757258",,"4,9376","-0,82384","-0,12213","1097,35262","-74,42579"
"75,597","1317,238458","2,757258",,"4,80477","-0,81897","-0,12295","1081,03658","-73,98573"
"75,598","1305,238458","2,757258",,"4,67194","-0,81423","-0,12377","1065,0112","-73,55767"
"75,599","1291,238458","1,757258",,"4,5059","-0,80964","-0,12458","1046,86428","-73,1431"
"75,6","1279,238458","2,757258",,"4,38414","-0,8052","-0,12539","1032,25971","-72,74154"
"75,601","1269,238458","-1,242742",,"4,22917","-0,80089","-0,12619","1015,52613","-72,35248"
"75,602","1256,238458","-0,242742",,"4,09634","-0,79673","-0,12699","1000,68704","-71,97641"
"75,603","1246,238458","-3,242742",,"3,95243","-0,7927","-0,12779","985,32729","-71,61285"
"75,604","1237,238458","-3,242742",,"3,85281","-0,7888","-0,12858","973,37713","-71,26029"
"75,605","1224,238458","-5,242742",,"3,68677","-0,78503","-0,12936","956,94976","-70,91973"
"75,606","1217,238458","-5,242742",,"3,60929","-0,78138","-0,13015","947,03314","-70,59016"
"75,607","1208,238458","-5,242742",,"3,50966","-0,77782","-0,13093","935,71866","-70,2686"
"75,608","1203,238458","-5,242742",,"3,45432","-0,77434","-0,1317","927,65813","-69,95404"
"75,609","1196,238458","-3,242742",,"3,39897","-0,77092","-0,13248","919,69845","-69,64447"
"75,61","1192,238458","-2,242742",,"3,36576","-0,76753","-0,13324","913,36071","-69,33891"
"75,611","1191,238458","0,757258",,"3,3879","-0,76416","-0,13401","910,8706","-69,03385"
"75,612","1189,238458","-0,242742",,"3,35469","-0,76078","-0,13477","904,56968","-68,72928"
"75,613","1187,238458","2,757258",,"3,36576","-0,75742","-0,13553","901,33181","-68,42572"
"75,614","1185,238458","0,757258",,"3,32149","-0,75408","-0,13629","894,33659","-68,12366"
"75,615","1188,238458","2,757258",,"3,37683","-0,75073","-0,13704","894,11816","-67,8211"
"75,616","1190,238458","1,757258",,"3,3879","-0,74735","-0,13779","890,83712","-67,51553"
"75,617","1191,238458","1,757258",,"3,39897","-0,74396","-0,13853","887,53612","-67,20897"
"75,618","1193,238458","2,757258",,"3,43218","-0,74054","-0,13928","885,68297","-66,90041"
"75,619","1195,238458","4,757258",,"3,47646","-0,73709","-0,14002","884,49997","-66,58834"
"75,62","1199,238458","1,757258",,"3,48752","-0,7336","-0,14075","881,0552","-66,27378"
"75,621","1203,238458","0,757258",,"3,52073","-0,7301","-0,14148","879,03706","-65,95722"
"75,622","1206,238458","-4,242742",,"3,49859","-0,72659","-0,14221","873,35826","-65,64015"
"75,623","1209,238458","-5,242742",,"3,52073","-0,72308","-0,14294","870,58582","-65,32309"
"75,624","1216,238458","-4,242742",,"3,60929","-0,71952","-0,14366","872,04969","-65,00103"
"75,625","1226,238458","-2,242742",,"3,74212","-0,71584","-0,14438","876,18483","-64,66897"
"75,626","1232,238458","-5,242742",,"3,77533","-0,71208","-0,14509","873,72041","-64,3294"
"75,627","1242,238458","-3,242742",,"3,90816","-0,70824","-0,1458","877,50548","-63,98234"
"75,628","1253,238458","-1,242742",,"4,05206","-0,70426","-0,14651","881,72952","-63,62278"
"75,629","1263,238458","-3,242742",,"4,14061","-0,70016","-0,14721","882,20222","-63,25271"
"75,63","1273,238458","-2,242742",,"4,26237","-0,69596","-0,14791","884,56393","-62,87315"
"75,631","1290,238458","-0,242742",,"4,47269","-0,69159","-0,1486","892,1531","-62,47859"
"75,632","1296,238458","1,757258",,"4,56125","-0,68708","-0,14929","891,82285","-62,07053"
"75,633","1310,238458","-0,242742",,"4,69408","-0,68245","-0,14997","894,00555","-61,65246"
"75,634","1323,238458","1,757258",,"4,86012","-0,67767","-0,15065","897,91266","-61,2209"
"75,635","1337,238458","1,757258",,"5,01509","-0,67273","-0,15133","900,78864","-60,77484"
"75,636","1351,238458","2,757258",,"5,18113","-0,66764","-0,152","903,97684","-60,31427"
"75,637","1364,238458","0,757258",,"5,30289","-0,66239","-0,15266","904,16552","-59,84071"
"75,638","1376,238458","1,757258",,"5,44679","-0,65702","-0,15332","905,37015","-59,35515"
"75,639","1389,238458","0,757258",,"5,57962","-0,65151","-0,15398","905,59105","-58,85708"
"75,64","1402,238458","1,757258",,"5,73459","-0,64585","-0,15463","906,76959","-58,34602"
"75,641","1414,238458","1,757258",,"5,86742","-0,64005","-0,15527","906,30558","-57,82196"
"75,642","1428,238458","1,757258",,"6,02239","-0,6341","-0,15591","906,76506","-57,2849"
"75,643","1439,238458","-0,242742",,"6,12202","-0,62803","-0,15654","903,73411","-56,73633"
"75,644","1452,238458","-1,242742",,"6,25485","-0,62184","-0,15716","902,2911","-56,17727"
"75,645","1464,238458","-1,242742",,"6,38768","-0,61552","-0,15778","900,50523","-55,60621"
"75,646","1477,238458","-1,242742",,"6,53158","-0,60906","-0,15839","898,97262","-55,02264"
"75,647","1488,238458","-1,242742",,"6,65334","-0,60247","-0,159","895,86934","-54,42708"
"75,648","1502,238458","-1,242742",,"6,80831","-0,59574","-0,1596","894,20097","-53,81902"
"75,649","1512,238458","-1,242742",,"6,91901","-0,58887","-0,16019","889,78739","-53,19896"
"75,65","1523,238458","-1,242742",,"7,04077","-0,58189","-0,16078","885,64166","-52,56839"
"75,651","1536,238458","-1,242742",,"7,18467","-0,57478","-0,16135","882,2883","-51,92583"
"75,652","1546,238458","-2,242742",,"7,28429","-0,56755","-0,16193","876,29134","-51,27227"
"75,653","1557,238458","-1,242742",,"7,41712","-0,5602","-0,16249","871,66424","-50,6082"
"75,654","1567,238458","-0,242742",,"7,53889","-0,55272","-0,16305","866,10841","-49,93264"
"75,655","1576,238458","0,757258",,"7,64958","-0,54512","-0,1636","859,65953","-49,24658"
"75,656","1586,238458","-1,242742",,"7,73813","-0,53743","-0,16414","851,82579","-48,55151"
"75,657","1596,238458","1,757258",,"7,88203","-0,52962","-0,16467","846,33192","-47,84595"
"75,658","1604,238458","-1,242742",,"7,93738","-0,52171","-0,1652","836,3008","-47,13139"
"75,659","1615,238458","0,757258",,"8,08128","-0,5137","-0,16571","830,14","-46,40783"
"75,66","1622,238458","-0,242742",,"8,1477","-0,50559","-0,16622","820,06054","-45,67476"
"75,661","1630,238458","-2,242742",,"8,21411","-0,49741","-0,16672","809,77559","-44,9357"
"75,662","1636,238458","0,757258",,"8,31374","-0,48914","-0,16722","800,72424","-44,18914"
"75,663","1644,238458","-1,242742",,"8,38015","-0,4808","-0,1677","789,9451","-43,43507"
"75,664","1650,238458","-1,242742",,"8,44657","-0,47238","-0,16818","778,95628","-42,67501"
"75,665","1658,238458","0,757258",,"8,55726","-0,46388","-0,16865","769,57546","-41,90695"
"75,666","1664,238458","0,757258",,"8,62368","-0,45529","-0,16911","758,05565","-41,13088"
"75,667","1670,238458","-2,242742",,"8,65688","-0,44665","-0,16956","745,00956","-40,35032"
"75,668","1677,238458","0,757258",,"8,76758","-0,43794","-0,17","734,85697","-39,56326"
"75,669","1680,238458","-2,242742",,"8,76758","-0,42917","-0,17043","720,14502","-38,7712"
"75,67","1684,238458","-1,242742",,"8,82292","-0,42037","-0,17086","707,4885","-37,97663"
"75,671","1689,238458","-0,242742",,"8,88934","-0,41152","-0,17127","695,05277","-37,17657"
"75,672","1693,238458","-1,242742",,"8,92255","-0,40261","-0,17168","681,21851","-36,37201"
"75,673","1697,238458","-0,242742",,"8,97789","-0,39366","-0,17208","668,04309","-35,56344"
"75,674","1700,238458","-0,242742",,"9,0111","-0,38467","-0,17247","653,93346","-34,75088"
"75,675","1703,238458","-0,242742",,"9,04431","-0,37564","-0,17285","639,71332","-33,93532"
"75,676","1704,238458","0,757258",,"9,06645","-0,36658","-0,17322","625,02522","-33,11726"
"75,677","1706,238458","-1,242742",,"9,06645","-0,35752","-0,17358","609,56696","-32,29819"
"75,678","1707,238458","-0,242742",,"9,08859","-0,34844","-0,17394","594,78672","-31,47813"
"75,679","1709,238458","0,757258",,"9,12179","-0,33934","-0,17428","580,2622","-30,65557"
"75,68","1706,238458","0,757258",,"9,08859","-0,33023","-0,17461","563,70167","-29,833"
"75,681","1706,238458","1,757258",,"9,09966","-0,32114","-0,17494","548,49918","-29,01144"
"75,682","1702,238458","0,757258",,"9,04431","-0,31206","-0,17526","531,44395","-28,19188"
"75,683","1696,238458","-0,242742",,"8,96682","-0,30306","-0,17556","513,9861","-27,37831"
"75,684","1693,238458","2,757258",,"8,96682","-0,29409","-0,17586","498,7784","-26,56825"
"75,685","1682,238458","1,757258",,"8,83399","-0,28519","-0,17615","480,26105","-25,76419"
"75,686","1674,238458","-0,242742",,"8,7233","-0,27641","-0,17643","462,71372","-24,97113"
"75,687","1667,238458","-2,242742",,"8,62368","-0,26774","-0,1767","445,78468","-24,18756"
"75,688","1657,238458","-1,242742",,"8,52405","-0,25917","-0,17697","429,17675","-23,413"
"75,689","1647,238458","-0,242742",,"8,42443","-0,25069","-0,17722","412,88722","-22,64744"
"75,69","1633,238458","-1,242742",,"8,25839","-0,24235","-0,17747","395,51371","-21,89387"
"75,691","1623,238458","-2,242742",,"8,13663","-0,23415","-0,17771","379,55973","-21,15331"
"75,692","1609,238458","-0,242742",,"8,0038","-0,22608","-0,17794","363,76497","-20,42425"
"75,693","1596,238458","0,757258",,"7,87096","-0,21814","-0,17816","348,37603","-19,70719"
"75,694","1581,238458","-0,242742",,"7,69386","-0,21036","-0,17837","332,58175","-19,00412"
"75,695","1565,238458","-1,242742",,"7,50568","-0,20276","-0,17858","317,11959","-18,31756"
"75,696","1550,238458","0,757258",,"7,36178","-0,19533","-0,17878","302,954","-17,646"
"75,697","1535,238458","-3,242742",,"7,15146","-0,18807","-0,17897","288,12565","-16,99043"
"75,698","1522,238458","-1,242742",,"7,0297","-0,18098","-0,17916","275,27211","-16,34987"
"75,699","1506,238458","0,757258",,"6,87473","-0,17403","-0,17933","262,26142","-15,72181"
"75,7","1490,238458","2,757258",,"6,71976","-0,16723","-0,1795","249,67675","-15,10774"
"75,701","1474,238458","0,757258",,"6,52051","-0,16061","-0,17967","236,9019","-14,50968"
"75,702","1458,238458","1,757258",,"6,35447","-0,15417","-0,17983","225,09401","-13,92812"
"75,703","1444,238458","-0,242742",,"6,17736","-0,14791","-0,17998","213,57927","-13,36206"
"75,704","1429,238458","-0,242742",,"6,01132","-0,14181","-0,18012","202,65185","-12,81149"
"75,705","1414,238458","-1,242742",,"5,83421","-0,13589","-0,18026","192,01397","-12,27643"
"75,706","1403,238458","-0,242742",,"5,72352","-0,13011","-0,18039","182,54733","-11,75437"
"75,707","1390,238458","-2,242742",,"5,55748","-0,12447","-0,18052","172,76665","-11,2448"
"75,708","1377,238458","-0,242742",,"5,43572","-0,11898","-0,18064","163,82866","-10,74824"
"75,709","1362,238458","-1,242742",,"5,25861","-0,11363","-0,18076","154,64759","-10,26518"
"75,71","1352,238458","-0,242742",,"5,15899","-0,10842","-0,18087","146,58266","-9,79461"
"75,711","1341,238458","-0,242742",,"5,03723","-0,10332","-0,18098","138,5535","-9,33405"
"75,712","1331,238458","0,757258",,"4,9376","-0,09833","-0,18108","130,9804","-8,88349"
"75,713","1321,238458","-0,242742",,"4,81584","-0,09346","-0,18117","123,4566","-8,44293"
"75,714","1313,238458","-0,242742",,"4,72729","-0,08869","-0,18126","116,4439","-8,01186"
"75,715","1303,238458","-0,242742",,"4,61659","-0,08401","-0,18135","109,46953","-7,5898"
"75,716","1296,238458","-0,242742",,"4,53911","-0,07944","-0,18143","102,94856","-7,17624"
"75,717","1289,238458","-1,242742",,"4,45055","-0,07494","-0,18151","96,52375","-6,77017"
"75,718","1283,238458","-0,242742",,"4,39521","-0,07052","-0,18158","90,47451","-6,37061"
"75,719","1278,238458","-0,242742",,"4,33986","-0,06615","-0,18165","84,54023","-5,97605"
"75,72","1272,238458","-2,242742",,"4,25131","-0,06186","-0,18171","78,55565","-5,58799"
"75,721","1270,238458","0,757258",,"4,26237","-0,0576","-0,18177","73,20708","-5,20342"
"75,722","1265,238458","-2,242742",,"4,17382","-0,05338","-0,18183","67,41885","-4,82236"
"75,723","1264,238458","0,757258",,"4,19596","-0,0492","-0,18188","62,23175","-4,4443"
"75,724","1263,238458","0,757258",,"4,18489","-0,045","-0,18193","56,88587","-4,06573"
"75,725","1259,238458","-1,242742",,"4,11847","-0,04085","-0,18197","51,39304","-3,69067"
"75,726","1261,238458","-0,242742",,"4,15168","-0,03672","-0,18201","46,30129","-3,31711"
"75,727","1260,238458","-2,242742",,"4,11847","-0,03258","-0,18204","40,98922","-2,94354"
"75,728","1263,238458","-1,242742",,"4,16275","-0,02844","-0,18207","35,89412","-2,56948"
"75,729","1262,238458","-0,242742",,"4,16275","-0,02428","-0,1821","30,64075","-2,19342"
"75,73","1261,238458","-3,242742",,"4,11847","-0,02014","-0,18212","25,33475","-1,81936"
"75,731","1263,238458","0,757258",,"4,18489","-0,01599","-0,18214","20,20788","-1,44429"
"75,732","1265,238458","-0,242742",,"4,19596","-0,0118","-0,18215","14,923","-1,06573"
"75,733","1266,238458","1,757258",,"4,22917","-0,00758","-0,18216","9,61688","-0,68517"
"75,734","1270,238458","0,757258",,"4,26237","-0,00334","-0,18217","4,24327","-0,3016"
"75,735","1272,238458","1,757258",,"4,29558","0,00094","-0,18217","1,19811","0,08496"
"75,736","1273,238458","0,757258",,"4,29558","0,00524","-0,18217","6,67067","0,47302"
"75,737","1275,238458","1,757258",,"4,32879","0,00955","-0,18216","12,19302","0,86258"
"75,738","1276,238458","-0,242742",,"4,31772","0,01387","-0,18215","17,69993","1,25315"
"75,739","1279,238458","-0,242742",,"4,35093","0,01821","-0,18213","23,28512","1,64471"
"75,74","1280,238458","0,757258",,"4,37307","0,02257","-0,18211","28,90924","2,03877"
"75,741","1280,238458","-0,242742",,"4,362","0,02694","-0,18209","34,47709","2,43334"
"75,742","1283,238458","-1,242742",,"4,38414","0,03131","-0,18206","40,13722","2,8284"
"75,743","1284,238458","0,757258",,"4,41735","0,03571","-0,18203","45,88608","3,22596"
"75,744","1286,238458","0,757258",,"4,43948","0,04014","-0,18199","51,65685","3,62603"
"75,745","1287,238458","0,757258",,"4,45055","0,04458","-0,18194","57,42215","4,02759"
"75,746","1288,238458","0,757258",,"4,46162","0,04904","-0,1819","63,21061","4,43015"
"75,747","1292,238458","-0,242742",,"4,49483","0,05352","-0,18185","69,14357","4,83471"
"75,748","1292,238458","0,757258",,"4,5059","0,05802","-0,18179","75,01604","5,24128"
"75,749","1295,238458","-1,242742",,"4,51697","0,06253","-0,18173","80,91184","5,64884"
"75,75","1297,238458","-1,242742",,"4,53911","0,06706","-0,18167","86,90521","6,0579"
"75,751","1299,238458","-0,242742",,"4,57232","0,07161","-0,1816","93,02423","6,46947"
"75,752","1305,238458","0,757258",,"4,6498","0,07622","-0,18152","99,54754","6,88603"
"75,753","1305,238458","-1,242742",,"4,62766","0,08086","-0,18144","105,44398","7,30509"
"75,754","1306,238458","-0,242742",,"4,6498","0,0855","-0,18136","111,66387","7,72416"
"75,755","1312,238458","-0,242742",,"4,71622","0,09018","-0,18127","118,32096","8,14722"
"75,756","1311,238458","-0,242742",,"4,70515","0,09489","-0,18118","124,40646","8,57278"
"75,757","1314,238458","-0,242742",,"4,73835","0,09962","-0,18108","130,8955","8,99934"
"75,758","1316,238458","-3,242742",,"4,72729","0,10435","-0,18098","137,01006","9,42691"
"75,759","1317,238458","0,757258",,"4,78263","0,1091","-0,18087","143,79882","9,85647"
"75,76","1322,238458","-0,242742",,"4,82691","0,11391","-0,18076","150,58712","10,29053"
"75,761","1324,238458","-0,242742",,"4,84905","0,11875","-0,18065","157,2204","10,7276"
"75,762","1327,238458","-0,242742",,"4,88226","0,12361","-0,18053","164,03334","11,16716"
"75,763","1326,238458","-0,242742",,"4,87119","0,12849","-0,1804","170,37624","11,60772"
"75,764","1330,238458","-1,242742",,"4,90439","0,13338","-0,18027","177,25756","12,04928"
"75,765","1330,238458","0,757258",,"4,92653","0,13829","-0,18013","184,06677","12,49335"
"75,766","1332,238458","1,757258",,"4,95974","0,14324","-0,17999","191,07577","12,93991"
"75,767","1334,238458","-0,242742",,"4,95974","0,1482","-0,17985","197,69205","13,38797"
"75,768","1334,238458","-1,242742",,"4,94867","0,15315","-0,1797","204,14779","13,83554"
"75,769","1336,238458","0,757258",,"4,99295","0,15812","-0,17954","211,40634","14,2846"
"75,77","1340,238458","-0,242742",,"5,02616","0,16313","-0,17938","218,59348","14,73716"
"75,771","1337,238458","-2,242742",,"4,97081","0,16813","-0,17921","224,45078","15,18873"
"75,772","1335,238458","0,757258",,"4,98188","0,1731","-0,17904","231,26728","15,63829"
"75,773","1338,238458","-0,242742",,"5,00402","0,1781","-0,17887","238,29404","16,08935"
"75,774","1337,238458","-2,242742",,"4,97081","0,18309","-0,17869","244,41792","16,53991"
"75,775","1336,238458","-1,242742",,"4,97081","0,18806","-0,1785","251,05393","16,98898"
"75,776","1335,238458","-0,242742",,"4,97081","0,19303","-0,17831","257,68994","17,43804"
"75,777","1332,238458","0,757258",,"4,94867","0,19799","-0,17812","263,9152","17,8861"
"75,778","1331,238458","-0,242742",,"4,92653","0,20292","-0,17791","270,09115","18,33217"
"75,779","1329,238458","0,757258",,"4,91546","0,20785","-0,17771","276,43313","18,77673"
"75,78","1327,238458","-2,242742",,"4,86012","0,21273","-0,1775","281,87021","19,21829"
"75,781","1320,238458","0,757258",,"4,81584","0,21757","-0,17728","287,41023","19,65535"
"75,782","1317,238458","-1,242742",,"4,76049","0,22236","-0,17706","292,62358","20,08792"
"75,783","1316,238458","1,757258",,"4,78263","0,22713","-0,17684","299,35719","20,51898"
"75,784","1311,238458","-3,242742",,"4,67194","0,23186","-0,17661","303,26916","20,94604"
"75,785","1306,238458","-2,242742",,"4,62766","0,23651","-0,17638","308,40504","21,36611"
"75,786","1305,238458","-1,242742",,"4,62766","0,24114","-0,17614","314,4395","21,78417"
"75,787","1297,238458","-0,242742",,"4,55018","0,24572","-0,17589","318,70336","22,19873"
"75,788","1292,238458","-0,242742",,"4,49483","0,25025","-0,17565","323,31779","22,6073"
"75,789","1287,238458","0,757258",,"4,45055","0,25472","-0,17539","328,07761","23,01136"
"75,79","1281,238458","0,757258",,"4,38414","0,25914","-0,17514","332,21231","23,41042"
"75,791","1279,238458","-0,242742",,"4,35093","0,2635","-0,17487","337,02096","23,80498"
"75,792","1270,238458","-0,242742",,"4,25131","0,26781","-0,17461","340,11182","24,19355"
"75,793","1263,238458","-1,242742",,"4,16275","0,27201","-0,17434","343,27863","24,57361"
"75,794","1257,238458","-0,242742",,"4,1074","0,27615","-0,17407","347,11634","24,94717"
"75,795","1251,238458","-0,242742",,"4,04099","0,28022","-0,17379","350,55626","25,31524"
"75,796","1244,238458","-0,242742",,"3,9635","0,28422","-0,1735","353,57348","25,6768"
"75,797","1240,238458","-0,242742",,"3,91923","0,28817","-0,17322","357,32386","26,03286"
"75,798","1234,238458","-1,242742",,"3,84174","0,29205","-0,17293","360,09132","26,38343"
"75,799","1226,238458","-2,242742",,"3,74212","0,29584","-0,17263","362,10422","26,72599"
"75,8","1219,238458","-0,242742",,"3,68677","0,29955","-0,17234","365,15292","27,06155"
"75,801","1214,238458","0,757258",,"3,64249","0,30322","-0,17204","368,40723","27,39261"
"75,802","1208,238458","0,757258",,"3,57608","0,30683","-0,17173","370,95154","27,71868"
"75,803","1203,238458","-0,242742",,"3,50966","0,31037","-0,17142","373,37264","28,03874"
"75,804","1199,238458","-0,242742",,"3,46539","0,31386","-0,17111","376,31269","28,3538"
"75,805","1192,238458","-0,242742",,"3,3879","0,31728","-0,17079","378,20024","28,66337"
"75,806","1187,238458","-0,242742",,"3,33255","0,32064","-0,17048","380,6024","28,96693"
"75,807","1181,238458","0,757258",,"3,27721","0,32395","-0,17015","382,90553","29,26549"
"75,808","1177,238458","1,757258",,"3,244","0,32721","-0,16983","385,77793","29,56005"
"75,809","1173,238458","0,757258",,"3,18865","0,33043","-0,1695","387,91784","29,85062"
"75,81","1167,238458","-0,242742",,"3,11117","0,33358","-0,16917","389,28079","30,13518"
"75,811","1161,238458","-0,242742",,"3,04475","0,33665","-0,16883","390,85284","30,41324"
"75,812","1156,238458","2,757258",,"3,02261","0,33969","-0,16849","393,69556","30,68731"
"75,813","1151,238458","0,757258",,"2,94513","0,34267","-0,16815","394,75516","30,95687"
"75,814","1149,238458","-0,242742",,"2,91192","0,3456","-0,16781","397,09201","31,22143"
"75,815","1143,238458","-1,242742",,"2,83444","0,34847","-0,16746","397,95397","31,481"
"75,816","1140,238458","-0,242742",,"2,8123","0,3513","-0,16711","400,47565","31,73606"
"75,817","1135,238458","-2,242742",,"2,73481","0,35407","-0,16676","401,15901","31,98662"
"75,818","1131,238458","-0,242742",,"2,71267","0,35679","-0,1664","403,53141","32,23268"
"75,819","1131,238458","-0,242742",,"2,71267","0,35951","-0,16604","406,59944","32,47775"
"75,82","1124,238458","-1,242742",,"2,62412","0,36217","-0,16568","406,71999","32,71881"
"75,821","1121,238458","-0,242742",,"2,60198","0,36479","-0,16532","408,92486","32,95487"
"75,822","1120,238458","-1,242742",,"2,57984","0,36738","-0,16495","411,0945","33,18894"
"75,823","1117,238458","1,757258",,"2,57984","0,36996","-0,16459","413,98134","33,422"
"75,824","1115,238458","-0,242742",,"2,53557","0,37252","-0,16421","415,35333","33,65306"
"75,825","1113,238458","-1,242742",,"2,50236","0,37503","-0,16384","417,03686","33,88063"
"75,826","1112,238458","0,757258",,"2,51343","0,37754","-0,16346","420,20317","34,10719"
"75,827","1106,238458","1,757258",,"2,45808","0,38003","-0,16309","421,06966","34,33175"
"75,828","1106,238458","0,757258",,"2,44701","0,38248","-0,1627","423,40459","34,55331"
"75,829","1105,238458","2,757258",,"2,45808","0,38493","-0,16232","426,50448","34,77488"
"75,83","1103,238458","-0,242742",,"2,40273","0,38736","-0,16193","427,26054","34,99444"
"75,831","1101,238458","-1,242742",,"2,36953","0,38975","-0,16155","428,72318","35,21"
"75,832","1100,238458","-0,242742",,"2,36953","0,39212","-0,16115","431,32965","35,42407"
"75,833","1100,238458","-0,242742",,"2,36953","0,39449","-0,16076","433,93612","35,63813"
"75,834","1096,238458","-0,242742",,"2,32525","0,39684","-0,16037","434,93089","35,85019"
"75,835","1096,238458","-0,242742",,"2,32525","0,39916","-0,15997","437,47935","36,06025"
"75,836","1095,238458","-0,242742",,"2,31418","0,40148","-0,15957","439,62027","36,26982"
"75,837","1091,238458","-0,242742",,"2,2699","0,40377","-0,15916","440,51495","36,47688"
"75,838","1091,238458","-1,242742",,"2,25883","0,40604","-0,15876","442,57932","36,68144"
"75,839","1090,238458","0,757258",,"2,2699","0,4083","-0,15835","445,45578","36,88601"
"75,84","1086,238458","0,757258",,"2,22562","0,41055","-0,15794","446,26588","37,08907"
"75,841","1085,238458","0,757258",,"2,21456","0,41277","-0,15753","448,26634","37,28963"
"75,842","1082,238458","-1,242742",,"2,15921","0,41496","-0,15712","448,5665","37,4872"
"75,843","1080,238458","-0,242742",,"2,14814","0,41711","-0,1567","450,4775","37,68176"
"75,844","1079,238458","-0,242742",,"2,13707","0,41925","-0,15628","452,37225","37,87532"
"75,845","1075,238458","-0,242742",,"2,09279","0,42137","-0,15586","452,96878","38,06638"
"75,846","1073,238458","0,757258",,"2,08172","0,42346","-0,15544","454,78912","38,25495"
"75,847","1071,238458","1,757258",,"2,07065","0,42553","-0,15502","456,59341","38,44251"
"75,848","1069,238458","-0,242742",,"2,02638","0,42758","-0,15459","457,08114","38,62757"
"75,849","1063,238458","-1,242742",,"1,94889","0,42957","-0,15416","456,19894","38,80714"
"75,85","1061,238458","-3,242742",,"1,90462","0,43149","-0,15373","456,51917","38,9812"
"75,851","1059,238458","-0,242742",,"1,91568","0,4334","-0,1533","458,9735","39,15376"
"75,852","1056,238458","-0,242742",,"1,88248","0,4353","-0,15286","459,67871","39,32532"
"75,853","1052,238458","1,757258",,"1,86034","0,43717","-0,15243","460,78056","39,49439"
"75,854","1050,238458","-0,242742",,"1,81606","0,43901","-0,15199","460,96196","39,66045"
"75,855","1047,238458","-2,242742",,"1,76071","0,4408","-0,15155","460,63575","39,82201"
"75,856","1043,238458","-1,242742",,"1,72751","0,44255","-0,15111","461,1307","39,97958"
"75,857","1040,238458","-1,242742",,"1,6943","0,44426","-0,15066","461,58068","40,13414"
"75,858","1039,238458","0,757258",,"1,70537","0,44596","-0,15022","463,79276","40,2877"
"75,859","1036,238458","-4,242742",,"1,61681","0,44762","-0,14977","461,93935","40,43777"
"75,86","1034,238458","0,757258",,"1,65002","0,44925","-0,14932","464,97278","40,58533"
"75,861","1030,238458","-0,242742",,"1,59468","0,45087","-0,14887","464,39754","40,73189"
"75,862","1027,238458","-0,242742",,"1,56147","0,45245","-0,14842","464,66559","40,87445"
"75,863","1025,238458","-1,242742",,"1,52826","0,454","-0,14797","464,89017","41,01402"
"75,864","1023,238458","0,757258",,"1,52826","0,45552","-0,14751","466,4551","41,15208"
"75,865","1016,238458","0,757258",,"1,45077","0,45701","-0,14706","464,78126","41,28664"
"75,866","1012,238458","-1,242742",,"1,38436","0,45843","-0,1466","463,47233","41,41471"
"75,867","1008,238458","-0,242742",,"1,35115","0,4598","-0,14614","463,47573","41,53827"
"75,868","1007,238458","0,757258",,"1,35115","0,46115","-0,14568","464,83768","41,66033"
"75,869","999,238458","1,757258",,"1,27367","0,46246","-0,14522","462,92334","41,7789"
"75,87","995,238458","-1,242742",,"1,19618","0,4637","-0,14476","460,91361","41,89046"
"75,871","991,238458","0,757258",,"1,17404","0,46488","-0,14429","461,16184","41,99752"
"75,872","987,238458","0,757258",,"1,12976","0,46603","-0,14383","460,44039","42,10158"
"75,873","982,238458","-0,242742",,"1,06335","0,46713","-0,14336","458,72099","42,20065"
"75,874","980,238458","-1,242742",,"1,03014","0,46818","-0,14289","458,34436","42,29521"
"75,875","974,238458","-0,242742",,"0,97479","0,46918","-0,14242","456,97987","42,38577"
"75,876","971,238458","-1,242742",,"0,93052","0,47013","-0,14195","456,02722","42,47184"
"75,877","968,238458","-1,242742",,"0,89731","0,47105","-0,14148","455,50057","42,5544"
"75,878","962,238458","-1,242742",,"0,83089","0,47191","-0,14101","453,50468","42,63246"
"75,879","960,238458","-0,242742",,"0,81982","0,47274","-0,14054","453,82511","42,70702"
"75,88","954,238458","-3,242742",,"0,7202","0,47351","-0,14007","450,30276","42,77659"
"75,881","952,238458","-1,242742",,"0,7202","0,47423","-0,13959","450,98767","42,84165"
"75,882","945,238458","-1,242742",,"0,64272","0,47491","-0,13912","448,31138","42,90321"
"75,883","942,238458","0,757258",,"0,63165","0,47555","-0,13864","448,43733","42,96078"
"75,884","939,238458","-2,242742",,"0,56523","0,47614","-0,13817","446,14479","43,01484"
"75,885","934,238458","1,757258",,"0,55416","0,4767","-0,13769","446,19252","43,0654"
"75,886","930,238458","-0,242742",,"0,48775","0,47722","-0,13721","443,81678","43,11247"
"75,887","927,238458","-0,242742",,"0,45454","0,4777","-0,13674","442,82185","43,15503"
"75,888","924,238458","-0,242742",,"0,42133","0,47813","-0,13626","441,79342","43,19459"
"75,889","921,238458","-0,242742",,"0,38812","0,47854","-0,13578","440,73177","43,23115"
"75,89","920,238458","1,757258",,"0,39919","0,47893","-0,1353","441,57325","43,26672"
"75,891","918,238458","0,757258",,"0,36598","0,47931","-0,13482","440,48805","43,30128"
"75,892","914,238458","-1,242742",,"0,29957","0,47965","-0,13434","437,91599","43,33134"
"75,893","910,238458","-0,242742",,"0,26636","0,47993","-0,13386","436,73454","43,35691"
"75,894","905,238458","-1,242742",,"0,19994","0,48016","-0,13338","434,06573","43,37797"
"75,895","899,238458","-0,242742",,"0,1446","0,48034","-0,1329","431,81978","43,39353"
"75,896","899,238458","-1,242742",,"0,13353","0,48047","-0,13242","431,46433","43,40609"
"75,897","897,238458","-1,242742",,"0,11139","0,4806","-0,13194","430,6131","43,41716"
"75,898","893,238458","-0,242742",,"0,07818","0,48069","-0,13146","429,25595","43,42572"
"75,899","890,238458","0,757258",,"0,05604","0,48076","-0,13098","428,35436","43,43178"
"75,9","887,238458","-0,242742",,"0,01177","0,48079","-0,1305","426,4614","43,43485"
"75,901","883,238458","-1,242742",,"-0,04358","0,48078","-0,13002","424,0434","43,43341"
"75,902","879,238458","-0,242742",,"-0,07679","0,48072","-0,12954","422,54817","43,42797"
"75,903","877,238458","0,757258",,"-0,08786","0,48063","-0,12906","421,99518","43,42054"
"75,904","875,238458","-1,242742",,"-0,13213","0,48052","-0,12858","419,9765","43,4106"
"75,905","872,238458","-1,242742",,"-0,16534","0,48038","-0,1281","418,40538","43,39716"
"75,906","870,238458","0,757258",,"-0,16534","0,48021","-0,12762","418,26136","43,38222"
"75,907","867,238458","-0,242742",,"-0,20962","0,48002","-0,12714","416,17798","43,36529"
"75,908","862,238458","0,757258",,"-0,2539","0,47979","-0,12666","414,05788","43,34435"
"75,909","860,238458","-0,242742",,"-0,2871","0,47952","-0,12618","412,38587","43,31991"
"75,91","857,238458","-1,242742",,"-0,33138","0,47921","-0,1257","410,20308","43,29198"
"75,911","854,238458","-0,242742",,"-0,35352","0,47887","-0,12522","408,9522","43,26104"
"75,912","851,238458","-0,242742",,"-0,38673","0,4785","-0,12474","407,20062","43,2276"
"75,913","849,238458","-1,242742",,"-0,41994","0,4781","-0,12426","405,4231","43,19117"
"75,914","849,238458","-0,242742",,"-0,40887","0,47768","-0,12378","405,54937","43,15373"
"75,915","843,238458","-2,242742",,"-0,49742","0,47723","-0,12331","401,34683","43,11279"
"75,916","843,238458","-0,242742",,"-0,47528","0,47674","-0,12283","401,89129","43,06885"
"75,917","840,238458","-0,242742",,"-0,50849","0,47625","-0,12235","400,04788","43,02442"
"75,918","837,238458","0,757258",,"-0,53063","0,47573","-0,12188","398,66","42,97748"
"75,919","836,238458","1,757258",,"-0,53063","0,4752","-0,1214","398,21533","42,92954"
"75,92","834,238458","-0,242742",,"-0,57491","0,47465","-0,12093","395,85353","42,87961"
"75,921","830,238458","1,757258",,"-0,59704","0,47406","-0,12045","394,4167","42,82667"
"75,922","829,238458","-2,242742",,"-0,65239","0,47344","-0,11998","391,52976","42,77023"
"75,923","827,238458","-1,242742",,"-0,66346","0,47278","-0,1195","390,51288","42,71079"
"75,924","825,238458","0,757258",,"-0,66346","0,47211","-0,11903","389,96486","42,65086"
"75,925","821,238458","0,757258",,"-0,70774","0,47143","-0,11856","387,51284","42,58892"
"75,926","820,238458","-0,242742",,"-0,72988","0,47071","-0,11809","385,98057","42,52398"
"75,927","818,238458","-0,242742",,"-0,75202","0,46997","-0,11762","384,43305","42,45705"
"75,928","818,238458","-2,242742",,"-0,77415","0,46921","-0,11715","382,87044","42,38811"
"75,929","815,238458","1,757258",,"-0,76308","0,46844","-0,11668","382,71169","42,31867"
"75,93","815,238458","-0,242742",,"-0,78522","0,46766","-0,11621","381,14388","42,24874"
"75,931","812,238458","-1,242742",,"-0,8295","0,46686","-0,11574","378,61846","42,1758"
"75,932","812,238458","-0,242742",,"-0,81843","0,46603","-0,11528","378,41626","42,10136"
"75,933","809,238458","0,757258",,"-0,84057","0,4652","-0,11481","376,8123","42,02642"
"75,934","807,238458","0,757258",,"-0,86271","0,46435","-0,11435","375,19378","41,94949"
"75,935","806,238458","1,757258",,"-0,86271","0,46349","-0,11388","374,49671","41,87155"
"75,936","805,238458","-0,242742",,"-0,89592","0,46261","-0,11342","372,39841","41,79211"
"75,937","803,238458","-1,242742",,"-0,92912","0,4617","-0,11296","370,27874","41,70968"
"75,938","804,238458","-1,242742",,"-0,91805","0,46077","-0,1125","369,9988","41,62624"
"75,939","800,238458","-1,242742",,"-0,96233","0,45983","-0,11204","367,4045","41,5413"
"75,94","801,238458","2,757258",,"-0,90699","0,4589","-0,11158","368,9522","41,45686"
"75,941","798,238458","0,757258",,"-0,96233","0,45796","-0,11112","365,91092","41,37243"
"75,942","797,238458","0,757258",,"-0,9734","0,457","-0,11066","364,6806","41,28499"
"75,943","795,238458","-2,242742",,"-1,02875","0,45599","-0,11021","361,60178","41,19455"
"75,944","794,238458","1,757258",,"-0,99554","0,45498","-0,10975","362,1641","41,10312"
"75,945","792,238458","-2,242742",,"-1,06196","0,45395","-0,1093","358,6215","41,01018"
"75,946","790,238458","0,757258",,"-1,05089","0,4529","-0,10884","358,23983","40,91474"
"75,947","791,238458","0,757258",,"-1,03982","0,45185","-0,10839","357,86481","40,82031"
"75,948","788,238458","-4,242742",,"-1,12837","0,45077","-0,10794","353,40007","40,72237"
"75,949","788,238458","0,757258",,"-1,07302","0,44967","-0,10749","354,78546","40,62293"
"75,95","783,238458","-1,242742",,"-1,15051","0,44856","-0,10704","350,7684","40,52249"
"75,951","784,238458","-2,242742",,"-1,15051","0,4474","-0,10659","349,8687","40,41856"
"75,952","784,238458","-0,242742",,"-1,12837","0,44627","-0,10614","349,8702","40,31562"
"75,953","784,238458","0,757258",,"-1,1173","0,44514","-0,1057","349,43504","40,21418"
"75,954","781,238458","0,757258",,"-1,15051","0,44401","-0,10525","347,2129","40,11175"
"75,955","779,238458","-1,242742",,"-1,19479","0,44284","-0,10481","344,52455","40,00581"
"75,956","777,238458","-3,242742",,"-1,23906","0,44162","-0,10437","341,81131","39,89587"
"75,957","774,238458","0,757258",,"-1,22799","0,44039","-0,10393","341,29695","39,78444"
"75,958","772,238458","1,757258",,"-1,23906","0,43915","-0,10349","339,90182","39,673"
"75,959","769,238458","-0,242742",,"-1,29441","0,43789","-0,10305","336,73195","39,55856"
"75,96","768,238458","0,757258",,"-1,29441","0,43659","-0,10261","335,73655","39,44162"
"75,961","766,238458","-3,242742",,"-1,36083","0,43526","-0,10218","332,10404","39,32169"
"75,962","766,238458","0,757258",,"-1,31655","0,43392","-0,10174","332,81832","39,20075"
"75,963","763,238458","-1,242742",,"-1,3719","0,43258","-0,10131","329,62441","39,07931"
"75,964","761,238458","-0,242742",,"-1,38296","0,4312","-0,10088","328,14361","38,95488"
"75,965","759,238458","-1,242742",,"-1,41617","0,4298","-0,10045","325,78913","38,82844"
"75,966","755,238458","-1,242742",,"-1,46045","0,42837","-0,10002","322,98544","38,6985"
"75,967","752,238458","-1,242742",,"-1,49366","0,42689","-0,09959","320,59108","38,56506"
"75,968","750,238458","0,757258",,"-1,49366","0,42539","-0,09916","319,46935","38,43013"
"75,969","752,238458","-0,242742",,"-1,48259","0,42391","-0,09874","318,77568","38,29569"
"75,97","748,238458","-2,242742",,"-1,549","0,42239","-0,09832","315,10147","38,15875"
"75,971","747,238458","-2,242742",,"-1,56007","0,42084","-0,09789","313,52095","38,01832"
"75,972","745,238458","-0,242742",,"-1,56007","0,41928","-0,09747","312,3587","37,87738"
"75,973","744,238458","-0,242742",,"-1,57114","0,41771","-0,09705","310,77462","37,73594"
"75,974","742,238458","0,757258",,"-1,58221","0,41613","-0,09664","309,18545","37,59351"
"75,975","741,238458","0,757258",,"-1,59328","0,41455","-0,09622","307,59121","37,45007"
"75,976","739,238458","-0,242742",,"-1,62649","0,41294","-0,09581","305,15788","37,30463"
"75,977","740,238458","-0,242742",,"-1,61542","0,41131","-0,0954","304,37131","37,15819"
"75,978","738,238458","-0,242742",,"-1,63756","0,40969","-0,09499","302,34834","37,01126"
"75,979","736,238458","-1,242742",,"-1,67077","0,40803","-0,09458","299,90347","36,86182"
"75,98","736,238458","0,757258",,"-1,64863","0,40637","-0,09417","299,49635","36,71188"
"75,981","735,238458","-1,242742",,"-1,68184","0,40471","-0,09376","297,05496","36,56145"
"75,982","730,238458","-0,242742",,"-1,72611","0,40301","-0,09336","294,19222","36,40751"
"75,983","735,238458","-1,242742",,"-1,68184","0,4013","-0,09296","294,55354","36,25357"
"75,984","734,238458","-1,242742",,"-1,69291","0,39961","-0,09256","292,9154","36,10113"
"75,985","731,238458","-1,242742",,"-1,72611","0,3979","-0,09216","290,46862","35,9467"
"75,986","733,238458","3,757258",,"-1,64863","0,39622","-0,09176","292,01037","35,79426"
"75,987","728,238458","0,757258",,"-1,73718","0,39452","-0,09137","287,60651","35,64132"
"75,988","730,238458","0,757258",,"-1,71504","0,3928","-0,09097","287,13378","35,48539"
"75,989","730,238458","0,757258",,"-1,71504","0,39108","-0,09058","285,88009","35,33045"
"75,99","729,238458","-1,242742",,"-1,74825","0,38935","-0,09019","283,44621","35,17401"
"75,991","730,238458","-1,242742",,"-1,73718","0,38761","-0,0898","282,56513","35,01658"
"75,992","730,238458","-0,242742",,"-1,72611","0,38588","-0,08942","281,68864","34,86014"
"75,993","729,238458","-1,242742",,"-1,74825","0,38414","-0,08903","279,65222","34,7032"
"75,994","729,238458","-0,242742",,"-1,73718","0,3824","-0,08865","278,76593","34,54576"
"75,995","730,238458","0,757258",,"-1,71504","0,38067","-0,08827","278,26894","34,38983"
"75,996","728,238458","-0,242742",,"-1,74825","0,37894","-0,08789","275,8663","34,23339"
"75,997","728,238458","0,757258",,"-1,73718","0,3772","-0,08751","274,97481","34,07595"
"75,998","729,238458","0,757258",,"-1,72611","0,37547","-0,08713","274,08791","33,91952"
"75,999","728,238458","-0,242742",,"-1,74825","0,37373","-0,08676","272,07232","33,76258"
76,"729,238458","2,757258",,"-1,70397","0,372","-0,08638","272,30372","33,60664"
"76,001","728,238458","0,757258",,"-1,73718","0,37028","-0,08601","269,93342","33,45121"
"76,002","729,238458","-1,242742",,"-1,74825","0,36854","-0,08564","268,29445","33,29377"
"76,003","729,238458","-0,242742",,"-1,73718","0,3668","-0,08528","267,39255","33,13633"
"76,004","731,238458","-2,242742",,"-1,73718","0,36506","-0,08491","266,12616","32,97939"
"76,005","729,238458","-2,242742",,"-1,75932","0,36331","-0,08455","264,12507","32,82146"
"76,006","727,238458","-0,242742",,"-1,75932","0,36155","-0,08418","262,84605","32,66252"
"76,007","731,238458","-1,242742",,"-1,72611","0,35981","-0,08382","262,65853","32,50508"
"76,008","729,238458","-0,242742",,"-1,73718","0,35808","-0,08346","261,03635","32,34865"
"76,009","728,238458","-0,242742",,"-1,74825","0,35633","-0,08311","259,40959","32,19121"
"76,01","728,238458","0,757258",,"-1,73718","0,35459","-0,08275","258,49549","32,03377"
"76,011","728,238458","0,757258",,"-1,73718","0,35285","-0,0824","257,22909","31,87683"
"76,012","729,238458","-0,242742",,"-1,73718","0,35112","-0,08205","255,96269","31,7199"
"76,013","731,238458","0,757258",,"-1,70397","0,3494","-0,0817","255,75659","31,56446"
"76,014","729,238458","-0,242742",,"-1,73718","0,34768","-0,08135","253,4541","31,40902"
"76,015","732,238458","-1,242742",,"-1,71504","0,34595","-0,081","252,88767","31,25309"
"76,016","733,238458","-0,242742",,"-1,69291","0,34425","-0,08066","252,33057","31,09915"
"76,017","733,238458","-1,242742",,"-1,70397","0,34255","-0,08031","250,74307","30,94571"
"76,018","734,238458","0,757258",,"-1,67077","0,34086","-0,07997","250,5305","30,79328"
"76,019","734,238458","-0,242742",,"-1,68184","0,33918","-0,07963","248,95924","30,64184"
"76,02","734,238458","0,757258",,"-1,67077","0,33751","-0,07929","248,06635","30,4904"
"76,021","735,238458","0,757258",,"-1,6597","0,33584","-0,07895","247,17826","30,33996"
"76,022","736,238458","-1,242742",,"-1,67077","0,33418","-0,07862","245,61848","30,18953"
"76,023","738,238458","-1,242742",,"-1,64863","0,33252","-0,07829","245,06364","30,03959"
"76,024","738,238458","1,757258",,"-1,61542","0,33089","-0,07795","244,8535","29,89215"
"76,025","735,238458","-0,242742",,"-1,67077","0,32924","-0,07762","241,99141","29,74372"
"76,026","738,238458","-0,242742",,"-1,63756","0,32759","-0,0773","241,75837","29,59428"
"76,027","737,238458","-0,242742",,"-1,64863","0,32594","-0,07697","240,21983","29,44584"
"76,028","736,238458","-1,242742",,"-1,67077","0,32428","-0,07664","238,34807","29,2959"
"76,029","737,238458","-1,242742",,"-1,6597","0,32262","-0,07632","237,44675","29,14547"
"76,03","737,238458","-2,242742",,"-1,67077","0,32095","-0,076","235,90019","28,99503"
"76,031","736,238458","-2,242742",,"-1,68184","0,31928","-0,07568","234,34884","28,84359"
"76,032","736,238458","-0,242742",,"-1,6597","0,31761","-0,07536","233,75772","28,69266"
"76,033","737,238458","-0,242742",,"-1,64863","0,31595","-0,07504","232,85622","28,54322"
"76,034","737,238458","0,757258",,"-1,63756","0,31431","-0,07473","231,95957","28,39478"
"76,035","735,238458","-0,242742",,"-1,67077","0,31266","-0,07442","229,80084","28,24535"
"76,036","734,238458","-0,242742",,"-1,68184","0,31098","-0,0741","228,25779","28,09391"
"76,037","734,238458","-0,242742",,"-1,68184","0,3093","-0,07379","227,02333","27,94197"
"76,038","733,238458","0,757258",,"-1,68184","0,30762","-0,07348","225,78887","27,79003"
"76,039","735,238458","-0,242742",,"-1,67077","0,30594","-0,07318","224,86441","27,6386"
"76,04","731,238458","-0,242742",,"-1,71504","0,30425","-0,07287","222,40314","27,48566"
"76,041","732,238458","-0,242742",,"-1,70397","0,30254","-0,07257","221,45604","27,33122"
"76,042","731,238458","0,757258",,"-1,70397","0,30083","-0,07227","220,20873","27,17729"
"76,043","729,238458","-0,242742",,"-1,73718","0,29911","-0,07197","218,05194","27,02185"
"76,044","727,238458","0,757258",,"-1,74825","0,29737","-0,07167","216,48414","26,86441"
"76,045","727,238458","2,757258",,"-1,72611","0,29563","-0,07137","215,81074","26,70748"
"76,046","727,238458","-0,242742",,"-1,75932","0,29389","-0,07108","213,6569","26,55004"
"76,047","725,238458","2,757258",,"-1,74825","0,29214","-0,07079","212,67404","26,3916"
"76,048","725,238458","-1,242742",,"-1,79253","0,29037","-0,07049","210,22374","26,23166"
"76,049","724,238458","-1,242742",,"-1,8036","0,28857","-0,0702","208,63338","26,06923"
"76,05","723,238458","0,757258",,"-1,79253","0,28677","-0,06992","207,62016","25,90679"
"76,051","721,238458","-0,242742",,"-1,82574","0,28496","-0,06963","205,45547","25,74335"
"76,052","721,238458","-1,242742",,"-1,83681","0,28313","-0,06935","203,852","25,57792"
"76,053","721,238458","-2,242742",,"-1,84788","0,28129","-0,06906","202,24424","25,41148"
"76,054","719,238458","-2,242742",,"-1,87001","0,27943","-0,06878","200,34881","25,24354"
"76,055","718,238458","-0,242742",,"-1,85894","0,27756","-0,06851","199,28955","25,0751"
"76,056","719,238458","0,757258",,"-1,83681","0,27572","-0,06823","198,51421","24,90817"
"76,057","719,238458","-1,242742",,"-1,85894","0,27387","-0,06795","196,63601","24,74123"
"76,058","717,238458","-0,242742",,"-1,87001","0,272","-0,06768","195,02532","24,57279"
"76,059","715,238458","-1,242742",,"-1,90322","0,27012","-0,06741","192,86228","24,40236"
"76,06","715,238458","-0,242742",,"-1,89215","0,26822","-0,06714","191,77555","24,23092"
"76,061","712,238458","-0,242742",,"-1,92536","0,26631","-0,06687","189,61187","24,05848"
"76,062","714,238458","0,757258",,"-1,89215","0,2644","-0,06661","189,04605","23,88605"
"76,063","710,238458","-1,242742",,"-1,95857","0,26248","-0,06635","186,09457","23,71211"
"76,064","713,238458","-1,242742",,"-1,92536","0,26053","-0,06608","185,49933","23,53667"
"76,065","708,238458","-1,242742",,"-1,98071","0,25858","-0,06582","182,81587","23,36023"
"76,066","706,238458","0,757258",,"-1,98071","0,2566","-0,06557","181,41552","23,1813"
"76,067","706,238458","-0,242742",,"-1,99178","0,25461","-0,06531","179,75664","23,00186"
"76,068","705,238458","-0,242742",,"-2,00285","0,25262","-0,06506","178,09393","22,82142"
"76,069","704,238458","-0,242742",,"-2,01391","0,25061","-0,06481","176,42742","22,63999"
"76,07","703,238458","-1,242742",,"-2,03605","0,24858","-0,06456","174,50467","22,45705"
"76,071","702,238458","0,757258",,"-2,02498","0,24655","-0,06431","173,32581","22,27361"
"76,072","698,238458","-2,242742",,"-2,10247","0,24449","-0,06406","170,16359","22,08717"
"76,073","699,238458","-0,242742",,"-2,06926","0,2424","-0,06382","169,43905","21,89874"
"76,074","694,238458","-0,242742",,"-2,12461","0,24031","-0,06358","166,77177","21,7093"
"76,075","694,238458","2,757258",,"-2,0914","0,2382","-0,06334","166,02342","21,51886"
"76,076","694,238458","-1,242742",,"-2,13568","0,23609","-0,0631","163,60595","21,32793"
"76,077","689,238458","-1,242742",,"-2,19102","0,23392","-0,06287","160,93715","21,13249"
"76,078","688,238458","-0,242742",,"-2,19102","0,23173","-0,06263","159,42974","20,93455"
"76,079","687,238458","1,757258",,"-2,17995","0,22955","-0,0624","158,15568","20,73712"
"76,08","682,238458","0,757258",,"-2,24637","0,22733","-0,06218","155,26682","20,53718"
"76,081","679,238458","0,757258",,"-2,27958","0,22507","-0,06195","153,04602","20,33274"
"76,082","676,238458","-1,242742",,"-2,33492","0,22276","-0,06173","150,36329","20,1243"
"76,083","676,238458","0,757258",,"-2,31279","0,22044","-0,0615","149,23557","19,91437"
"76,084","673,238458","-2,242742",,"-2,3792","0,21809","-0,06128","146,33879","19,70243"
"76,085","672,238458","1,757258",,"-2,34599","0,21573","-0,06107","145,40069","19,48899"
"76,086","665,238458","2,757258",,"-2,41241","0,21335","-0,06085","142,51701","19,27406"
"76,087","667,238458","-1,242742",,"-2,43455","0,21093","-0,06064","140,47629","19,05512"
"76,088","660,238458","0,757258",,"-2,48989","0,20846","-0,06043","137,79414","18,83268"
"76,089","658,238458","-1,242742",,"-2,53417","0,20595","-0,06022","135,30988","18,60575"
"76,09","656,238458","0,757258",,"-2,53417","0,20342","-0,06002","133,64494","18,37681"
"76,091","652,238458","-1,242742",,"-2,60059","0,20085","-0,05982","130,75308","18,14487"
"76,092","649,238458","-1,242742",,"-2,6338","0,19823","-0,05962","128,4546","17,90843"
"76,093","645,238458","0,757258",,"-2,65593","0,19559","-0,05942","126,34956","17,6695"
"76,094","643,238458","-0,242742",,"-2,68914","0,19292","-0,05923","124,04436","17,42806"
"76,095","636,238458","1,757258",,"-2,74449","0,1902","-0,05903","121,34647","17,18262"
"76,096","634,238458","-0,242742",,"-2,78877","0,18743","-0,05885","118,83164","16,93269"
"76,097","630,238458","-1,242742",,"-2,84411","0,18462","-0,05866","116,12295","16,67825"
"76,098","628,238458","1,757258",,"-2,83304","0,18178","-0,05848","114,51927","16,42181"
"76,099","624,238458","1,757258",,"-2,87732","0,17892","-0,0583","112,00483","16,16387"
"76,1","620,238458","1,757258",,"-2,9216","0,17602","-0,05812","109,48569","15,90194"
"76,101","616,238458","-0,242742",,"-2,98801","0,17307","-0,05794","106,6094","15,635"
"76,102","615,238458","-2,242742",,"-3,02122","0,17006","-0,05777","104,24838","15,36356"
"76,103","609,238458","-0,242742",,"-3,0655","0,16702","-0,0576","101,71473","15,08863"
"76,104","606,238458","-0,242742",,"-3,09871","0,16394","-0,05744","99,34593","14,81019"
"76,105","602,238458","-0,242742",,"-3,14298","0,16082","-0,05728","96,81144","14,52825"
"76,106","600,238458","-1,242742",,"-3,17619","0,15766","-0,05712","94,43641","14,24282"
"76,107","598,238458","2,757258",,"-3,15405","0,15449","-0,05696","92,8495","13,95688"
"76,108","592,238458","-1,242742",,"-3,26474","0,15128","-0,05681","89,40783","13,66694"
"76,109","589,238458","0,757258",,"-3,27581","0,14801","-0,05666","87,3271","13,3715"
"76,11","585,238458","0,757258",,"-3,32009","0,14472","-0,05651","84,80246","13,07357"
"76,111","583,238458","-1,242742",,"-3,36437","0,14137","-0,05637","82,27844","12,77163"
"76,112","580,238458","-1,242742",,"-3,39758","0,13799","-0,05623","79,89675","12,46619"
"76,113","576,238458","-0,242742",,"-3,43078","0,13458","-0,05609","77,51622","12,15776"
"76,114","573,238458","2,757258",,"-3,43078","0,13115","-0,05596","75,5401","11,84782"
"76,115","572,238458","-2,242742",,"-3,4972","0,12768","-0,05583","72,77876","11,53488"
"76,116","570,238458","-0,242742",,"-3,4972","0,12419","-0,0557","70,78537","11,21894"
"76,117","564,238458","0,757258",,"-3,55255","0,12066","-0,05558","68,17291","10,90051"
"76,118","562,238458","-1,242742",,"-3,59682","0,11709","-0,05546","65,68488","10,57757"
"76,119","558,238458","-2,242742",,"-3,65217","0,11346","-0,05535","63,08424","10,25013"
"76,12","556,238458","0,757258",,"-3,6411","0,10982","-0,05524","61,16654","9,9207"
"76,121","553,238458","-0,242742",,"-3,68538","0,10615","-0,05513","58,70153","9,58976"
"76,122","549,238458","-1,242742",,"-3,74072","0,10244","-0,05502","56,13603","9,25432"
"76,123","546,238458","0,757258",,"-3,75179","0,09869","-0,05492","53,98441","8,91589"
"76,124","545,238458","-0,242742",,"-3,77393","0,09493","-0,05483","51,73628","8,57595"
"76,125","540,238458","1,757258",,"-3,80714","0,09114","-0,05473","49,39703","8,23351"
"76,126","538,238458","-1,242742",,"-3,86249","0,0873","-0,05464","46,88206","7,88707"
"76,127","532,238458","-0,242742",,"-3,91783","0,08341","-0,05456","44,37599","7,53564"
"76,128","529,238458","-0,242742",,"-3,95104","0,07948","-0,05448","42,04445","7,1802"
"76,129","525,238458","0,757258",,"-3,98425","0,07551","-0,0544","39,71904","6,82176"
"76,13","522,238458","0,757258",,"-4,01746","0,07151","-0,05433","37,40008","6,46033"
"76,131","522,238458","-0,242742",,"-4,02853","0,06749","-0,05426","35,22858","6,09689"
"76,132","517,238458","-1,242742",,"-4,09494","0,06343","-0,05419","32,72781","5,72995"
"76,133","511,238458","0,757258",,"-4,13922","0,05931","-0,05413","30,36618","5,35802"
"76,134","511,238458","-0,242742",,"-4,15029","0,05516","-0,05407","28,18892","4,98358"
"76,135","505,238458","-0,242742",,"-4,2167","0,05098","-0,05402","25,74528","4,60564"
"76,136","504,238458","-0,242742",,"-4,22777","0,04676","-0,05397","23,56631","4,2242"
"76,137","499,238458","0,757258",,"-4,27205","0,04251","-0,05393","21,25434","3,84027"
"76,138","496,238458","-2,242742",,"-4,33847","0,0382","-0,05389","18,87251","3,45133"
"76,139","494,238458","-0,242742",,"-4,33847","0,03387","-0,05385","16,72932","3,05939"
"76,14","488,238458","-2,242742",,"-4,42702","0,02948","-0,05382","14,32841","2,66346"
"76,141","486,238458","-0,242742",,"-4,42702","0,02506","-0,05379","12,17689","2,26352"
"76,142","482,238458","2,757258",,"-4,43809","0,02062","-0,05377","10,00207","1,86308"
"76,143","479,238458","0,757258",,"-4,49344","0,01616","-0,05375","7,7554","1,45964"
"76,144","477,238458","0,757258",,"-4,51557","0,01165","-0,05374","5,56996","1,05271"
"76,145","473,238458","0,757258",,"-4,55985","0,00712","-0,05373","3,37249","0,64277"
"76,146","469,238458","-1,242742",,"-4,62627","0,00252","-0,05372","1,18026","0,22783"
"76,147","465,238458","0,757258",,"-4,64841","-0,00212","-0,05372","0,98576","-0,1911"
"76,148","462,238458","-2,242742",,"-4,71482","-0,0068","-0,05373","3,12659","-0,61404"
"76,149","458,238458","-1,242742",,"-4,74803","-0,01153","-0,05374","5,26844","-1,04148"
"76,15","456,238458","-2,242742",,"-4,78124","-0,01629","-0,05375","7,39698","-1,47191"
"76,151","449,238458","-1,242742",,"-4,84765","-0,02111","-0,05377","9,45607","-1,90685"
"76,152","447,238458","0,757258",,"-4,84765","-0,02596","-0,05379","11,6278","-2,34479"
"76,153","441,238458","0,757258",,"-4,91407","-0,03084","-0,05382","13,62939","-2,78573"
"76,154","439,238458","-0,242742",,"-4,94728","-0,03577","-0,05385","15,70142","-3,23116"
"76,155","435,238458","-0,242742",,"-4,99155","-0,04074","-0,05389","17,72003","-3,6801"
"76,156","431,238458","-0,242742",,"-5,03583","-0,04575","-0,05393","19,71797","-4,13304"
"76,157","425,238458","-1,242742",,"-5,11332","-0,05082","-0,05398","21,54932","-4,59147"
"76,158","421,238458","0,757258",,"-5,13546","-0,05595","-0,05404","23,61014","-5,05441"
"76,159","417,238458","-1,242742",,"-5,20187","-0,06112","-0,05409","25,42459","-5,52135"
"76,16","411,238458","-0,242742",,"-5,25722","-0,06635","-0,05416","27,26832","-5,99379"
"76,161","408,238458","-1,242742",,"-5,30149","-0,07163","-0,05423","29,15161","-6,47072"
"76,162","402,238458","0,757258",,"-5,34577","-0,07695","-0,0543","31,0105","-6,95166"
"76,163","397,238458","-0,242742",,"-5,41219","-0,08233","-0,05438","32,68424","-7,4376"
"76,164","392,238458","-0,242742",,"-5,46753","-0,08777","-0,05447","34,40499","-7,92903"
"76,165","385,238458","1,757258",,"-5,52288","-0,09326","-0,05456","36,09277","-8,42547"
"76,166","382,238458","-0,242742",,"-5,57823","-0,09881","-0,05465","37,74674","-8,92691"
"76,167","376,238458","-1,242742",,"-5,65571","-0,10443","-0,05475","39,16138","-9,43434"
"76,168","372,238458","-3,242742",,"-5,72213","-0,11012","-0,05486","40,63397","-9,94828"
"76,169","365,238458","-1,242742",,"-5,77747","-0,11587","-0,05498","42,17627","-10,46772"
"76,17","357,238458","-0,242742",,"-5,85496","-0,12169","-0,05509","43,44155","-10,99316"
"76,171","354,238458","-0,242742",,"-5,88817","-0,12756","-0,05522","45,155","-11,52359"
"76,172","348,238458","-0,242742",,"-5,95458","-0,13348","-0,05535","46,45026","-12,05853"
"76,173","341,238458","0,757258",,"-6,021","-0,13947","-0,05549","47,69718","-12,59947"
"76,174","334,238458","-0,242742",,"-6,10955","-0,14553","-0,05563","48,60722","-13,1474"
"76,175","330,238458","-0,242742",,"-6,15383","-0,15166","-0,05578","50,04853","-13,70134"
"76,176","325,238458","-0,242742",,"-6,20918","-0,15785","-0,05593","51,29917","-14,25978"
"76,177","317,238458","-0,242742",,"-6,29773","-0,1641","-0,05609","52,01872","-14,82471"
"76,178","312,238458","-2,242742",,"-6,37522","-0,17044","-0,05626","52,83431","-15,39715"
"76,179","303,238458","-0,242742",,"-6,4527","-0,17685","-0,05643","53,58466","-15,97659"
"76,18","295,238458","-0,242742",,"-6,54126","-0,18335","-0,05661","54,08644","-16,56353"
"76,181","289,238458","-0,242742",,"-6,60767","-0,18992","-0,0568","54,88635","-17,15746"
"76,182","283,238458","-2,242742",,"-6,69623","-0,19657","-0,05699","55,23616","-17,7584"
"76,183","276,238458","0,757258",,"-6,7405","-0,20329","-0,05719","56,31082","-18,36534"
"76,184","268,238458","0,757258",,"-6,82906","-0,21008","-0,0574","56,50957","-18,97827"
"76,185","264,238458","-0,242742",,"-6,8844","-0,21693","-0,05761","57,26934","-19,59771"
"76,186","257,238458","0,757258",,"-6,95082","-0,22385","-0,05783","57,75245","-20,22265"
"76,187","251,238458","-0,242742",,"-7,0283","-0,23084","-0,05806","57,93985","-20,85409"
"76,188","243,238458","0,757258",,"-7,10579","-0,23791","-0,0583","58,0483","-21,49252"
"76,189","236,238458","-0,242742",,"-7,19434","-0,24506","-0,05854","57,83243","-22,13846"
"76,19","232,238458","-0,242742",,"-7,23862","-0,25227","-0,05879","58,52639","-22,7904"
"76,191","224,238458","1,757258",,"-7,30504","-0,25955","-0,05904","58,65615","-23,44733"
"76,192","215,238458","-0,242742",,"-7,4268","-0,26691","-0,0593","57,38479","-24,11277"
"76,193","211,238458","-0,242742",,"-7,47108","-0,27436","-0,05958","57,88884","-24,78571"
"76,194","205,238458","-1,242742",,"-7,54856","-0,28187","-0,05985","57,50029","-25,46414"
"76,195","200,238458","-0,242742",,"-7,59284","-0,28944","-0,06014","57,88692","-26,14808"
"76,196","192,238458","-0,242742",,"-7,68139","-0,29708","-0,06043","57,03769","-26,83802"
"76,197","186,238458","-0,242742",,"-7,74781","-0,30479","-0,06073","56,6901","-27,53496"
"76,198","179,238458","-1,242742",,"-7,83636","-0,31258","-0,06104","55,63872","-28,23889"
"76,199","172,238458","0,757258",,"-7,89171","-0,32045","-0,06136","55,43624","-28,94933"
"76,2","165,238458","0,757258",,"-7,96919","-0,32838","-0,06168","54,50952","-29,66577"
"76,201","156,238458","-0,242742",,"-8,07989","-0,3364","-0,06202","52,47753","-30,3907"
"76,202","151,238458","0,757258",,"-8,12416","-0,34451","-0,06236","52,36338","-31,12264"
"76,203","147,238458","1,757258",,"-8,15737","-0,35265","-0,0627","52,54281","-31,85808"
"76,204","138,238458","0,757258",,"-8,26807","-0,36086","-0,06306","50,15788","-32,60002"
"76,205","132,238458","-1,242742",,"-8,35662","-0,36917","-0,06343","48,35988","-33,35095"
"76,206","126,238458","-2,242742",,"-8,4341","-0,37757","-0,0638","46,81667","-34,10939"
"76,207","119,238458","0,757258",,"-8,47838","-0,38602","-0,06418","46,32112","-34,87333"
"76,208","112,238458","1,757258",,"-8,5448","-0,39453","-0,06457","44,97526","-35,64226"
"76,209","109,238458","1,757258",,"-8,57801","-0,4031","-0,06497","44,74194","-36,4157"
"76,21","106,238458","-0,242742",,"-8,63335","-0,4117","-0,06538","43,63862","-37,19314"
"76,211","99,238458","0,757258",,"-8,69977","-0,42037","-0,06579","42,03503","-37,97607"
"76,212","98,238458","-1,242742",,"-8,73298","-0,42908","-0,06622","41,61938","-38,76351"
"76,213","92,238458","0,757258",,"-8,77725","-0,43784","-0,06665","40,71723","-39,55445"
"76,214","90,238458","0,757258",,"-8,79939","-0,44663","-0,06709","40,64125","-40,34839"
"76,215","85,238458","-1,242742",,"-8,87688","-0,45547","-0,06755","38,25722","-41,14682"
"76,216","80,238458","-0,242742",,"-8,92115","-0,46437","-0,06801","37,14723","-41,95076"
"76,217","77,238458","0,757258",,"-8,94329","-0,4733","-0,06847","36,91518","-42,7577"
"76,218","73,238458","0,757258",,"-8,98757","-0,48226","-0,06895","35,68539","-43,56763"
"76,219","72,238458","-0,242742",,"-9,00971","-0,49126","-0,06944","35,36873","-44,38057"
"76,22","66,238458","-0,242742",,"-9,07612","-0,5003","-0,06993","33,01795","-45,19751"
"76,221","66,238458","-0,242742",,"-9,07612","-0,50938","-0,07044","33,61694","-46,01744"
"76,222","63,238458","0,757258",,"-9,09826","-0,51847","-0,07095","33,17972","-46,83838"
"76,223","61,238458","-0,242742",,"-9,13147","-0,52758","-0,07148","32,18028","-47,66182"
"76,224","59,238458","-1,242742",,"-9,16468","-0,53673","-0,07201","31,12808","-48,48826"
"76,225","54,238458","1,757258",,"-9,18682","-0,54591","-0,07255","30,56843","-49,31719"
"76,226","52,238458","0,757258",,"-9,22002","-0,55511","-0,0731","29,41845","-50,14863"
"76,227","47,238458","2,757258",,"-9,25323","-0,56435","-0,07366","28,21491","-50,98307"
"76,228","40,238458","2,757258",,"-9,33072","-0,57364","-0,07423","24,664","-51,8225"
"76,229","39,238458","-0,242742",,"-9,37499","-0,58299","-0,07481","22,73417","-52,66744"
"76,23","40,238458","-1,242742",,"-9,37499","-0,59237","-0,07539","23,09975","-53,51438"
"76,231","46,238458","-4,242742",,"-9,34179","-0,60172","-0,07599","25,26986","-54,35982"
"76,232","55,238458","-6,242742",,"-9,2643","-0,61103","-0,0766","29,93775","-55,20025"
"76,233","59,238458","-2,242742",,"-9,17575","-0,62025","-0,07721","35,35147","-56,03319"
"76,234","59,238458","1,757258",,"-9,13147","-0,6294","-0,07784","38,39079","-56,86013"
"76,235","56,238458","4,757258",,"-9,13147","-0,63853","-0,07847","38,94777","-57,68506"
"76,236","51,238458","3,757258",,"-9,19789","-0,6477","-0,07912","35,62059","-58,513"
"76,237","44,238458","2,757258",,"-9,28644","-0,65694","-0,07977","30,87335","-59,34794"
"76,238","34,238458","4,757258",,"-9,37499","-0,66627","-0,08043","25,98169","-60,19087"
"76,239","28,238458","4,757258",,"-9,44141","-0,67568","-0,0811","22,2945","-61,04081"
"76,24","20,238458","4,757258",,"-9,52997","-0,68516","-0,08178","17,12617","-61,89775"
"76,241","17,238458","1,757258",,"-9,59638","-0,69473","-0,08247","13,19685","-62,76169"
"76,242","17,238458","-0,242742",,"-9,61852","-0,70433","-0,08317","11,97068","-63,62962"
"76,243","17,238458","-2,242742",,"-9,64066","-0,71396","-0,08388","10,70641","-64,49956"
"76,244","15,238458","-3,242742",,"-9,67387","-0,72362","-0,0846","8,68036","-65,372"
"76,245","15,238458","-2,242742",,"-9,6628","-0,73329","-0,08533","9,52963","-66,24543"
"76,246","12,238458","-4,242742",,"-9,71814","-0,74298","-0,08607","5,94066","-67,12087"
"76,247","8,238458","-3,242742",,"-9,75135","-0,75272","-0,08681","3,76035","-68,00031"
"76,248","9,238458","-3,242742",,"-9,74028","-0,76246","-0,08757","4,5715","-68,88075"
"76,249","9,238458","-4,242742",,"-9,75135","-0,77221","-0,08834","3,85773","-69,76118"
"76,25","10,238458","-1,242742",,"-9,70707","-0,78194","-0,08912","7,03408","-70,64012"
"76,251","13,238458","-2,242742",,"-9,68494","-0,79163","-0,0899","8,70456","-71,51606"
"76,252","13,238458","-1,242742",,"-9,67387","-0,80131","-0,0907","9,61231","-72,39049"
"76,253","13,238458","1,757258",,"-9,64066","-0,81097","-0,0915","12,16106","-73,26293"
"76,254","15,238458","3,757258",,"-9,59638","-0,82059","-0,09232","15,58765","-74,13187"
"76,255","15,238458","4,757258",,"-9,58531","-0,83018","-0,09315","16,60001","-74,9983"
"76,256","16,238458","5,757258",,"-9,56317","-0,83975","-0,09398","18,47096","-75,86324"
"76,257","16,238458","5,757258",,"-9,56317","-0,84932","-0,09483","18,68131","-76,72718"
"76,258","16,238458","4,757258",,"-9,57424","-0,85888","-0,09568","18,03289","-77,59162"
"76,259","13,238458","1,757258",,"-9,64066","-0,86849","-0,09654","13,02366","-78,45955"
"76,26","13,238458","-0,242742",,"-9,6628","-0,87814","-0,09742","11,4121","-79,33149"
"76,261","9,238458","0,757258",,"-9,696","-0,88782","-0,0983","8,87443","-80,20593"
"76,262","6,238458","-0,242742",,"-9,74028","-0,89754","-0,09919","5,3814","-81,08386"
"76,263","2,238458","-1,242742",,"-9,79563","-0,90731","-0,10009","0,90342","-81,9663"
"76,264","2,238458","-1,242742",,"-9,79563","-0,9171","-0,10101","0,91318","-82,85124"
"76,265","-0,761542","-2,242742",,"-9,83991","-0,92692","-0,10193","2,78474","-83,73817"
"76,266","-2,761542","-2,242742",,"-9,86204","-0,93677","-0,10286","4,68788","-84,62811"
"76,267","-2,761542","-2,242742",,"-9,86204","-0,94664","-0,1038","4,73723","-85,51905"
"76,268","-3,761542","-2,242742",,"-9,87311","-0,9565","-0,10475","5,74312","-86,41049"
"76,269","-4,761542","-1,242742",,"-9,87311","-0,96638","-0,10572","5,8024","-87,30242"
"76,27","-4,761542","-1,242742",,"-9,87311","-0,97625","-0,10669","5,86168","-88,19436"
"76,271","-4,761542","-1,242742",,"-9,87311","-0,98612","-0,10767","5,92096","-89,0863"
"76,272","-4,761542","-1,242742",,"-9,87311","-0,996","-0,10866","5,98024","-89,97823"
"76,273","-2,761542","-1,242742",,"-9,85097","-1,00586","-0,10966","4,02774","-90,86917"
"76,274","-0,761542","0,757258",,"-9,8067","-1,01569","-0,11067","0,00435","-91,75711"
"76,275","-1,761542","0,757258",,"-9,81777","-1,0255","-0,11169","1,02989","-92,64355"
"76,276","0,238458","-0,242742",,"-9,8067","-1,03531","-0,11272","0,00444","-93,52998"
"76,277","4,238458","0,757258",,"-9,75135","-1,04509","-0,11376","5,22097","-94,41342"
"76,278","3,238458","1,757258",,"-9,75135","-1,05484","-0,11481","5,26969","-95,29436"
"76,279","4,238458","3,757258",,"-9,71814","-1,06458","-0,11587","8,51205","-96,17379"
"76,28","3,238458","1,757258",,"-9,75135","-1,07431","-0,11694","5,36695","-97,05323"
"76,281","5,238458","1,757258",,"-9,72921","-1,08405","-0,11802","7,58371","-97,93317"
"76,282","4,238458","-0,242742",,"-9,76242","-1,0938","-0,11911","4,3705","-98,8136"
"76,283","1,238458","1,757258",,"-9,77349","-1,10356","-0,12021","3,30597","-99,69604"
"76,284","2,238458","0,757258",,"-9,77349","-1,11334","-0,12132","3,33525","-100,57898"
"76,285","1,238458","0,757258",,"-9,78456","-1,12312","-0,12243","2,24142","-101,46242"
"76,286","-0,761542","-1,242742",,"-9,82884","-1,13292","-0,12356","2,2707","-102,34835"
"76,287","-0,761542","-2,242742",,"-9,83991","-1,14276","-0,1247","3,43317","-103,23679"
"76,288","-2,761542","0,757258",,"-9,82884","-1,15259","-0,12585","2,31012","-104,12523"
"76,289","-4,761542","-2,242742",,"-9,88418","-1,16245","-0,12701","8,14212","-105,01566"
"76,29","-3,761542","-2,242742",,"-9,87311","-1,17233","-0,12817","7,03899","-105,9081"
"76,291","-3,761542","-3,242742",,"-9,88418","-1,18221","-0,12935","8,28051","-106,80054"
"76,292","-1,761542","-1,242742",,"-9,83991","-1,19207","-0,13054","3,58131","-107,69148"
"76,293","-0,761542","-1,242742",,"-9,82884","-1,2019","-0,13173","2,40895","-108,57991"
"76,294","-2,761542","0,757258",,"-9,82884","-1,21173","-0,13294","2,42865","-109,46785"
"76,295","-1,761542","1,757258",,"-9,8067","-1,22155","-0,13416","0,00523","-110,35479"
"76,296","-1,761542","-1,242742",,"-9,83991","-1,23137","-0,13538","3,69939","-111,24222"
"76,297","0,238458","-0,242742",,"-9,8067","-1,2412","-0,13662","0,00532","-112,12966"
"76,298","0,238458","0,757258",,"-9,79563","-1,251","-0,13787","1,24564","-113,0151"
"76,299","0,238458","3,757258",,"-9,76242","-1,26078","-0,13912","5,0377","-113,89853"
"76,3","-0,761542","0,757258",,"-9,8067","-1,27056","-0,14039","0,00544","-114,78247"
"76,301","0,238458","0,757258",,"-9,79563","-1,28036","-0,14166","1,27488","-115,66791"
"76,302","1,238458","0,757258",,"-9,78456","-1,29015","-0,14295","2,57478","-116,55235"
"76,303","-0,761542","1,757258",,"-9,79563","-1,29994","-0,14424","1,29437","-117,43678"
"76,304","0,238458","-2,242742",,"-9,82884","-1,30975","-0,14555","2,62512","-118,32322"
"76,305","-0,761542","0,757258",,"-9,8067","-1,31957","-0,14686","0,00565","-119,21016"
"76,306","-0,761542","-2,242742",,"-9,83991","-1,3294","-0,14819","3,99388","-120,09759"
"76,307","-0,761542","-2,242742",,"-9,83991","-1,33924","-0,14952","4,02344","-120,98653"
"76,308","-4,761542","-2,242742",,"-9,88418","-1,3491","-0,15087","9,44946","-121,87747"
"76,309","-3,761542","-1,242742",,"-9,86204","-1,35897","-0,15222","6,80067","-122,7694"
"76,31","-2,761542","-1,242742",,"-9,85097","-1,36883","-0,15358","5,48117","-123,65984"
"76,311","-5,761542","-1,242742",,"-9,88418","-1,37869","-0,15496","9,65677","-124,55128"
"76,312","-5,761542","-1,242742",,"-9,88418","-1,38858","-0,15634","9,726","-125,44422"
"76,313","-8,761542","-1,242742",,"-9,91739","-1,39848","-0,15773","13,99079","-126,33865"
"76,314","-5,761542","-2,242742",,"-9,89525","-1,40839","-0,15914","11,27312","-127,23359"
"76,315","-6,761542","-2,242742",,"-9,90632","-1,41829","-0,16055","12,77066","-128,12803"
"76,316","-4,761542","-3,242742",,"-9,89525","-1,42819","-0,16197","11,43162","-129,02246"
"76,317","-0,761542","-2,242742",,"-9,83991","-1,43806","-0,16341","4,32033","-129,9139"
"76,318","1,238458","-2,242742",,"-9,81777","-1,44788","-0,16485","1,45409","-130,80184"
"76,319","4,238458","-2,242742",,"-9,78456","-1,45769","-0,1663","2,90913","-131,68728"
"76,32","10,238458","-1,242742",,"-9,70707","-1,46743","-0,16777","13,20059","-132,56771"
"76,321","13,238458","-1,242742",,"-9,67387","-1,47712","-0,16924","17,71913","-133,44315"
"76,322","16,238458","-1,242742",,"-9,64066","-1,48678","-0,17072","22,29531","-134,31559"
"76,323","18,238458","2,757258",,"-9,57424","-1,49639","-0,17221","31,4177","-135,18352"
"76,324","19,238458","2,757258",,"-9,56317","-1,50595","-0,17371","33,12456","-136,04796"
"76,325","20,238458","6,757258",,"-9,50783","-1,51549","-0,17522","40,91175","-136,9094"
"76,326","16,238458","11,757258",,"-9,49676","-1,52499","-0,17674","42,69326","-137,76783"
"76,327","13,238458","7,757258",,"-9,57424","-1,53453","-0,17827","32,21852","-138,62927"
"76,328","8,238458","3,757258",,"-9,67387","-1,54415","-0,17981","18,52321","-139,49871"
"76,329","3,238458","1,757258",,"-9,75135","-1,55386","-0,18136","7,76267","-140,37615"
"76,33","-0,761542","0,757258",,"-9,8067","-1,56364","-0,18292","0,0067","-141,25958"
"76,331","-5,761542","1,757258",,"-9,85097","-1,57347","-0,18449","6,30063","-142,14752"
"76,332","-10,761542","-2,242742",,"-9,9506","-1,58337","-0,18607","20,59064","-143,04196"
"76,333","-13,761542","-4,242742",,"-10,00594","-1,59335","-0,18766","28,68716","-143,94339"
"76,334","-16,761542","-7,242742",,"-10,07236","-1,60339","-0,18925","38,48825","-144,85033"
"76,335","-16,761542","-8,242742",,"-10,08343","-1,61347","-0,19086","40,34363","-145,76077"
"76,336","-16,761542","-8,242742",,"-10,08343","-1,62355","-0,19248","40,59576","-146,6717"
"76,337","-13,761542","-9,242742",,"-10,06129","-1,63362","-0,19411","37,58036","-147,58164"
"76,338","-13,761542","-5,242742",,"-10,01701","-1,64366","-0,19575","31,23665","-148,48858"
"76,339","-10,761542","-3,242742",,"-9,96167","-1,65365","-0,1974","23,15823","-149,39102"
"76,34","-5,761542","-4,242742",,"-9,91739","-1,66359","-0,19906","16,64305","-150,28895"
"76,341","-1,761542","-1,242742",,"-9,83991","-1,67347","-0,20072","5,02758","-151,18139"
"76,342","1,238458","-0,242742",,"-9,79563","-1,68329","-0,2024","1,67608","-152,06833"
"76,343","4,238458","2,757258",,"-9,72921","-1,69305","-0,20409","11,84411","-152,95026"
"76,344","6,238458","5,757258",,"-9,67387","-1,70275","-0,20579","20,42574","-153,8267"
"76,345","7,238458","5,757258",,"-9,6628","-1,71242","-0,2075","22,25414","-154,70014"
"76,346","9,238458","4,757258",,"-9,65173","-1,72208","-0,20921","24,10172","-155,57258"
"76,347","8,238458","3,757258",,"-9,67387","-1,73174","-0,21094","20,77348","-156,44551"
"76,348","7,238458","4,757258",,"-9,67387","-1,74142","-0,21268","20,88952","-157,31945"
"76,349","6,238458","3,757258",,"-9,696","-1,7511","-0,21442","17,5035","-158,19439"
"76,35","6,238458","-0,242742",,"-9,74028","-1,76082","-0,21618","10,55737","-159,07232"
"76,351","2,238458","2,757258",,"-9,75135","-1,77056","-0,21795","8,84524","-159,95276"
"76,352","1,238458","2,757258",,"-9,76242","-1,78032","-0,21972","7,11366","-160,8342"
"76,353","-1,761542","-1,242742",,"-9,83991","-1,79012","-0,22151","5,37804","-161,71963"
"76,354","-2,761542","-3,242742",,"-9,87311","-1,79998","-0,2233","10,80758","-162,61007"
"76,355","-3,761542","-4,242742",,"-9,89525","-1,80986","-0,22511","14,48666","-163,50301"
"76,356","-4,761542","-3,242742",,"-9,89525","-1,81976","-0,22692","14,56586","-164,39695"
"76,357","-6,761542","-3,242742",,"-9,91739","-1,82966","-0,22875","18,30448","-165,29188"
"76,358","-6,761542","-5,242742",,"-9,93953","-1,83959","-0,23058","22,083","-166,18882"
"76,359","-8,761542","-3,242742",,"-9,93953","-1,84953","-0,23242","22,20231","-167,08676"
"76,36","-7,761542","-1,242742",,"-9,90632","-1,85946","-0,23428","16,74306","-167,98319"
"76,361","-3,761542","-2,242742",,"-9,87311","-1,86935","-0,23614","11,22408","-168,87663"
"76,362","-2,761542","-1,242742",,"-9,85097","-1,87921","-0,23802","7,52488","-169,76757"
"76,363","-0,761542","-0,242742",,"-9,81777","-1,88904","-0,2399","1,89713","-170,65601"
"76,364","-0,761542","-0,242742",,"-9,81777","-1,89886","-0,2418","1,90699","-171,54294"
"76,365","4,238458","1,757258",,"-9,74028","-1,90864","-0,2437","11,44365","-172,42638"
"76,366","3,238458","3,757258",,"-9,72921","-1,91837","-0,24561","13,42039","-173,30582"
"76,367","3,238458","1,757258",,"-9,75135","-1,92811","-0,24754","9,63231","-174,18575"
"76,368","7,238458","0,757258",,"-9,71814","-1,93785","-0,24947","15,49448","-175,06519"
"76,369","5,238458","4,757258",,"-9,696","-1,94756","-0,25141","19,46721","-175,94213"
"76,37","4,238458","4,757258",,"-9,70707","-1,95726","-0,25336","17,60692","-176,81856"
"76,371","4,238458","0,757258",,"-9,75135","-1,96699","-0,25533","9,8265","-177,6975"
"76,372","1,238458","2,757258",,"-9,76242","-1,97674","-0,2573","7,8985","-178,57894"
"76,373","2,238458","-0,242742",,"-9,78456","-1,98652","-0,25928","3,96452","-179,46188"
"76,374","-0,761542","-1,242742",,"-9,82884","-1,99632","-0,26127","4,0012","-180,34781"
"76,375","-1,761542","-0,242742",,"-9,82884","-2,00615","-0,26327","4,0209","-181,23575"
"76,376","-1,761542","-2,242742",,"-9,85097","-2,01599","-0,26528","8,0726","-182,12469"
"76,377","-2,761542","-3,242742",,"-9,87311","-2,02585","-0,2673","12,1638","-183,01562"
"76,378","-3,761542","-1,242742",,"-9,86204","-2,03572","-0,26934","10,18733","-183,90706"
"76,379","-5,761542","-1,242742",,"-9,88418","-2,04559","-0,27138","14,32792","-184,799"
"76,38","-2,761542","-4,242742",,"-9,88418","-2,05548","-0,27343","14,39716","-185,69193"
"76,381","-2,761542","-2,242742",,"-9,86204","-2,06535","-0,27549","10,33561","-186,58387"
"76,382","-3,761542","-2,242742",,"-9,87311","-2,07522","-0,27756","12,46021","-187,47531"
"76,383","-2,761542","-3,242742",,"-9,87311","-2,08509","-0,27964","12,51949","-188,36725"
"76,384","-0,761542","-1,242742",,"-9,82884","-2,09494","-0,28173","4,19886","-189,25718"
"76,385","-0,761542","-0,242742",,"-9,81777","-2,10477","-0,28383","2,11378","-190,14462"
"76,386","0,238458","1,757258",,"-9,78456","-2,11457","-0,28594","4,22008","-191,03006"
"76,387","-0,761542","0,757258",,"-9,8067","-2,12436","-0,28806","0,0091","-191,91499"
"76,388","3,238458","0,757258",,"-9,76242","-2,13415","-0,29019","8,52745","-192,79893"
"76,389","2,238458","3,757258",,"-9,74028","-2,1439","-0,29233","12,85421","-193,67987"
"76,39","2,238458","1,757258",,"-9,76242","-2,15365","-0,29447","8,60538","-194,56081"
"76,391","2,238458","0,757258",,"-9,77349","-2,16342","-0,29663","6,48099","-195,44324"
"76,392","3,238458","0,757258",,"-9,76242","-2,17319","-0,2988","8,68344","-196,32568"
"76,393","1,238458","-2,242742",,"-9,81777","-2,18298","-0,30098","2,19233","-197,21012"
"76,394","3,238458","-1,242742",,"-9,78456","-2,19278","-0,30317","4,37616","-198,09555"
"76,395","0,238458","-2,242742",,"-9,82884","-2,20258","-0,30536","4,41461","-198,98149"
"76,396","-0,761542","-2,242742",,"-9,83991","-2,21242","-0,30757","6,64673","-199,86993"
"76,397","-1,761542","-1,242742",,"-9,83991","-2,22226","-0,30979","6,6763","-200,75886"
"76,398","-0,761542","-1,242742",,"-9,82884","-2,23209","-0,31202","4,47375","-201,6473"
"76,399","-0,761542","-2,242742",,"-9,83991","-2,24193","-0,31425","6,73539","-202,53574"
"76,4","-2,761542","-3,242742",,"-9,87311","-2,25178","-0,3165","13,52035","-203,42618"
"76,401","-3,761542","0,757258",,"-9,83991","-2,26164","-0,31876","6,79461","-204,31661"
"76,402","-3,761542","-1,242742",,"-9,86204","-2,27149","-0,32102","11,36719","-205,20655"
"76,403","-2,761542","-3,242742",,"-9,87311","-2,28136","-0,3233","13,69793","-206,09799"
"76,404","-0,761542","-2,242742",,"-9,83991","-2,29122","-0,32559","6,88346","-206,98842"
"76,405","-0,761542","-1,242742",,"-9,82884","-2,30105","-0,32788","4,61196","-207,87686"
"76,406","-0,761542","-0,242742",,"-9,81777","-2,31087","-0,33019","2,32077","-208,7643"
"76,407","-0,761542","-0,242742",,"-9,81777","-2,32069","-0,3325","2,33063","-209,65124"
"76,408","-0,761542","-0,242742",,"-9,81777","-2,33051","-0,33483","2,34049","-210,53817"
"76,409","2,238458","1,757258",,"-9,76242","-2,3403","-0,33717","9,35117","-211,42261"
"76,41","1,238458","0,757258",,"-9,78456","-2,35007","-0,33951","4,69008","-212,30555"
"76,411","3,238458","0,757258",,"-9,76242","-2,35985","-0,34187","9,42927","-213,18848"
"76,412","0,238458","0,757258",,"-9,79563","-2,36962","-0,34423","2,35947","-214,07192"
"76,413","0,238458","-1,242742",,"-9,81777","-2,37943","-0,3466","2,38963","-214,95786"
"76,414","2,238458","-0,242742",,"-9,78456","-2,38923","-0,34899","4,76823","-215,84329"
"76,415","0,238458","-3,242742",,"-9,83991","-2,39905","-0,35138","7,20741","-216,72973"
"76,416","0,238458","-1,242742",,"-9,81777","-2,40887","-0,35379","2,41919","-217,61767"
"76,417","2,238458","-1,242742",,"-9,79563","-2,41868","-0,3562","2,40832","-218,50361"
"76,418","-0,761542","1,757258",,"-9,79563","-2,42848","-0,35862","2,41807","-219,38854"
"76,419","-2,761542","-2,242742",,"-9,86204","-2,43831","-0,36106","12,20197","-220,27648"
"76,42","-0,761542","0,757258",,"-9,8067","-2,44814","-0,3635","0,01049","-221,16492"
"76,421","-0,761542","0,757258",,"-9,8067","-2,45795","-0,36595","0,01053","-222,05085"
"76,422","-0,761542","-1,242742",,"-9,82884","-2,46776","-0,36842","4,9461","-222,93779"
"76,423","-2,761542","-2,242742",,"-9,86204","-2,47761","-0,37089","12,39866","-223,82723"
"76,424","-1,761542","-1,242742",,"-9,83991","-2,48746","-0,37337","7,47304","-224,71716"
"76,425","-1,761542","0,757258",,"-9,81777","-2,49729","-0,37586","2,50799","-225,6051"
"76,426","0,238458","0,757258",,"-9,79563","-2,5071","-0,37837","2,49636","-226,49104"
"76,427","-0,761542","-0,242742",,"-9,81777","-2,5169","-0,38088","2,52768","-227,37698"
"76,428","1,238458","0,757258",,"-9,78456","-2,5267","-0,3834","5,04258","-228,26241"
"76,429","-0,761542","-0,242742",,"-9,81777","-2,5365","-0,38593","2,54737","-229,14785"
"76,43","-0,761542","-0,242742",,"-9,81777","-2,54632","-0,38847","2,55723","-230,03479"
"76,431","0,238458","-1,242742",,"-9,81777","-2,55614","-0,39102","2,56709","-230,92172"
"76,432","0,238458","-0,242742",,"-9,8067","-2,56595","-0,39359","0,01099","-231,80816"
"76,433","1,238458","-0,242742",,"-9,79563","-2,57575","-0,39616","2,56472","-232,6936"
"76,434","-0,761542","0,757258",,"-9,8067","-2,58555","-0,39874","0,01108","-233,57904"
"76,435","-0,761542","-1,242742",,"-9,82884","-2,59537","-0,40133","5,20186","-234,46597"
"76,436","0,238458","-0,242742",,"-9,8067","-2,60519","-0,40393","0,01116","-235,35291"
"76,437","-0,761542","0,757258",,"-9,8067","-2,615","-0,40654","0,0112","-236,23885"
"76,438","1,238458","0,757258",,"-9,78456","-2,62479","-0,40916","5,23834","-237,12378"
"76,439","0,238458","-1,242742",,"-9,81777","-2,63459","-0,41179","2,64588","-238,00922"
"76,44","-0,761542","-3,242742",,"-9,85097","-2,64443","-0,41443","10,58904","-238,89766"
"76,441","0,238458","0,757258",,"-9,79563","-2,65425","-0,41708","2,64288","-239,78509"
"76,442","-0,761542","-1,242742",,"-9,82884","-2,66406","-0,41974","5,33954","-240,67153"
"76,443","-1,761542","-0,242742",,"-9,82884","-2,67389","-0,4224","5,35924","-241,55947"
"76,444","-1,761542","0,757258",,"-9,81777","-2,68372","-0,42508","2,69521","-242,44691"
"76,445","-0,761542","-1,242742",,"-9,82884","-2,69354","-0,42777","5,39862","-243,33434"
"76,446","-0,761542","-2,242742",,"-9,83991","-2,70337","-0,43047","8,1217","-244,22278"
"76,447","0,238458","0,757258",,"-9,79563","-2,71319","-0,43318","2,70157","-245,10972"
"76,448","0,238458","0,757258",,"-9,79563","-2,72299","-0,4359","2,71132","-245,99465"
"76,449","-0,761542","-1,242742",,"-9,82884","-2,7328","-0,43862","5,47731","-246,88109"
"76,45","-0,761542","-0,242742",,"-9,81777","-2,74262","-0,44136","2,75437","-247,76853"
"76,451","0,238458","-0,242742",,"-9,8067","-2,75243","-0,44411","0,01179","-248,65497"
"76,452","-0,761542","0,757258",,"-9,8067","-2,76224","-0,44687","0,01183","-249,5409"
