ForceDecks Raw Data Export,1.0
Weight,"90,49"
Frequency,1000
Recording Date,2025-11-10T10:59:18
Recording Info,ForceDecks.iOS;2.3.0
Data Source,"ForceDecks;FDL2-220804-FW2R6-HW3R6,6126,FDL2-FW2R6-HW3R6,6125 (Post-analysis Trial 3)"
Analysis Date,2025-11-10T10:59:43
AthleteId,54beb9bc-3055-4eb8-9c30-886be73894a6

Time,Left,Right,,Acceleration,Velocity,Height,Power,Impulse
"105,991","442,320614","444,777998",,0,0,0,0,0
"105,992","440,320614","445,777998",,0,0,0,0,0
"105,993","441,320614","447,777998",,0,0,0,0,0
"105,994","438,320614","445,777998",,0,0,0,0,0
"105,995","441,320614","443,777998",,0,0,0,0,0
"105,996","441,320614","443,777998",,0,0,0,0,0
"105,997","440,320614","443,777998",,0,0,0,0,0
"105,998","441,320614","443,777998",,0,0,0,0,0
"105,999","438,320614","446,777998",,0,0,0,0,0
106,"438,320614","443,777998",,0,0,0,0,0
"106,001","440,320614","441,777998",,0,0,0,0,0
"106,002","439,320614","445,777998",,0,0,0,0,0
"106,003","438,320614","443,777998",,0,0,0,0,0
"106,004","438,320614","442,777998",,0,0,0,0,0
"106,005","437,320614","444,777998",,0,0,0,0,0
"106,006","438,320614","442,777998",,0,0,0,0,0
"106,007","437,320614","443,777998",,0,0,0,0,0
"106,008","437,320614","443,777998",,0,0,0,0,0
"106,009","439,320614","444,777998",,0,0,0,0,0
"106,01","435,320614","443,777998",,0,0,0,0,0
"106,011","440,320614","445,777998",,0,0,0,0,0
"106,012","438,320614","443,777998",,0,0,0,0,0
"106,013","440,320614","446,777998",,0,0,0,0,0
"106,014","439,320614","443,777998",,0,0,0,0,0
"106,015","440,320614","443,777998",,0,0,0,0,0
"106,016","439,320614","442,777998",,0,0,0,0,0
"106,017","439,320614","445,777998",,0,0,0,0,0
"106,018","439,320614","447,777998",,0,0,0,0,0
"106,019","438,320614","448,777998",,0,0,0,0,0
"106,02","439,320614","446,777998",,0,0,0,0,0
"106,021","440,320614","444,777998",,0,0,0,0,0
"106,022","440,320614","446,777998",,0,0,0,0,0
"106,023","438,320614","446,777998",,0,0,0,0,0
"106,024","440,320614","445,777998",,0,0,0,0,0
"106,025","441,320614","446,777998",,0,0,0,0,0
"106,026","440,320614","447,777998",,0,0,0,0,0
"106,027","439,320614","448,777998",,0,0,0,0,0
"106,028","439,320614","443,777998",,0,0,0,0,0
"106,029","440,320614","446,777998",,0,0,0,0,0
"106,03","440,320614","447,777998",,0,0,0,0,0
"106,031","442,320614","449,777998",,0,0,0,0,0
"106,032","440,320614","447,777998",,0,0,0,0,0
"106,033","439,320614","446,777998",,0,0,0,0,0
"106,034","440,320614","446,777998",,0,0,0,0,0
"106,035","442,320614","448,777998",,0,0,0,0,0
"106,036","441,320614","450,777998",,0,0,0,0,0
"106,037","441,320614","448,777998",,0,0,0,0,0
"106,038","442,320614","447,777998",,0,0,0,0,0
"106,039","441,320614","450,777998",,0,0,0,0,0
"106,04","440,320614","450,777998",,0,0,0,0,0
"106,041","440,320614","447,777998",,0,0,0,0,0
"106,042","439,320614","449,777998",,0,0,0,0,0
"106,043","441,320614","451,777998",,0,0,0,0,0
"106,044","442,320614","449,777998",,0,0,0,0,0
"106,045","440,320614","447,777998",,0,0,0,0,0
"106,046","442,320614","450,777998",,0,0,0,0,0
"106,047","442,320614","445,777998",,0,0,0,0,0
"106,048","442,320614","448,777998",,0,0,0,0,0
"106,049","443,320614","446,777998",,0,0,0,0,0
"106,05","441,320614","450,777998",,0,0,0,0,0
"106,051","443,320614","449,777998",,0,0,0,0,0
"106,052","443,320614","447,777998",,0,0,0,0,0
"106,053","443,320614","449,777998",,0,0,0,0,0
"106,054","441,320614","446,777998",,0,0,0,0,0
"106,055","443,320614","447,777998",,0,0,0,0,0
"106,056","440,320614","446,777998",,0,0,0,0,0
"106,057","440,320614","448,777998",,0,0,0,0,0
"106,058","438,320614","446,777998",,0,0,0,0,0
"106,059","442,320614","446,777998",,0,0,0,0,0
"106,06","439,320614","448,777998",,0,0,0,0,0
"106,061","440,320614","444,777998",,0,0,0,0,0
"106,062","440,320614","443,777998",,0,0,0,0,0
"106,063","438,320614","442,777998",,0,0,0,0,0
"106,064","440,320614","442,777998",,0,0,0,0,0
"106,065","440,320614","443,777998",,0,0,0,0,0
"106,066","438,320614","442,777998",,0,0,0,0,0
"106,067","440,320614","443,777998",,0,0,0,0,0
"106,068","439,320614","444,777998",,0,0,0,0,0
"106,069","440,320614","442,777998",,0,0,0,0,0
"106,07","440,320614","442,777998",,0,0,0,0,0
"106,071","440,320614","443,777998",,0,0,0,0,0
"106,072","439,320614","442,777998",,0,0,0,0,0
"106,073","440,320614","443,777998",,0,0,0,0,0
"106,074","440,320614","441,777998",,0,0,0,0,0
"106,075","438,320614","441,777998",,0,0,0,0,0
"106,076","440,320614","440,777998",,0,0,0,0,0
"106,077","441,320614","440,777998",,0,0,0,0,0
"106,078","440,320614","441,777998",,0,0,0,0,0
"106,079","442,320614","439,777998",,0,0,0,0,0
"106,08","439,320614","441,777998",,0,0,0,0,0
"106,081","440,320614","438,777998",,0,0,0,0,0
"106,082","438,320614","439,777998",,0,0,0,0,0
"106,083","442,320614","439,777998",,0,0,0,0,0
"106,084","439,320614","439,777998",,0,0,0,0,0
"106,085","440,320614","440,777998",,0,0,0,0,0
"106,086","441,320614","441,777998",,0,0,0,0,0
"106,087","441,320614","441,777998",,0,0,0,0,0
"106,088","441,320614","441,777998",,0,0,0,0,0
"106,089","442,320614","441,777998",,0,0,0,0,0
"106,09","442,320614","444,777998",,0,0,0,0,0
"106,091","441,320614","441,777998",,0,0,0,0,0
"106,092","441,320614","443,777998",,0,0,0,0,0
"106,093","443,320614","442,777998",,0,0,0,0,0
"106,094","440,320614","444,777998",,0,0,0,0,0
"106,095","442,320614","443,777998",,0,0,0,0,0
"106,096","442,320614","442,777998",,0,0,0,0,0
"106,097","441,320614","443,777998",,0,0,0,0,0
"106,098","442,320614","442,777998",,0,0,0,0,0
"106,099","443,320614","445,777998",,0,0,0,0,0
"106,1","442,320614","446,777998",,0,0,0,0,0
"106,101","444,320614","444,777998",,0,0,0,0,0
"106,102","444,320614","444,777998",,0,0,0,0,0
"106,103","443,320614","446,777998",,0,0,0,0,0
"106,104","444,320614","446,777998",,0,0,0,0,0
"106,105","443,320614","447,777998",,0,0,0,0,0
"106,106","445,320614","448,777998",,0,0,0,0,0
"106,107","445,320614","445,777998",,0,0,0,0,0
"106,108","447,320614","446,777998",,0,0,0,0,0
"106,109","444,320614","447,777998",,0,0,0,0,0
"106,11","446,320614","447,777998",,0,0,0,0,0
"106,111","443,320614","447,777998",,0,0,0,0,0
"106,112","445,320614","448,777998",,0,0,0,0,0
"106,113","445,320614","448,777998",,0,0,0,0,0
"106,114","446,320614","447,777998",,0,0,0,0,0
"106,115","447,320614","448,777998",,0,0,0,0,0
"106,116","445,320614","448,777998",,0,0,0,0,0
"106,117","445,320614","446,777998",,0,0,0,0,0
"106,118","445,320614","449,777998",,0,0,0,0,0
"106,119","448,320614","448,777998",,0,0,0,0,0
"106,12","447,320614","447,777998",,0,0,0,0,0
"106,121","447,320614","447,777998",,0,0,0,0,0
"106,122","446,320614","448,777998",,0,0,0,0,0
"106,123","448,320614","446,777998",,0,0,0,0,0
"106,124","446,320614","449,777998",,0,0,0,0,0
"106,125","446,320614","448,777998",,0,0,0,0,0
"106,126","447,320614","447,777998",,0,0,0,0,0
"106,127","446,320614","447,777998",,0,0,0,0,0
"106,128","447,320614","447,777998",,0,0,0,0,0
"106,129","445,320614","447,777998",,0,0,0,0,0
"106,13","447,320614","447,777998",,0,0,0,0,0
"106,131","445,320614","445,777998",,0,0,0,0,0
"106,132","447,320614","447,777998",,0,0,0,0,0
"106,133","446,320614","446,777998",,0,0,0,0,0
"106,134","445,320614","443,777998",,0,0,0,0,0
"106,135","449,320614","447,777998",,0,0,0,0,0
"106,136","447,320614","445,777998",,0,0,0,0,0
"106,137","446,320614","446,777998",,0,0,0,0,0
"106,138","444,320614","444,777998",,0,0,0,0,0
"106,139","445,320614","445,777998",,0,0,0,0,0
"106,14","447,320614","444,777998",,0,0,0,0,0
"106,141","445,320614","448,777998",,0,0,0,0,0
"106,142","447,320614","444,777998",,0,0,0,0,0
"106,143","446,320614","444,777998",,0,0,0,0,0
"106,144","445,320614","444,777998",,0,0,0,0,0
"106,145","445,320614","445,777998",,0,0,0,0,0
"106,146","444,320614","442,777998",,0,0,0,0,0
"106,147","446,320614","443,777998",,0,0,0,0,0
"106,148","446,320614","444,777998",,0,0,0,0,0
"106,149","446,320614","444,777998",,0,0,0,0,0
"106,15","447,320614","442,777998",,0,0,0,0,0
"106,151","446,320614","443,777998",,0,0,0,0,0
"106,152","446,320614","443,777998",,0,0,0,0,0
"106,153","445,320614","444,777998",,0,0,0,0,0
"106,154","446,320614","444,777998",,0,0,0,0,0
"106,155","444,320614","445,777998",,0,0,0,0,0
"106,156","444,320614","445,777998",,0,0,0,0,0
"106,157","446,320614","444,777998",,0,0,0,0,0
"106,158","446,320614","444,777998",,0,0,0,0,0
"106,159","444,320614","446,777998",,0,0,0,0,0
"106,16","446,320614","445,777998",,0,0,0,0,0
"106,161","445,320614","443,777998",,0,0,0,0,0
"106,162","446,320614","445,777998",,0,0,0,0,0
"106,163","445,320614","446,777998",,0,0,0,0,0
"106,164","446,320614","445,777998",,0,0,0,0,0
"106,165","447,320614","445,777998",,0,0,0,0,0
"106,166","445,320614","445,777998",,0,0,0,0,0
"106,167","445,320614","449,777998",,0,0,0,0,0
"106,168","446,320614","446,777998",,0,0,0,0,0
"106,169","448,320614","444,777998",,0,0,0,0,0
"106,17","447,320614","445,777998",,0,0,0,0,0
"106,171","448,320614","444,777998",,0,0,0,0,0
"106,172","445,320614","447,777998",,0,0,0,0,0
"106,173","447,320614","445,777998",,0,0,0,0,0
"106,174","447,320614","445,777998",,0,0,0,0,0
"106,175","447,320614","447,777998",,0,0,0,0,0
"106,176","448,320614","449,777998",,0,0,0,0,0
"106,177","447,320614","444,777998",,0,0,0,0,0
"106,178","446,320614","446,777998",,0,0,0,0,0
"106,179","447,320614","446,777998",,0,0,0,0,0
"106,18","447,320614","446,777998",,0,0,0,0,0
"106,181","449,320614","449,777998",,0,0,0,0,0
"106,182","448,320614","447,777998",,0,0,0,0,0
"106,183","450,320614","448,777998",,0,0,0,0,0
"106,184","449,320614","448,777998",,0,0,0,0,0
"106,185","449,320614","448,777998",,0,0,0,0,0
"106,186","449,320614","446,777998",,0,0,0,0,0
"106,187","451,320614","448,777998",,0,0,0,0,0
"106,188","448,320614","447,777998",,0,0,0,0,0
"106,189","449,320614","447,777998",,0,0,0,0,0
"106,19","449,320614","448,777998",,0,0,0,0,0
"106,191","448,320614","447,777998",,0,0,0,0,0
"106,192","447,320614","445,777998",,0,0,0,0,0
"106,193","448,320614","447,777998",,0,0,0,0,0
"106,194","451,320614","447,777998",,0,0,0,0,0
"106,195","450,320614","445,777998",,0,0,0,0,0
"106,196","449,320614","448,777998",,0,0,0,0,0
"106,197","449,320614","449,777998",,0,0,0,0,0
"106,198","448,320614","443,777998",,0,0,0,0,0
"106,199","450,320614","447,777998",,0,0,0,0,0
"106,2","450,320614","447,777998",,0,0,0,0,0
"106,201","451,320614","446,777998",,0,0,0,0,0
"106,202","448,320614","448,777998",,0,0,0,0,0
"106,203","449,320614","446,777998",,0,0,0,0,0
"106,204","449,320614","447,777998",,0,0,0,0,0
"106,205","448,320614","446,777998",,0,0,0,0,0
"106,206","451,320614","448,777998",,0,0,0,0,0
"106,207","450,320614","445,777998",,0,0,0,0,0
"106,208","447,320614","446,777998",,0,0,0,0,0
"106,209","449,320614","446,777998",,0,0,0,0,0
"106,21","448,320614","447,777998",,0,0,0,0,0
"106,211","448,320614","445,777998",,0,0,0,0,0
"106,212","448,320614","444,777998",,0,0,0,0,0
"106,213","449,320614","446,777998",,0,0,0,0,0
"106,214","447,320614","444,777998",,0,0,0,0,0
"106,215","448,320614","445,777998",,0,0,0,0,0
"106,216","446,320614","445,777998",,0,0,0,0,0
"106,217","447,320614","444,777998",,0,0,0,0,0
"106,218","449,320614","445,777998",,0,0,0,0,0
"106,219","447,320614","446,777998",,0,0,0,0,0
"106,22","446,320614","448,777998",,0,0,0,0,0
"106,221","448,320614","445,777998",,0,0,0,0,0
"106,222","446,320614","443,777998",,0,0,0,0,0
"106,223","445,320614","444,777998",,0,0,0,0,0
"106,224","443,320614","446,777998",,0,0,0,0,0
"106,225","446,320614","444,777998",,0,0,0,0,0
"106,226","447,320614","443,777998",,0,0,0,0,0
"106,227","445,320614","447,777998",,0,0,0,0,0
"106,228","445,320614","446,777998",,0,0,0,0,0
"106,229","445,320614","444,777998",,0,0,0,0,0
"106,23","446,320614","445,777998",,0,0,0,0,0
"106,231","444,320614","440,777998",,0,0,0,0,0
"106,232","444,320614","443,777998",,0,0,0,0,0
"106,233","445,320614","445,777998",,0,0,0,0,0
"106,234","444,320614","442,777998",,0,0,0,0,0
"106,235","443,320614","442,777998",,0,0,0,0,0
"106,236","442,320614","445,777998",,0,0,0,0,0
"106,237","444,320614","442,777998",,0,0,0,0,0
"106,238","442,320614","445,777998",,0,0,0,0,0
"106,239","443,320614","442,777998",,0,0,0,0,0
"106,24","442,320614","444,777998",,0,0,0,0,0
"106,241","445,320614","445,777998",,0,0,0,0,0
"106,242","442,320614","444,777998",,0,0,0,0,0
"106,243","442,320614","443,777998",,0,0,0,0,0
"106,244","442,320614","444,777998",,0,0,0,0,0
"106,245","441,320614","445,777998",,0,0,0,0,0
"106,246","441,320614","444,777998",,0,0,0,0,0
"106,247","442,320614","445,777998",,0,0,0,0,0
"106,248","443,320614","444,777998",,0,0,0,0,0
"106,249","442,320614","444,777998",,0,0,0,0,0
"106,25","442,320614","444,777998",,0,0,0,0,0
"106,251","444,320614","444,777998",,0,0,0,0,0
"106,252","443,320614","442,777998",,0,0,0,0,0
"106,253","441,320614","443,777998",,0,0,0,0,0
"106,254","444,320614","445,777998",,0,0,0,0,0
"106,255","441,320614","445,777998",,0,0,0,0,0
"106,256","443,320614","443,777998",,0,0,0,0,0
"106,257","440,320614","443,777998",,0,0,0,0,0
"106,258","440,320614","441,777998",,0,0,0,0,0
"106,259","442,320614","445,777998",,0,0,0,0,0
"106,26","444,320614","444,777998",,0,0,0,0,0
"106,261","442,320614","445,777998",,0,0,0,0,0
"106,262","443,320614","442,777998",,0,0,0,0,0
"106,263","446,320614","446,777998",,0,0,0,0,0
"106,264","442,320614","442,777998",,0,0,0,0,0
"106,265","444,320614","444,777998",,0,0,0,0,0
"106,266","443,320614","443,777998",,0,0,0,0,0
"106,267","442,320614","445,777998",,0,0,0,0,0
"106,268","444,320614","444,777998",,0,0,0,0,0
"106,269","442,320614","444,777998",,0,0,0,0,0
"106,27","447,320614","445,777998",,0,0,0,0,0
"106,271","444,320614","443,777998",,0,0,0,0,0
"106,272","445,320614","446,777998",,0,0,0,0,0
"106,273","443,320614","448,777998",,0,0,0,0,0
"106,274","443,320614","445,777998",,0,0,0,0,0
"106,275","446,320614","445,777998",,0,0,0,0,0
"106,276","447,320614","445,777998",,0,0,0,0,0
"106,277","442,320614","443,777998",,0,0,0,0,0
"106,278","444,320614","446,777998",,0,0,0,0,0
"106,279","444,320614","446,777998",,0,0,0,0,0
"106,28","441,320614","446,777998",,0,0,0,0,0
"106,281","445,320614","446,777998",,0,0,0,0,0
"106,282","442,320614","444,777998",,0,0,0,0,0
"106,283","443,320614","443,777998",,0,0,0,0,0
"106,284","442,320614","445,777998",,0,0,0,0,0
"106,285","443,320614","445,777998",,0,0,0,0,0
"106,286","442,320614","445,777998",,0,0,0,0,0
"106,287","443,320614","446,777998",,0,0,0,0,0
"106,288","443,320614","444,777998",,0,0,0,0,0
"106,289","443,320614","447,777998",,0,0,0,0,0
"106,29","443,320614","443,777998",,0,0,0,0,0
"106,291","444,320614","446,777998",,0,0,0,0,0
"106,292","443,320614","444,777998",,0,0,0,0,0
"106,293","445,320614","447,777998",,0,0,0,0,0
"106,294","441,320614","445,777998",,0,0,0,0,0
"106,295","444,320614","445,777998",,0,0,0,0,0
"106,296","443,320614","446,777998",,0,0,0,0,0
"106,297","442,320614","448,777998",,0,0,0,0,0
"106,298","441,320614","447,777998",,0,0,0,0,0
"106,299","440,320614","445,777998",,0,0,0,0,0
"106,3","443,320614","447,777998",,0,0,0,0,0
"106,301","441,320614","446,777998",,0,0,0,0,0
"106,302","441,320614","446,777998",,0,0,0,0,0
"106,303","441,320614","448,777998",,0,0,0,0,0
"106,304","440,320614","445,777998",,0,0,0,0,0
"106,305","442,320614","447,777998",,0,0,0,0,0
"106,306","441,320614","446,777998",,0,0,0,0,0
"106,307","438,320614","446,777998",,0,0,0,0,0
"106,308","439,320614","444,777998",,0,0,0,0,0
"106,309","439,320614","444,777998",,0,0,0,0,0
"106,31","439,320614","446,777998",,0,0,0,0,0
"106,311","440,320614","447,777998",,0,0,0,0,0
"106,312","438,320614","446,777998",,0,0,0,0,0
"106,313","439,320614","444,777998",,0,0,0,0,0
"106,314","437,320614","445,777998",,0,0,0,0,0
"106,315","437,320614","448,777998",,0,0,0,0,0
"106,316","437,320614","444,777998",,0,0,0,0,0
"106,317","438,320614","447,777998",,0,0,0,0,0
"106,318","435,320614","445,777998",,0,0,0,0,0
"106,319","437,320614","446,777998",,0,0,0,0,0
"106,32","438,320614","446,777998",,0,0,0,0,0
"106,321","434,320614","446,777998",,0,0,0,0,0
"106,322","436,320614","444,777998",,0,0,0,0,0
"106,323","434,320614","444,777998",,0,0,0,0,0
"106,324","437,320614","444,777998",,0,0,0,0,0
"106,325","435,320614","446,777998",,0,0,0,0,0
"106,326","438,320614","446,777998",,0,0,0,0,0
"106,327","437,320614","444,777998",,0,0,0,0,0
"106,328","438,320614","445,777998",,0,0,0,0,0
"106,329","436,320614","445,777998",,0,0,0,0,0
"106,33","438,320614","445,777998",,0,0,0,0,0
"106,331","437,320614","444,777998",,0,0,0,0,0
"106,332","439,320614","447,777998",,0,0,0,0,0
"106,333","439,320614","446,777998",,0,0,0,0,0
"106,334","438,320614","444,777998",,0,0,0,0,0
"106,335","439,320614","445,777998",,0,0,0,0,0
"106,336","439,320614","447,777998",,0,0,0,0,0
"106,337","437,320614","448,777998",,0,0,0,0,0
"106,338","437,320614","446,777998",,0,0,0,0,0
"106,339","436,320614","446,777998",,0,0,0,0,0
"106,34","436,320614","447,777998",,0,0,0,0,0
"106,341","439,320614","447,777998",,0,0,0,0,0
"106,342","439,320614","444,777998",,0,0,0,0,0
"106,343","439,320614","445,777998",,0,0,0,0,0
"106,344","439,320614","446,777998",,0,0,0,0,0
"106,345","439,320614","444,777998",,0,0,0,0,0
"106,346","439,320614","448,777998",,0,0,0,0,0
"106,347","439,320614","445,777998",,0,0,0,0,0
"106,348","439,320614","448,777998",,0,0,0,0,0
"106,349","440,320614","448,777998",,0,0,0,0,0
"106,35","440,320614","447,777998",,0,0,0,0,0
"106,351","438,320614","448,777998",,0,0,0,0,0
"106,352","439,320614","449,777998",,0,0,0,0,0
"106,353","438,320614","450,777998",,0,0,0,0,0
"106,354","437,320614","447,777998",,0,0,0,0,0
"106,355","439,320614","448,777998",,0,0,0,0,0
"106,356","436,320614","451,777998",,0,0,0,0,0
"106,357","438,320614","448,777998",,0,0,0,0,0
"106,358","437,320614","450,777998",,0,0,0,0,0
"106,359","438,320614","450,777998",,0,0,0,0,0
"106,36","436,320614","449,777998",,0,0,0,0,0
"106,361","436,320614","448,777998",,0,0,0,0,0
"106,362","436,320614","451,777998",,0,0,0,0,0
"106,363","437,320614","449,777998",,0,0,0,0,0
"106,364","436,320614","451,777998",,0,0,0,0,0
"106,365","435,320614","450,777998",,0,0,0,0,0
"106,366","435,320614","447,777998",,0,0,0,0,0
"106,367","434,320614","449,777998",,0,0,0,0,0
"106,368","434,320614","452,777998",,0,0,0,0,0
"106,369","434,320614","452,777998",,0,0,0,0,0
"106,37","435,320614","450,777998",,0,0,0,0,0
"106,371","435,320614","449,777998",,0,0,0,0,0
"106,372","434,320614","448,777998",,0,0,0,0,0
"106,373","435,320614","450,777998",,0,0,0,0,0
"106,374","435,320614","452,777998",,0,0,0,0,0
"106,375","435,320614","451,777998",,0,0,0,0,0
"106,376","436,320614","449,777998",,0,0,0,0,0
"106,377","435,320614","449,777998",,0,0,0,0,0
"106,378","434,320614","451,777998",,0,0,0,0,0
"106,379","434,320614","452,777998",,0,0,0,0,0
"106,38","435,320614","453,777998",,0,0,0,0,0
"106,381","436,320614","452,777998",,0,0,0,0,0
"106,382","433,320614","452,777998",,0,0,0,0,0
"106,383","432,320614","454,777998",,0,0,0,0,0
"106,384","432,320614","453,777998",,0,0,0,0,0
"106,385","433,320614","452,777998",,0,0,0,0,0
"106,386","433,320614","450,777998",,0,0,0,0,0
"106,387","434,320614","453,777998",,0,0,0,0,0
"106,388","436,320614","453,777998",,0,0,0,0,0
"106,389","433,320614","455,777998",,0,0,0,0,0
"106,39","434,320614","453,777998",,0,0,0,0,0
"106,391","433,320614","452,777998",,0,0,0,0,0
"106,392","434,320614","453,777998",,0,0,0,0,0
"106,393","435,320614","452,777998",,0,0,0,0,0
"106,394","435,320614","452,777998",,0,0,0,0,0
"106,395","436,320614","449,777998",,0,0,0,0,0
"106,396","436,320614","452,777998",,0,0,0,0,0
"106,397","435,320614","450,777998",,0,0,0,0,0
"106,398","433,320614","452,777998",,0,0,0,0,0
"106,399","436,320614","449,777998",,0,0,0,0,0
"106,4","437,320614","450,777998",,0,0,0,0,0
"106,401","435,320614","453,777998",,0,0,0,0,0
"106,402","435,320614","450,777998",,0,0,0,0,0
"106,403","437,320614","451,777998",,0,0,0,0,0
"106,404","435,320614","452,777998",,0,0,0,0,0
"106,405","436,320614","451,777998",,0,0,0,0,0
"106,406","438,320614","451,777998",,0,0,0,0,0
"106,407","437,320614","449,777998",,0,0,0,0,0
"106,408","436,320614","453,777998",,0,0,0,0,0
"106,409","436,320614","451,777998",,0,0,0,0,0
"106,41","436,320614","451,777998",,0,0,0,0,0
"106,411","437,320614","453,777998",,0,0,0,0,0
"106,412","437,320614","450,777998",,0,0,0,0,0
"106,413","436,320614","451,777998",,0,0,0,0,0
"106,414","436,320614","452,777998",,0,0,0,0,0
"106,415","435,320614","452,777998",,0,0,0,0,0
"106,416","438,320614","453,777998",,0,0,0,0,0
"106,417","436,320614","449,777998",,0,0,0,0,0
"106,418","436,320614","450,777998",,0,0,0,0,0
"106,419","435,320614","452,777998",,0,0,0,0,0
"106,42","435,320614","450,777998",,0,0,0,0,0
"106,421","438,320614","451,777998",,0,0,0,0,0
"106,422","435,320614","451,777998",,0,0,0,0,0
"106,423","434,320614","450,777998",,0,0,0,0,0
"106,424","436,320614","451,777998",,0,0,0,0,0
"106,425","435,320614","451,777998",,0,0,0,0,0
"106,426","436,320614","450,777998",,0,0,0,0,0
"106,427","435,320614","452,777998",,0,0,0,0,0
"106,428","436,320614","452,777998",,0,0,0,0,0
"106,429","435,320614","451,777998",,0,0,0,0,0
"106,43","433,320614","450,777998",,0,0,0,0,0
"106,431","435,320614","450,777998",,0,0,0,0,0
"106,432","432,320614","453,777998",,0,0,0,0,0
"106,433","435,320614","451,777998",,0,0,0,0,0
"106,434","435,320614","453,777998",,0,0,0,0,0
"106,435","434,320614","452,777998",,0,0,0,0,0
"106,436","436,320614","451,777998",,0,0,0,0,0
"106,437","435,320614","450,777998",,0,0,0,0,0
"106,438","434,320614","453,777998",,0,0,0,0,0
"106,439","432,320614","451,777998",,0,0,0,0,0
"106,44","433,320614","451,777998",,0,0,0,0,0
"106,441","435,320614","453,777998",,0,0,0,0,0
"106,442","434,320614","452,777998",,0,0,0,0,0
"106,443","435,320614","450,777998",,0,0,0,0,0
"106,444","433,320614","452,777998",,0,0,0,0,0
"106,445","435,320614","452,777998",,0,0,0,0,0
"106,446","434,320614","451,777998",,0,0,0,0,0
"106,447","432,320614","450,777998",,0,0,0,0,0
"106,448","433,320614","452,777998",,0,0,0,0,0
"106,449","436,320614","450,777998",,0,0,0,0,0
"106,45","435,320614","451,777998",,0,0,0,0,0
"106,451","432,320614","449,777998",,0,0,0,0,0
"106,452","436,320614","448,777998",,0,0,0,0,0
"106,453","436,320614","449,777998",,0,0,0,0,0
"106,454","435,320614","451,777998",,0,0,0,0,0
"106,455","438,320614","451,777998",,0,0,0,0,0
"106,456","434,320614","451,777998",,0,0,0,0,0
"106,457","434,320614","450,777998",,0,0,0,0,0
"106,458","435,320614","450,777998",,0,0,0,0,0
"106,459","434,320614","449,777998",,0,0,0,0,0
"106,46","437,320614","449,777998",,0,0,0,0,0
"106,461","437,320614","449,777998",,0,0,0,0,0
"106,462","436,320614","450,777998",,0,0,0,0,0
"106,463","436,320614","449,777998",,0,0,0,0,0
"106,464","438,320614","449,777998",,0,0,0,0,0
"106,465","434,320614","448,777998",,0,0,0,0,0
"106,466","436,320614","448,777998",,0,0,0,0,0
"106,467","436,320614","448,777998",,0,0,0,0,0
"106,468","436,320614","447,777998",,0,0,0,0,0
"106,469","437,320614","447,777998",,0,0,0,0,0
"106,47","436,320614","447,777998",,0,0,0,0,0
"106,471","435,320614","448,777998",,0,0,0,0,0
"106,472","437,320614","448,777998",,0,0,0,0,0
"106,473","434,320614","447,777998",,0,0,0,0,0
"106,474","437,320614","447,777998",,0,0,0,0,0
"106,475","438,320614","447,777998",,0,0,0,0,0
"106,476","435,320614","446,777998",,0,0,0,0,0
"106,477","436,320614","448,777998",,0,0,0,0,0
"106,478","436,320614","447,777998",,0,0,0,0,0
"106,479","438,320614","445,777998",,0,0,0,0,0
"106,48","437,320614","446,777998",,0,0,0,0,0
"106,481","437,320614","445,777998",,0,0,0,0,0
"106,482","438,320614","447,777998",,0,0,0,0,0
"106,483","436,320614","448,777998",,0,0,0,0,0
"106,484","436,320614","446,777998",,0,0,0,0,0
"106,485","436,320614","448,777998",,0,0,0,0,0
"106,486","437,320614","445,777998",,0,0,0,0,0
"106,487","437,320614","448,777998",,0,0,0,0,0
"106,488","438,320614","445,777998",,0,0,0,0,0
"106,489","438,320614","446,777998",,0,0,0,0,0
"106,49","437,320614","447,777998",,0,0,0,0,0
"106,491","437,320614","446,777998",,0,0,0,0,0
"106,492","436,320614","445,777998",,0,0,0,0,0
"106,493","435,320614","449,777998",,0,0,0,0,0
"106,494","435,320614","447,777998",,0,0,0,0,0
"106,495","436,320614","445,777998",,0,0,0,0,0
"106,496","437,320614","447,777998",,0,0,0,0,0
"106,497","435,320614","446,777998",,0,0,0,0,0
"106,498","436,320614","445,777998",,0,0,0,0,0
"106,499","436,320614","446,777998",,0,0,0,0,0
"106,5","434,320614","447,777998",,0,0,0,0,0
"106,501","437,320614","447,777998",,0,0,0,0,0
"106,502","441,320614","445,777998",,0,0,0,0,0
"106,503","437,320614","446,777998",,0,0,0,0,0
"106,504","436,320614","446,777998",,0,0,0,0,0
"106,505","438,320614","447,777998",,0,0,0,0,0
"106,506","437,320614","445,777998",,0,0,0,0,0
"106,507","438,320614","445,777998",,0,0,0,0,0
"106,508","436,320614","445,777998",,0,0,0,0,0
"106,509","437,320614","447,777998",,0,0,0,0,0
"106,51","437,320614","447,777998",,0,0,0,0,0
"106,511","437,320614","444,777998",,0,0,0,0,0
"106,512","438,320614","447,777998",,0,0,0,0,0
"106,513","437,320614","446,777998",,0,0,0,0,0
"106,514","437,320614","444,777998",,0,0,0,0,0
"106,515","438,320614","446,777998",,0,0,0,0,0
"106,516","438,320614","445,777998",,0,0,0,0,0
"106,517","437,320614","446,777998",,0,0,0,0,0
"106,518","435,320614","445,777998",,0,0,0,0,0
"106,519","436,320614","447,777998",,0,0,0,0,0
"106,52","439,320614","446,777998",,0,0,0,0,0
"106,521","439,320614","446,777998",,0,0,0,0,0
"106,522","436,320614","448,777998",,0,0,0,0,0
"106,523","439,320614","447,777998",,0,0,0,0,0
"106,524","438,320614","447,777998",,0,0,0,0,0
"106,525","438,320614","446,777998",,0,0,0,0,0
"106,526","439,320614","446,777998",,0,0,0,0,0
"106,527","439,320614","448,777998",,0,0,0,0,0
"106,528","436,320614","449,777998",,0,0,0,0,0
"106,529","438,320614","449,777998",,0,0,0,0,0
"106,53","438,320614","447,777998",,0,0,0,0,0
"106,531","440,320614","449,777998",,0,0,0,0,0
"106,532","438,320614","447,777998",,0,0,0,0,0
"106,533","440,320614","446,777998",,0,0,0,0,0
"106,534","439,320614","449,777998",,0,0,0,0,0
"106,535","439,320614","448,777998",,0,0,0,0,0
"106,536","438,320614","447,777998",,0,0,0,0,0
"106,537","438,320614","447,777998",,0,0,0,0,0
"106,538","439,320614","450,777998",,0,0,0,0,0
"106,539","439,320614","448,777998",,0,0,0,0,0
"106,54","439,320614","449,777998",,0,0,0,0,0
"106,541","437,320614","449,777998",,0,0,0,0,0
"106,542","438,320614","449,777998",,0,0,0,0,0
"106,543","439,320614","447,777998",,0,0,0,0,0
"106,544","438,320614","448,777998",,0,0,0,0,0
"106,545","440,320614","449,777998",,0,0,0,0,0
"106,546","438,320614","451,777998",,0,0,0,0,0
"106,547","438,320614","451,777998",,0,0,0,0,0
"106,548","439,320614","448,777998",,0,0,0,0,0
"106,549","437,320614","450,777998",,0,0,0,0,0
"106,55","438,320614","449,777998",,0,0,0,0,0
"106,551","438,320614","450,777998",,0,0,0,0,0
"106,552","437,320614","449,777998",,0,0,0,0,0
"106,553","438,320614","450,777998",,0,0,0,0,0
"106,554","439,320614","449,777998",,0,0,0,0,0
"106,555","440,320614","449,777998",,0,0,0,0,0
"106,556","439,320614","449,777998",,0,0,0,0,0
"106,557","436,320614","450,777998",,0,0,0,0,0
"106,558","439,320614","450,777998",,0,0,0,0,0
"106,559","436,320614","449,777998",,0,0,0,0,0
"106,56","439,320614","449,777998",,0,0,0,0,0
"106,561","438,320614","448,777998",,0,0,0,0,0
"106,562","438,320614","449,777998",,0,0,0,0,0
"106,563","438,320614","449,777998",,0,0,0,0,0
"106,564","436,320614","451,777998",,0,0,0,0,0
"106,565","440,320614","450,777998",,0,0,0,0,0
"106,566","438,320614","449,777998",,0,0,0,0,0
"106,567","439,320614","452,777998",,0,0,0,0,0
"106,568","436,320614","448,777998",,0,0,0,0,0
"106,569","439,320614","449,777998",,0,0,0,0,0
"106,57","436,320614","448,777998",,0,0,0,0,0
"106,571","441,320614","448,777998",,0,0,0,0,0
"106,572","437,320614","449,777998",,0,0,0,0,0
"106,573","438,320614","450,777998",,0,0,0,0,0
"106,574","439,320614","450,777998",,0,0,0,0,0
"106,575","438,320614","449,777998",,0,0,0,0,0
"106,576","440,320614","448,777998",,0,0,0,0,0
"106,577","439,320614","448,777998",,0,0,0,0,0
"106,578","440,320614","450,777998",,0,0,0,0,0
"106,579","439,320614","448,777998",,0,0,0,0,0
"106,58","440,320614","449,777998",,0,0,0,0,0
"106,581","440,320614","449,777998",,0,0,0,0,0
"106,582","440,320614","450,777998",,0,0,0,0,0
"106,583","442,320614","447,777998",,0,0,0,0,0
"106,584","439,320614","446,777998",,0,0,0,0,0
"106,585","439,320614","448,777998",,0,0,0,0,0
"106,586","438,320614","446,777998",,0,0,0,0,0
"106,587","441,320614","445,777998",,0,0,0,0,0
"106,588","440,320614","447,777998",,0,0,0,0,0
"106,589","440,320614","447,777998",,0,0,0,0,0
"106,59","438,320614","446,777998",,0,0,0,0,0
"106,591","440,320614","446,777998",,0,0,0,0,0
"106,592","442,320614","446,777998",,0,0,0,0,0
"106,593","441,320614","448,777998",,0,0,0,0,0
"106,594","440,320614","444,777998",,0,0,0,0,0
"106,595","441,320614","447,777998",,0,0,0,0,0
"106,596","441,320614","446,777998",,0,0,0,0,0
"106,597","442,320614","443,777998",,0,0,0,0,0
"106,598","441,320614","441,777998",,0,0,0,0,0
"106,599","441,320614","444,777998",,0,0,0,0,0
"106,6","440,320614","443,777998",,0,0,0,0,0
"106,601","442,320614","443,777998",,0,0,0,0,0
"106,602","441,320614","443,777998",,0,0,0,0,0
"106,603","442,320614","443,777998",,0,0,0,0,0
"106,604","444,320614","445,777998",,0,0,0,0,0
"106,605","440,320614","443,777998",,0,0,0,0,0
"106,606","441,320614","442,777998",,0,0,0,0,0
"106,607","440,320614","444,777998",,0,0,0,0,0
"106,608","441,320614","443,777998",,0,0,0,0,0
"106,609","442,320614","443,777998",,0,0,0,0,0
"106,61","443,320614","443,777998",,0,0,0,0,0
"106,611","442,320614","445,777998",,0,0,0,0,0
"106,612","440,320614","445,777998",,0,0,0,0,0
"106,613","443,320614","444,777998",,0,0,0,0,0
"106,614","441,320614","444,777998",,0,0,0,0,0
"106,615","443,320614","443,777998",,0,0,0,0,0
"106,616","442,320614","446,777998",,0,0,0,0,0
"106,617","443,320614","445,777998",,0,0,0,0,0
"106,618","442,320614","444,777998",,0,0,0,0,0
"106,619","442,320614","445,777998",,0,0,0,0,0
"106,62","441,320614","448,777998",,0,0,0,0,0
"106,621","442,320614","447,777998",,0,0,0,0,0
"106,622","443,320614","448,777998",,0,0,0,0,0
"106,623","443,320614","446,777998",,0,0,0,0,0
"106,624","441,320614","448,777998",,0,0,0,0,0
"106,625","441,320614","448,777998",,0,0,0,0,0
"106,626","442,320614","446,777998",,0,0,0,0,0
"106,627","444,320614","445,777998",,0,0,0,0,0
"106,628","442,320614","445,777998",,0,0,0,0,0
"106,629","442,320614","446,777998",,0,0,0,0,0
"106,63","440,320614","448,777998",,0,0,0,0,0
"106,631","443,320614","446,777998",,0,0,0,0,0
"106,632","442,320614","445,777998",,0,0,0,0,0
"106,633","441,320614","448,777998",,0,0,0,0,0
"106,634","441,320614","446,777998",,0,0,0,0,0
"106,635","442,320614","448,777998",,0,0,0,0,0
"106,636","441,320614","446,777998",,0,0,0,0,0
"106,637","439,320614","446,777998",,0,0,0,0,0
"106,638","441,320614","445,777998",,0,0,0,0,0
"106,639","440,320614","446,777998",,0,0,0,0,0
"106,64","441,320614","446,777998",,0,0,0,0,0
"106,641","442,320614","446,777998",,0,0,0,0,0
"106,642","439,320614","444,777998",,0,0,0,0,0
"106,643","441,320614","447,777998",,0,0,0,0,0
"106,644","442,320614","445,777998",,0,0,0,0,0
"106,645","441,320614","447,777998",,0,0,0,0,0
"106,646","440,320614","443,777998",,0,0,0,0,0
"106,647","442,320614","447,777998",,0,0,0,0,0
"106,648","441,320614","444,777998",,0,0,0,0,0
"106,649","442,320614","445,777998",,0,0,0,0,0
"106,65","441,320614","445,777998",,0,0,0,0,0
"106,651","442,320614","443,777998",,0,0,0,0,0
"106,652","444,320614","445,777998",,0,0,0,0,0
"106,653","442,320614","444,777998",,0,0,0,0,0
"106,654","443,320614","444,777998",,0,0,0,0,0
"106,655","445,320614","445,777998",,0,0,0,0,0
"106,656","444,320614","443,777998",,0,0,0,0,0
"106,657","443,320614","441,777998",,0,0,0,0,0
"106,658","442,320614","442,777998",,0,0,0,0,0
"106,659","444,320614","445,777998",,0,0,0,0,0
"106,66","442,320614","443,777998",,0,0,0,0,0
"106,661","446,320614","441,777998",,0,0,0,0,0
"106,662","441,320614","442,777998",,0,0,0,0,0
"106,663","444,320614","444,777998",,0,0,0,0,0
"106,664","442,320614","443,777998",,0,0,0,0,0
"106,665","443,320614","443,777998",,0,0,0,0,0
"106,666","445,320614","442,777998",,0,0,0,0,0
"106,667","444,320614","441,777998",,0,0,0,0,0
"106,668","444,320614","443,777998",,0,0,0,0,0
"106,669","444,320614","442,777998",,0,0,0,0,0
"106,67","443,320614","441,777998",,0,0,0,0,0
"106,671","444,320614","441,777998",,0,0,0,0,0
"106,672","444,320614","442,777998",,0,0,0,0,0
"106,673","442,320614","440,777998",,0,0,0,0,0
"106,674","442,320614","442,777998",,0,0,0,0,0
"106,675","443,320614","442,777998",,0,0,0,0,0
"106,676","445,320614","444,777998",,0,0,0,0,0
"106,677","444,320614","441,777998",,0,0,0,0,0
"106,678","443,320614","444,777998",,0,0,0,0,0
"106,679","443,320614","445,777998",,0,0,0,0,0
"106,68","442,320614","443,777998",,0,0,0,0,0
"106,681","442,320614","442,777998",,0,0,0,0,0
"106,682","442,320614","443,777998",,0,0,0,0,0
"106,683","443,320614","442,777998",,0,0,0,0,0
"106,684","440,320614","441,777998",,0,0,0,0,0
"106,685","441,320614","443,777998",,0,0,0,0,0
"106,686","440,320614","442,777998",,0,0,0,0,0
"106,687","441,320614","444,777998",,0,0,0,0,0
"106,688","443,320614","442,777998",,0,0,0,0,0
"106,689","440,320614","441,777998",,0,0,0,0,0
"106,69","441,320614","442,777998",,0,0,0,0,0
"106,691","442,320614","443,777998",,0,0,0,0,0
"106,692","440,320614","444,777998",,0,0,0,0,0
"106,693","440,320614","444,777998",,0,0,0,0,0
"106,694","441,320614","443,777998",,0,0,0,0,0
"106,695","439,320614","442,777998",,0,0,0,0,0
"106,696","440,320614","445,777998",,0,0,0,0,0
"106,697","442,320614","444,777998",,0,0,0,0,0
"106,698","440,320614","442,777998",,0,0,0,0,0
"106,699","440,320614","446,777998",,0,0,0,0,0
"106,7","440,320614","448,777998",,0,0,0,0,0
"106,701","439,320614","445,777998",,0,0,0,0,0
"106,702","438,320614","446,777998",,0,0,0,0,0
"106,703","440,320614","446,777998",,0,0,0,0,0
"106,704","440,320614","445,777998",,0,0,0,0,0
"106,705","442,320614","447,777998",,0,0,0,0,0
"106,706","440,320614","445,777998",,0,0,0,0,0
"106,707","439,320614","447,777998",,0,0,0,0,0
"106,708","439,320614","444,777998",,0,0,0,0,0
"106,709","439,320614","446,777998",,0,0,0,0,0
"106,71","441,320614","447,777998",,0,0,0,0,0
"106,711","441,320614","446,777998",,0,0,0,0,0
"106,712","442,320614","448,777998",,0,0,0,0,0
"106,713","439,320614","446,777998",,0,0,0,0,0
"106,714","438,320614","447,777998",,0,0,0,0,0
"106,715","442,320614","448,777998",,0,0,0,0,0
"106,716","439,320614","447,777998",,0,0,0,0,0
"106,717","442,320614","447,777998",,0,0,0,0,0
"106,718","443,320614","444,777998",,0,0,0,0,0
"106,719","441,320614","448,777998",,0,0,0,0,0
"106,72","441,320614","448,777998",,0,0,0,0,0
"106,721","441,320614","448,777998",,0,0,0,0,0
"106,722","444,320614","449,777998",,0,0,0,0,0
"106,723","442,320614","447,777998",,0,0,0,0,0
"106,724","442,320614","447,777998",,0,0,0,0,0
"106,725","441,320614","445,777998",,0,0,0,0,0
"106,726","445,320614","449,777998",,0,0,0,0,0
"106,727","443,320614","448,777998",,0,0,0,0,0
"106,728","444,320614","444,777998",,0,0,0,0,0
"106,729","443,320614","446,777998",,0,0,0,0,0
"106,73","444,320614","445,777998",,0,0,0,0,0
"106,731","445,320614","448,777998",,0,0,0,0,0
"106,732","443,320614","446,777998",,0,0,0,0,0
"106,733","444,320614","447,777998",,0,0,0,0,0
"106,734","445,320614","447,777998",,0,0,0,0,0
"106,735","443,320614","446,777998",,0,0,0,0,0
"106,736","443,320614","447,777998",,0,0,0,0,0
"106,737","442,320614","445,777998",,0,0,0,0,0
"106,738","444,320614","450,777998",,0,0,0,0,0
"106,739","445,320614","447,777998",,0,0,0,0,0
"106,74","446,320614","448,777998",,0,0,0,0,0
"106,741","442,320614","447,777998",,0,0,0,0,0
"106,742","443,320614","446,777998",,0,0,0,0,0
"106,743","443,320614","444,777998",,0,0,0,0,0
"106,744","444,320614","446,777998",,0,0,0,0,0
"106,745","443,320614","447,777998",,0,0,0,0,0
"106,746","444,320614","445,777998",,0,0,0,0,0
"106,747","443,320614","444,777998",,0,0,0,0,0
"106,748","445,320614","444,777998",,0,0,0,0,0
"106,749","443,320614","447,777998",,0,0,0,0,0
"106,75","444,320614","446,777998",,0,0,0,0,0
"106,751","444,320614","446,777998",,0,0,0,0,0
"106,752","443,320614","445,777998",,0,0,0,0,0
"106,753","445,320614","448,777998",,0,0,0,0,0
"106,754","444,320614","447,777998",,0,0,0,0,0
"106,755","445,320614","447,777998",,0,0,0,0,0
"106,756","446,320614","446,777998",,0,0,0,0,0
"106,757","443,320614","446,777998",,0,0,0,0,0
"106,758","445,320614","446,777998",,0,0,0,0,0
"106,759","443,320614","445,777998",,0,0,0,0,0
"106,76","443,320614","447,777998",,0,0,0,0,0
"106,761","445,320614","443,777998",,0,0,0,0,0
"106,762","444,320614","444,777998",,0,0,0,0,0
"106,763","446,320614","445,777998",,0,0,0,0,0
"106,764","444,320614","444,777998",,0,0,0,0,0
"106,765","445,320614","443,777998",,0,0,0,0,0
"106,766","444,320614","446,777998",,0,0,0,0,0
"106,767","445,320614","444,777998",,0,0,0,0,0
"106,768","444,320614","445,777998",,0,0,0,0,0
"106,769","441,320614","447,777998",,0,0,0,0,0
"106,77","444,320614","445,777998",,0,0,0,0,0
"106,771","444,320614","446,777998",,0,0,0,0,0
"106,772","446,320614","443,777998",,0,0,0,0,0
"106,773","447,320614","445,777998",,0,0,0,0,0
"106,774","444,320614","446,777998",,0,0,0,0,0
"106,775","445,320614","446,777998",,0,0,0,0,0
"106,776","446,320614","445,777998",,0,0,0,0,0
"106,777","446,320614","447,777998",,0,0,0,0,0
"106,778","445,320614","444,777998",,0,0,0,0,0
"106,779","446,320614","445,777998",,0,0,0,0,0
"106,78","447,320614","446,777998",,0,0,0,0,0
"106,781","445,320614","445,777998",,0,0,0,0,0
"106,782","447,320614","445,777998",,0,0,0,0,0
"106,783","446,320614","444,777998",,0,0,0,0,0
"106,784","444,320614","444,777998",,0,0,0,0,0
"106,785","445,320614","444,777998",,0,0,0,0,0
"106,786","445,320614","445,777998",,0,0,0,0,0
"106,787","445,320614","443,777998",,0,0,0,0,0
"106,788","444,320614","443,777998",,0,0,0,0,0
"106,789","444,320614","444,777998",,0,0,0,0,0
"106,79","445,320614","442,777998",,0,0,0,0,0
"106,791","445,320614","443,777998",,0,0,0,0,0
"106,792","444,320614","443,777998",,0,0,0,0,0
"106,793","445,320614","443,777998",,0,0,0,0,0
"106,794","445,320614","444,777998",,0,0,0,0,0
"106,795","445,320614","443,777998",,0,0,0,0,0
"106,796","445,320614","442,777998",,0,0,0,0,0
"106,797","443,320614","441,777998",,0,0,0,0,0
"106,798","444,320614","442,777998",,0,0,0,0,0
"106,799","440,320614","441,777998",,0,0,0,0,0
"106,8","442,320614","444,777998",,0,0,0,0,0
"106,801","442,320614","445,777998",,0,0,0,0,0
"106,802","444,320614","444,777998",,0,0,0,0,0
"106,803","442,320614","442,777998",,0,0,0,0,0
"106,804","442,320614","444,777998",,0,0,0,0,0
"106,805","441,320614","442,777998",,0,0,0,0,0
"106,806","442,320614","445,777998",,0,0,0,0,0
"106,807","440,320614","443,777998",,0,0,0,0,0
"106,808","440,320614","442,777998",,0,0,0,0,0
"106,809","440,320614","444,777998",,0,0,0,0,0
"106,81","440,320614","442,777998",,0,0,0,0,0
"106,811","441,320614","443,777998",,0,0,0,0,0
"106,812","441,320614","442,777998",,0,0,0,0,0
"106,813","440,320614","442,777998",,0,0,0,0,0
"106,814","442,320614","443,777998",,0,0,0,0,0
"106,815","440,320614","441,777998",,0,0,0,0,0
"106,816","441,320614","442,777998",,0,0,0,0,0
"106,817","440,320614","442,777998",,0,0,0,0,0
"106,818","442,320614","441,777998",,0,0,0,0,0
"106,819","439,320614","443,777998",,0,0,0,0,0
"106,82","443,320614","443,777998",,0,0,0,0,0
"106,821","440,320614","441,777998",,0,0,0,0,0
"106,822","440,320614","441,777998",,0,0,0,0,0
"106,823","439,320614","441,777998",,0,0,0,0,0
"106,824","439,320614","442,777998",,0,0,0,0,0
"106,825","438,320614","444,777998",,0,0,0,0,0
"106,826","440,320614","441,777998",,0,0,0,0,0
"106,827","441,320614","439,777998",,0,0,0,0,0
"106,828","440,320614","442,777998",,0,0,0,0,0
"106,829","440,320614","442,777998",,0,0,0,0,0
"106,83","440,320614","440,777998",,0,0,0,0,0
"106,831","441,320614","442,777998",,0,0,0,0,0
"106,832","440,320614","442,777998",,0,0,0,0,0
"106,833","440,320614","441,777998",,0,0,0,0,0
"106,834","440,320614","441,777998",,0,0,0,0,0
"106,835","440,320614","441,777998",,0,0,0,0,0
"106,836","439,320614","441,777998",,0,0,0,0,0
"106,837","440,320614","438,777998",,0,0,0,0,0
"106,838","440,320614","438,777998",,0,0,0,0,0
"106,839","438,320614","442,777998",,0,0,0,0,0
"106,84","439,320614","441,777998",,0,0,0,0,0
"106,841","439,320614","438,777998",,0,0,0,0,0
"106,842","438,320614","440,777998",,0,0,0,0,0
"106,843","441,320614","441,777998",,0,0,0,0,0
"106,844","440,320614","440,777998",,0,0,0,0,0
"106,845","438,320614","438,777998",,0,0,0,0,0
"106,846","439,320614","438,777998",,0,0,0,0,0
"106,847","439,320614","438,777998",,0,0,0,0,0
"106,848","439,320614","442,777998",,0,0,0,0,0
"106,849","439,320614","439,777998",,0,0,0,0,0
"106,85","441,320614","442,777998",,0,0,0,0,0
"106,851","438,320614","438,777998",,0,0,0,0,0
"106,852","440,320614","439,777998",,0,0,0,0,0
"106,853","440,320614","441,777998",,0,0,0,0,0
"106,854","439,320614","438,777998",,0,0,0,0,0
"106,855","439,320614","440,777998",,0,0,0,0,0
"106,856","439,320614","440,777998",,0,0,0,0,0
"106,857","441,320614","439,777998",,0,0,0,0,0
"106,858","440,320614","440,777998",,0,0,0,0,0
"106,859","441,320614","440,777998",,0,0,0,0,0
"106,86","439,320614","438,777998",,0,0,0,0,0
"106,861","440,320614","439,777998",,0,0,0,0,0
"106,862","439,320614","438,777998",,0,0,0,0,0
"106,863","439,320614","438,777998",,0,0,0,0,0
"106,864","440,320614","438,777998",,0,0,0,0,0
"106,865","441,320614","440,777998",,0,0,0,0,0
"106,866","441,320614","438,777998",,0,0,0,0,0
"106,867","441,320614","441,777998",,0,0,0,0,0
"106,868","441,320614","439,777998",,0,0,0,0,0
"106,869","441,320614","439,777998",,0,0,0,0,0
"106,87","441,320614","440,777998",,0,0,0,0,0
"106,871","442,320614","441,777998",,0,0,0,0,0
"106,872","443,320614","439,777998",,0,0,0,0,0
"106,873","444,320614","439,777998",,0,0,0,0,0
"106,874","444,320614","440,777998",,0,0,0,0,0
"106,875","442,320614","441,777998",,0,0,0,0,0
"106,876","443,320614","441,777998",,0,0,0,0,0
"106,877","445,320614","439,777998",,0,0,0,0,0
"106,878","443,320614","440,777998",,0,0,0,0,0
"106,879","444,320614","442,777998",,0,0,0,0,0
"106,88","441,320614","440,777998",,0,0,0,0,0
"106,881","444,320614","441,777998",,0,0,0,0,0
"106,882","442,320614","439,777998",,0,0,0,0,0
"106,883","444,320614","440,777998",,0,0,0,0,0
"106,884","442,320614","440,777998",,0,0,0,0,0
"106,885","445,320614","440,777998",,0,0,0,0,0
"106,886","443,320614","438,777998",,0,0,0,0,0
"106,887","441,320614","440,777998",,0,0,0,0,0
"106,888","444,320614","437,777998",,0,0,0,0,0
"106,889","445,320614","441,777998",,0,0,0,0,0
"106,89","443,320614","438,777998",,0,0,0,0,0
"106,891","444,320614","439,777998",,0,0,0,0,0
"106,892","446,320614","439,777998",,0,0,0,0,0
"106,893","445,320614","439,777998",,0,0,0,0,0
"106,894","445,320614","434,777998",,0,0,0,0,0
"106,895","444,320614","439,777998",,0,0,0,0,0
"106,896","444,320614","438,777998",,0,0,0,0,0
"106,897","444,320614","439,777998",,0,0,0,0,0
"106,898","445,320614","436,777998",,0,0,0,0,0
"106,899","442,320614","436,777998",,0,0,0,0,0
"106,9","444,320614","436,777998",,0,0,0,0,0
"106,901","446,320614","436,777998",,0,0,0,0,0
"106,902","445,320614","437,777998",,0,0,0,0,0
"106,903","445,320614","437,777998",,0,0,0,0,0
"106,904","446,320614","437,777998",,0,0,0,0,0
"106,905","445,320614","437,777998",,0,0,0,0,0
"106,906","446,320614","433,777998",,0,0,0,0,0
"106,907","448,320614","438,777998",,0,0,0,0,0
"106,908","446,320614","435,777998",,0,0,0,0,0
"106,909","447,320614","438,777998",,0,0,0,0,0
"106,91","447,320614","436,777998",,0,0,0,0,0
"106,911","447,320614","436,777998",,0,0,0,0,0
"106,912","446,320614","434,777998",,0,0,0,0,0
"106,913","445,320614","433,777998",,0,0,0,0,0
"106,914","448,320614","436,777998",,0,0,0,0,0
"106,915","446,320614","434,777998",,0,0,0,0,0
"106,916","447,320614","437,777998",,0,0,0,0,0
"106,917","447,320614","436,777998",,0,0,0,0,0
"106,918","445,320614","434,777998",,0,0,0,0,0
"106,919","447,320614","433,777998",,0,0,0,0,0
"106,92","444,320614","432,777998",,0,0,0,0,0
"106,921","447,320614","431,777998",,0,0,0,0,0
"106,922","448,320614","432,777998",,0,0,0,0,0
"106,923","449,320614","434,777998",,0,0,0,0,0
"106,924","448,320614","434,777998",,0,0,0,0,0
"106,925","446,320614","432,777998",,0,0,0,0,0
"106,926","447,320614","433,777998",,0,0,0,0,0
"106,927","447,320614","432,777998",,0,0,0,0,0
"106,928","446,320614","433,777998",,0,0,0,0,0
"106,929","446,320614","433,777998",,0,0,0,0,0
"106,93","445,320614","433,777998",,0,0,0,0,0
"106,931","446,320614","433,777998",,0,0,0,0,0
"106,932","447,320614","434,777998",,0,0,0,0,0
"106,933","449,320614","434,777998",,0,0,0,0,0
"106,934","445,320614","433,777998",,0,0,0,0,0
"106,935","445,320614","433,777998",,0,0,0,0,0
"106,936","447,320614","432,777998",,0,0,0,0,0
"106,937","447,320614","433,777998",,0,0,0,0,0
"106,938","446,320614","433,777998",,0,0,0,0,0
"106,939","446,320614","434,777998",,0,0,0,0,0
"106,94","447,320614","431,777998",,0,0,0,0,0
"106,941","444,320614","432,777998",,0,0,0,0,0
"106,942","447,320614","434,777998",,0,0,0,0,0
"106,943","447,320614","433,777998",,0,0,0,0,0
"106,944","447,320614","433,777998",,0,0,0,0,0
"106,945","445,320614","432,777998",,0,0,0,0,0
"106,946","447,320614","433,777998",,0,0,0,0,0
"106,947","447,320614","433,777998",,0,0,0,0,0
"106,948","448,320614","435,777998",,0,0,0,0,0
"106,949","446,320614","432,777998",,0,0,0,0,0
"106,95","447,320614","434,777998",,0,0,0,0,0
"106,951","447,320614","434,777998",,0,0,0,0,0
"106,952","448,320614","435,777998",,0,0,0,0,0
"106,953","446,320614","435,777998",,0,0,0,0,0
"106,954","448,320614","434,777998",,0,0,0,0,0
"106,955","448,320614","436,777998",,0,0,0,0,0
"106,956","447,320614","436,777998",,0,0,0,0,0
"106,957","449,320614","437,777998",,0,0,0,0,0
"106,958","446,320614","433,777998",,0,0,0,0,0
"106,959","448,320614","437,777998",,0,0,0,0,0
"106,96","450,320614","435,777998",,0,0,0,0,0
"106,961","448,320614","437,777998",,0,0,0,0,0
"106,962","449,320614","434,777998",,0,0,0,0,0
"106,963","449,320614","437,777998",,0,0,0,0,0
"106,964","450,320614","436,777998",,0,0,0,0,0
"106,965","449,320614","437,777998",,0,0,0,0,0
"106,966","449,320614","436,777998",,0,0,0,0,0
"106,967","446,320614","436,777998",,0,0,0,0,0
"106,968","448,320614","436,777998",,0,0,0,0,0
"106,969","450,320614","437,777998",,0,0,0,0,0
"106,97","447,320614","435,777998",,0,0,0,0,0
"106,971","447,320614","436,777998",,0,0,0,0,0
"106,972","448,320614","435,777998",,0,0,0,0,0
"106,973","448,320614","435,777998",,0,0,0,0,0
"106,974","447,320614","436,777998",,0,0,0,0,0
"106,975","447,320614","436,777998",,0,0,0,0,0
"106,976","446,320614","434,777998",,0,0,0,0,0
"106,977","447,320614","435,777998",,0,0,0,0,0
"106,978","446,320614","436,777998",,0,0,0,0,0
"106,979","447,320614","435,777998",,0,0,0,0,0
"106,98","448,320614","436,777998",,0,0,0,0,0
"106,981","447,320614","435,777998",,0,0,0,0,0
"106,982","445,320614","435,777998",,0,0,0,0,0
"106,983","448,320614","435,777998",,0,0,0,0,0
"106,984","446,320614","434,777998",,0,0,0,0,0
"106,985","447,320614","434,777998",,0,0,0,0,0
"106,986","447,320614","435,777998",,0,0,0,0,0
"106,987","445,320614","434,777998",,0,0,0,0,0
"106,988","446,320614","433,777998",,0,0,0,0,0
"106,989","446,320614","432,777998",,0,0,0,0,0
"106,99","445,320614","435,777998",,0,0,0,0,0
"106,991","446,320614","433,777998",,0,0,0,0,0
"106,992","445,320614","430,777998",,0,0,0,0,0
"106,993","445,320614","430,777998",,0,0,0,0,0
"106,994","447,320614","434,777998",,0,0,0,0,0
"106,995","446,320614","431,777998",,0,0,0,0,0
"106,996","444,320614","430,777998",,0,0,0,0,0
"106,997","444,320614","432,777998",,0,0,0,0,0
"106,998","444,320614","431,777998",,0,0,0,0,0
"106,999","444,320614","430,777998",,0,0,0,0,0
107,"445,320614","430,777998",,0,0,0,0,0
"107,001","444,320614","429,777998",,0,0,0,0,0
"107,002","444,320614","430,777998",,0,0,0,0,0
"107,003","443,320614","431,777998",,0,0,0,0,0
"107,004","444,320614","429,777998",,0,0,0,0,0
"107,005","447,320614","430,777998",,0,0,0,0,0
"107,006","446,320614","432,777998",,0,0,0,0,0
"107,007","445,320614","429,777998",,0,0,0,0,0
"107,008","446,320614","430,777998",,0,0,0,0,0
"107,009","444,320614","428,777998",,0,0,0,0,0
"107,01","445,320614","431,777998",,0,0,0,0,0
"107,011","444,320614","429,777998",,0,0,0,0,0
"107,012","446,320614","430,777998",,0,0,0,0,0
"107,013","446,320614","431,777998",,0,0,0,0,0
"107,014","448,320614","428,777998",,0,0,0,0,0
"107,015","447,320614","431,777998",,0,0,0,0,0
"107,016","448,320614","431,777998",,0,0,0,0,0
"107,017","447,320614","431,777998",,0,0,0,0,0
"107,018","448,320614","431,777998",,0,0,0,0,0
"107,019","445,320614","430,777998",,0,0,0,0,0
"107,02","449,320614","429,777998",,0,0,0,0,0
"107,021","447,320614","433,777998",,0,0,0,0,0
"107,022","447,320614","429,777998",,0,0,0,0,0
"107,023","446,320614","431,777998",,0,0,0,0,0
"107,024","447,320614","429,777998",,0,0,0,0,0
"107,025","449,320614","429,777998",,0,0,0,0,0
"107,026","448,320614","428,777998",,0,0,0,0,0
"107,027","447,320614","430,777998",,0,0,0,0,0
"107,028","448,320614","430,777998",,0,0,0,0,0
"107,029","447,320614","428,777998",,0,0,0,0,0
"107,03","449,320614","429,777998",,0,0,0,0,0
"107,031","449,320614","429,777998",,0,0,0,0,0
"107,032","447,320614","430,777998",,0,0,0,0,0
"107,033","447,320614","430,777998",,0,0,0,0,0
"107,034","448,320614","427,777998",,0,0,0,0,0
"107,035","448,320614","427,777998",,0,0,0,0,0
"107,036","448,320614","426,777998",,0,0,0,0,0
"107,037","446,320614","430,777998",,0,0,0,0,0
"107,038","445,320614","427,777998",,0,0,0,0,0
"107,039","447,320614","429,777998",,0,0,0,0,0
"107,04","449,320614","428,777998",,0,0,0,0,0
"107,041","448,320614","425,777998",,0,0,0,0,0
"107,042","447,320614","430,777998",,0,0,0,0,0
"107,043","446,320614","429,777998",,0,0,0,0,0
"107,044","446,320614","426,777998",,0,0,0,0,0
"107,045","447,320614","427,777998",,0,0,0,0,0
"107,046","447,320614","427,777998",,0,0,0,0,0
"107,047","445,320614","428,777998",,0,0,0,0,0
"107,048","447,320614","428,777998",,0,0,0,0,0
"107,049","445,320614","425,777998",,0,0,0,0,0
"107,05","445,320614","427,777998",,0,0,0,0,0
"107,051","444,320614","428,777998",,0,0,0,0,0
"107,052","443,320614","427,777998",,0,0,0,0,0
"107,053","446,320614","426,777998",,0,0,0,0,0
"107,054","445,320614","423,777998",,0,0,0,0,0
"107,055","444,320614","425,777998",,0,0,0,0,0
"107,056","443,320614","426,777998",,0,0,0,0,0
"107,057","444,320614","425,777998",,0,0,0,0,0
"107,058","445,320614","426,777998",,0,0,0,0,0
"107,059","443,320614","423,777998",,0,0,0,0,0
"107,06","443,320614","425,777998",,"-0,20229",0,0,0,0
"107,061","442,320614","423,777998",,"-0,23544","-0,00022",0,"0,18956","-0,01981"
"107,062","440,320614","424,777998",,"-0,24649","-0,00046",0,"0,3978","-0,04161"
"107,063","441,320614","422,777998",,"-0,25754","-0,00071",0,"0,61511","-0,06442"
"107,064","441,320614","424,777998",,"-0,23544","-0,00096",0,"0,83002","-0,08672"
"107,065","439,320614","422,777998",,"-0,27965","-0,00122",0,"1,04822","-0,11003"
"107,066","441,320614","421,777998",,"-0,26859","-0,00149",0,"1,28602","-0,13483"
"107,067","441,320614","420,777998",,"-0,27965","-0,00176",-1E-05,"1,52085","-0,15964"
"107,068","441,320614","421,777998",,"-0,26859","-0,00204",-1E-05,"1,75921","-0,18444"
"107,069","440,320614","421,777998",,"-0,27965","-0,00231",-1E-05,"1,99349","-0,20925"
"107,07","439,320614","421,777998",,"-0,2907","-0,0026",-1E-05,"2,23674","-0,23505"
"107,071","440,320614","419,777998",,"-0,30175","-0,00289",-2E-05,"2,48892","-0,26186"
"107,072","439,320614","419,777998",,"-0,3128","-0,0032",-2E-05,"2,75001","-0,28966"
"107,073","439,320614","419,777998",,"-0,3128","-0,00351",-2E-05,"3,01873","-0,31797"
"107,074","438,320614","418,777998",,"-0,3349","-0,00384",-3E-05,"3,28927","-0,34727"
"107,075","435,320614","417,777998",,"-0,3791","-0,00419",-3E-05,"3,57848","-0,37958"
"107,076","439,320614","417,777998",,"-0,3349","-0,00455",-3E-05,"3,90125","-0,41188"
"107,077","440,320614","419,777998",,"-0,30175","-0,00487",-4E-05,"4,18869","-0,44069"
"107,078","438,320614","415,777998",,"-0,36805","-0,0052",-4E-05,"4,44551","-0,47099"
"107,079","437,320614","417,777998",,"-0,357","-0,00557",-5E-05,"4,76071","-0,5038"
"107,08","437,320614","417,777998",,"-0,357","-0,00592",-5E-05,"5,06598","-0,5361"
"107,081","435,320614","417,777998",,"-0,3791","-0,00629",-6E-05,"5,36812","-0,56941"
"107,082","436,320614","416,777998",,"-0,3791","-0,00667",-7E-05,"5,69153","-0,60371"
"107,083","436,320614","414,777998",,"-0,40121","-0,00706",-7E-05,"6,01025","-0,63902"
"107,084","437,320614","415,777998",,"-0,3791","-0,00745",-8E-05,"6,35722","-0,67432"
"107,085","438,320614","416,777998",,"-0,357","-0,00782",-9E-05,"6,68684","-0,70763"
"107,086","435,320614","416,777998",,"-0,39016","-0,00819","-0,0001","6,98171","-0,74143"
"107,087","437,320614","414,777998",,"-0,39016","-0,00858","-0,00011","7,31416","-0,77674"
"107,088","437,320614","415,777998",,"-0,3791","-0,00897","-0,00011","7,65087","-0,81154"
"107,089","437,320614","416,777998",,"-0,36805","-0,00934","-0,00012","7,97891","-0,84535"
"107,09","436,320614","413,777998",,"-0,41226","-0,00973","-0,00013","8,27321","-0,88065"
"107,091","437,320614","414,777998",,"-0,39016","-0,01013","-0,00014","8,63454","-0,91696"
"107,092","436,320614","416,777998",,"-0,3791","-0,01052","-0,00015","8,97281","-0,95176"
"107,093","438,320614","415,777998",,"-0,36805","-0,01089","-0,00016","9,3024","-0,98557"
"107,094","435,320614","410,777998",,"-0,45646","-0,0113","-0,00017","9,56407","-1,02287"
"107,095","437,320614","412,777998",,"-0,41226","-0,01174","-0,00019","9,97854","-1,06218"
"107,096","437,320614","411,777998",,"-0,42331","-0,01216","-0,0002","10,32154","-1,09999"
"107,097","438,320614","412,777998",,"-0,40121","-0,01257","-0,00021","10,69672","-1,13729"
"107,098","436,320614","412,777998",,"-0,42331","-0,01298","-0,00022","11,02163","-1,1746"
"107,099","437,320614","414,777998",,"-0,39016","-0,01339","-0,00024","11,40715","-1,2114"
"107,1","439,320614","412,777998",,"-0,39016","-0,01378","-0,00025","11,7396","-1,24671"
"107,101","438,320614","415,777998",,"-0,36805","-0,01416","-0,00026","12,09095","-1,28101"
"107,102","437,320614","410,777998",,"-0,43436","-0,01456","-0,00028","12,34627","-1,31732"
"107,103","438,320614","413,777998",,"-0,39016","-0,01497","-0,00029","12,75578","-1,35462"
"107,104","439,320614","412,777998",,"-0,39016","-0,01536","-0,00031","13,08824","-1,38993"
"107,105","438,320614","410,777998",,"-0,42331","-0,01577","-0,00032","13,38751","-1,42673"
"107,106","436,320614","411,777998",,"-0,43436","-0,0162","-0,00034","13,73544","-1,46554"
"107,107","440,320614","411,777998",,"-0,39016","-0,01661","-0,00036","14,1515","-1,50284"
"107,108","439,320614","412,777998",,"-0,39016","-0,017","-0,00037","14,48395","-1,53815"
"107,109","439,320614","410,777998",,"-0,41226","-0,0174","-0,00039","14,79102","-1,57445"
"107,11","441,320614","408,777998",,"-0,41226","-0,01781","-0,00041","15,14148","-1,61176"
"107,111","441,320614","409,777998",,"-0,40121","-0,01822","-0,00043","15,50546","-1,64856"
"107,112","441,320614","409,777998",,"-0,40121","-0,01862","-0,00044","15,84693","-1,68487"
"107,113","439,320614","409,777998",,"-0,42331","-0,01903","-0,00046","16,15974","-1,72217"
"107,114","441,320614","409,777998",,"-0,40121","-0,01944","-0,00048","16,54867","-1,75948"
"107,115","439,320614","409,777998",,"-0,42331","-0,01986","-0,0005","16,85983","-1,79678"
"107,116","441,320614","410,777998",,"-0,39016","-0,02026","-0,00052","17,26597","-1,83359"
"107,117","440,320614","409,777998",,"-0,41226","-0,02066","-0,00054","17,56651","-1,86989"
"107,118","443,320614","409,777998",,"-0,3791","-0,02106","-0,00056","17,96606","-1,9057"
"107,119","439,320614","409,777998",,"-0,42331","-0,02146","-0,00058","18,22248","-1,942"
"107,12","441,320614","411,777998",,"-0,3791","-0,02186","-0,00061","18,6506","-1,97831"
"107,121","442,320614","409,777998",,"-0,39016","-0,02225","-0,00063","18,95648","-2,01311"
"107,122","440,320614","409,777998",,"-0,41226","-0,02265","-0,00065","19,25305","-2,04942"
"107,123","439,320614","410,777998",,"-0,41226","-0,02306","-0,00067","19,60351","-2,08672"
"107,124","438,320614","411,777998",,"-0,41226","-0,02347","-0,0007","19,95397","-2,12403"
"107,125","438,320614","411,777998",,"-0,41226","-0,02388","-0,00072","20,30443","-2,16133"
"107,126","439,320614","411,777998",,"-0,40121","-0,02429","-0,00074","20,67448","-2,19814"
"107,127","438,320614","413,777998",,"-0,39016","-0,02469","-0,00077","21,03593","-2,23394"
"107,128","439,320614","414,777998",,"-0,36805","-0,02507","-0,00079","21,4091","-2,26825"
"107,129","436,320614","410,777998",,"-0,44541","-0,02547","-0,00082","21,57817","-2,30506"
"107,13","438,320614","411,777998",,"-0,41226","-0,0259","-0,00085","22,01914","-2,34386"
"107,131","436,320614","410,777998",,"-0,44541","-0,02633","-0,00087","22,3047","-2,38267"
"107,132","439,320614","413,777998",,"-0,3791","-0,02674","-0,0009","22,81438","-2,41997"
"107,133","439,320614","413,777998",,"-0,3791","-0,02712","-0,00092","23,1378","-2,45428"
"107,134","440,320614","413,777998",,"-0,36805","-0,0275","-0,00095","23,48399","-2,48808"
"107,135","437,320614","411,777998",,"-0,42331","-0,02789","-0,00098","23,68249","-2,52389"
"107,136","438,320614","413,777998",,"-0,39016","-0,0283","-0,00101","24,11273","-2,56069"
"107,137","437,320614","410,777998",,"-0,43436","-0,02871","-0,00104","24,34918","-2,598"
"107,138","439,320614","412,777998",,"-0,39016","-0,02912","-0,00107","24,8153","-2,6353"
"107,139","438,320614","411,777998",,"-0,41226","-0,02952","-0,00109","25,09812","-2,67161"
"107,14","441,320614","412,777998",,"-0,36805","-0,02991","-0,00112","25,54945","-2,70691"
"107,141","438,320614","410,777998",,"-0,42331","-0,03031","-0,00115","25,73585","-2,74272"
"107,142","441,320614","412,777998",,"-0,36805","-0,03071","-0,00118","26,22535","-2,77852"
"107,143","440,320614","411,777998",,"-0,39016","-0,03108","-0,00122","26,48697","-2,81283"
"107,144","437,320614","408,777998",,"-0,45646","-0,03151","-0,00125","26,65863","-2,85113"
"107,145","440,320614","411,777998",,"-0,39016","-0,03193","-0,00128","27,20837","-2,88944"
"107,146","439,320614","412,777998",,"-0,39016","-0,03232","-0,00131","27,54082","-2,92474"
"107,147","439,320614","412,777998",,"-0,39016","-0,03271","-0,00134","27,87327","-2,96005"
"107,148","439,320614","410,777998",,"-0,41226","-0,03311","-0,00138","28,14892","-2,99635"
"107,149","438,320614","408,777998",,"-0,44541","-0,03354","-0,00141","28,41284","-3,03516"
"107,15","438,320614","410,777998",,"-0,42331","-0,03398","-0,00144","28,84874","-3,07446"
"107,151","438,320614","410,777998",,"-0,42331","-0,0344","-0,00148","29,20817","-3,11277"
"107,152","439,320614","412,777998",,"-0,39016","-0,03481","-0,00151","29,65794","-3,14957"
"107,153","440,320614","410,777998",,"-0,40121","-0,0352","-0,00155","29,9599","-3,18538"
"107,154","438,320614","410,777998",,"-0,42331","-0,03561","-0,00158","30,23954","-3,22268"
"107,155","439,320614","412,777998",,"-0,39016","-0,03602","-0,00162","30,69296","-3,25949"
"107,156","438,320614","411,777998",,"-0,41226","-0,03642","-0,00165","30,96198","-3,29579"
"107,157","437,320614","411,777998",,"-0,42331","-0,03684","-0,00169","31,2803","-3,3336"
"107,158","440,320614","410,777998",,"-0,40121","-0,03725","-0,00173","31,70485","-3,3709"
"107,159","436,320614","411,777998",,"-0,43436","-0,03767","-0,00177","31,94742","-3,40871"
"107,16","437,320614","409,777998",,"-0,44541","-0,03811","-0,0018","32,28237","-3,44851"
"107,161","436,320614","410,777998",,"-0,44541","-0,03855","-0,00184","32,65968","-3,48882"
"107,162","440,320614","409,777998",,"-0,41226","-0,03898","-0,00188","33,13989","-3,52762"
"107,163","437,320614","409,777998",,"-0,44541","-0,03941","-0,00192","33,38621","-3,56643"
"107,164","439,320614","412,777998",,"-0,39016","-0,03983","-0,00196","33,93926","-3,60424"
"107,165","438,320614","411,777998",,"-0,41226","-0,04023","-0,002","34,20067","-3,64054"
"107,166","438,320614","409,777998",,"-0,43436","-0,04065","-0,00204","34,47921","-3,67885"
"107,167","439,320614","407,777998",,"-0,44541","-0,04109","-0,00208","34,81118","-3,71865"
"107,168","438,320614","407,777998",,"-0,45646","-0,04155","-0,00212","35,15162","-3,75946"
"107,169","439,320614","408,777998",,"-0,43436","-0,04199","-0,00216","35,61247","-3,79976"
"107,17","437,320614","409,777998",,"-0,44541","-0,04243","-0,00221","35,9431","-3,83957"
"107,171","438,320614","407,777998",,"-0,45646","-0,04288","-0,00225","36,28221","-3,88037"
"107,172","436,320614","407,777998",,"-0,47856","-0,04335","-0,00229","36,59107","-3,92268"
"107,173","437,320614","408,777998",,"-0,45646","-0,04382","-0,00234","37,07333","-3,96498"
"107,174","435,320614","406,777998",,"-0,50066","-0,0443","-0,00238","37,30106","-4,00829"
"107,175","436,320614","405,777998",,"-0,50066","-0,0448","-0,00242","37,72267","-4,05359"
"107,176","435,320614","404,777998",,"-0,52277","-0,04531","-0,00247","38,06297","-4,0999"
"107,177","438,320614","404,777998",,"-0,48961","-0,04581","-0,00251","38,62566","-4,1457"
"107,178","435,320614","404,777998",,"-0,52277","-0,04632","-0,00256","38,91347","-4,19151"
"107,179","437,320614","405,777998",,"-0,48961","-0,04683","-0,00261","39,47919","-4,23731"
"107,18","434,320614","406,777998",,"-0,51172","-0,04733","-0,00265","39,80665","-4,28262"
"107,181","436,320614","406,777998",,"-0,48961","-0,04783","-0,0027","40,32341","-4,32792"
"107,182","435,320614","405,777998",,"-0,51172","-0,04833","-0,00275","40,64887","-4,37323"
"107,183","434,320614","405,777998",,"-0,52277","-0,04885","-0,0028","41,03507","-4,42003"
"107,184","434,320614","404,777998",,"-0,53382","-0,04937","-0,00285","41,42951","-4,46784"
"107,185","434,320614","404,777998",,"-0,53382","-0,04991","-0,0029","41,87744","-4,51614"
"107,186","435,320614","403,777998",,"-0,53382","-0,05044","-0,00295","42,32537","-4,56445"
"107,187","434,320614","403,777998",,"-0,54487","-0,05098","-0,003","42,72695","-4,61325"
"107,188","433,320614","402,777998",,"-0,56697","-0,05154","-0,00305","43,08979","-4,66356"
"107,189","434,320614","402,777998",,"-0,55592","-0,0521","-0,0031","43,61131","-4,71436"
"107,19","433,320614","405,777998",,"-0,53382","-0,05264","-0,00315","44,17271","-4,76367"
"107,191","431,320614","404,777998",,"-0,56697","-0,05319","-0,00321","44,47496","-4,81347"
"107,192","432,320614","404,777998",,"-0,55592","-0,05375","-0,00326","44,99814","-4,86428"
"107,193","432,320614","403,777998",,"-0,56697","-0,05432","-0,00331","45,41381","-4,91508"
"107,194","434,320614","404,777998",,"-0,53382","-0,05487","-0,00337","46,03859","-4,96489"
"107,195","433,320614","403,777998",,"-0,55592","-0,05541","-0,00342","46,38497","-5,01419"
"107,196","433,320614","404,777998",,"-0,54487","-0,05596","-0,00348","46,90166","-5,064"
"107,197","433,320614","402,777998",,"-0,56697","-0,05652","-0,00354","47,25454","-5,11431"
"107,198","432,320614","403,777998",,"-0,56697","-0,05708","-0,00359","47,72858","-5,16561"
"107,199","432,320614","405,777998",,"-0,54487","-0,05764","-0,00365","48,30867","-5,21592"
"107,2","433,320614","405,777998",,"-0,53382","-0,05818","-0,00371","48,81887","-5,26472"
"107,201","434,320614","402,777998",,"-0,55592","-0,05873","-0,00377","49,15862","-5,31403"
"107,202","434,320614","404,777998",,"-0,53382","-0,05927","-0,00383","49,73327","-5,36333"
"107,203","434,320614","406,777998",,"-0,51172","-0,05979","-0,00389","50,29151","-5,41064"
"107,204","437,320614","403,777998",,"-0,51172","-0,0603","-0,00395","50,72191","-5,45694"
"107,205","436,320614","405,777998",,"-0,50066","-0,06081","-0,00401","51,20848","-5,50275"
"107,206","432,320614","407,777998",,"-0,52277","-0,06132","-0,00407","51,51675","-5,54905"
"107,207","435,320614","407,777998",,"-0,48961","-0,06183","-0,00413","52,12748","-5,59486"
"107,208","435,320614","406,777998",,"-0,50066","-0,06232","-0,00419","52,48261","-5,63966"
"107,209","436,320614","407,777998",,"-0,47856","-0,06281","-0,00425","53,02054","-5,68397"
"107,21","434,320614","408,777998",,"-0,48961","-0,0633","-0,00432","53,36586","-5,72777"
"107,211","437,320614","408,777998",,"-0,45646","-0,06377","-0,00438","53,95599","-5,77058"
"107,212","437,320614","407,777998",,"-0,46751","-0,06423","-0,00444","54,28264","-5,81238"
"107,213","435,320614","409,777998",,"-0,46751","-0,0647","-0,00451","54,67773","-5,85469"
"107,214","435,320614","409,777998",,"-0,46751","-0,06517","-0,00457","55,07283","-5,89699"
"107,215","438,320614","409,777998",,"-0,43436","-0,06562","-0,00464","55,65077","-5,9378"
"107,216","437,320614","410,777998",,"-0,43436","-0,06605","-0,0047","56,01915","-5,9771"
"107,217","437,320614","408,777998",,"-0,45646","-0,0665","-0,00477","56,2639","-6,01741"
"107,218","437,320614","409,777998",,"-0,44541","-0,06695","-0,00484","56,71239","-6,05821"
"107,219","438,320614","409,777998",,"-0,43436","-0,06739","-0,0049","57,1524","-6,09802"
"107,22","440,320614","410,777998",,"-0,40121","-0,06781","-0,00497","57,71014","-6,13582"
"107,221","439,320614","410,777998",,"-0,41226","-0,06821","-0,00504","57,9881","-6,17263"
"107,222","437,320614","410,777998",,"-0,43436","-0,06864","-0,00511","58,21068","-6,21093"
"107,223","439,320614","410,777998",,"-0,41226","-0,06906","-0,00518","58,70781","-6,24924"
"107,224","440,320614","413,777998",,"-0,36805","-0,06945","-0,00525","59,31728","-6,28454"
"107,225","443,320614","412,777998",,"-0,34595","-0,06981","-0,00532","59,76181","-6,31685"
"107,226","440,320614","412,777998",,"-0,3791","-0,07017","-0,00539","59,86166","-6,34965"
"107,227","441,320614","412,777998",,"-0,36805","-0,07054","-0,00546","60,2509","-6,38346"
"107,228","442,320614","413,777998",,"-0,34595","-0,0709","-0,00553","60,69761","-6,41576"
"107,229","442,320614","415,777998",,"-0,32385","-0,07124","-0,0056","61,12679","-6,44607"
"107,23","443,320614","416,777998",,"-0,30175","-0,07155","-0,00567","61,5383","-6,47437"
"107,231","440,320614","416,777998",,"-0,3349","-0,07187","-0,00574","61,59649","-6,50318"
"107,232","438,320614","416,777998",,"-0,357","-0,07221","-0,00581","61,74858","-6,53449"
"107,233","442,320614","418,777998",,"-0,2907","-0,07254","-0,00589","62,46072","-6,56379"
"107,234","444,320614","417,777998",,"-0,27965","-0,07282","-0,00596","62,7791","-6,5896"
"107,235","442,320614","418,777998",,"-0,2907","-0,07311","-0,00603","62,95184","-6,6154"
"107,236","444,320614","418,777998",,"-0,26859","-0,07339","-0,0061","63,33942","-6,64071"
"107,237","443,320614","420,777998",,"-0,25754","-0,07365","-0,00618","63,64012","-6,66451"
"107,238","441,320614","423,777998",,"-0,24649","-0,0739","-0,00625","63,93179","-6,68732"
"107,239","442,320614","421,777998",,"-0,25754","-0,07415","-0,00633","64,07566","-6,71012"
"107,24","443,320614","420,777998",,"-0,25754","-0,07441","-0,0064","64,2982","-6,73343"
"107,241","444,320614","421,777998",,"-0,23544","-0,07466","-0,00647","64,66051","-6,75573"
"107,242","442,320614","422,777998",,"-0,24649","-0,0749","-0,00655","64,79431","-6,77754"
"107,243","440,320614","420,777998",,"-0,2907","-0,07517","-0,00662","64,72601","-6,80184"
"107,244","441,320614","422,777998",,"-0,25754","-0,07544","-0,0067","65,18838","-6,82665"
"107,245","444,320614","420,777998",,"-0,24649","-0,07569","-0,00678","65,48184","-6,84945"
"107,246","443,320614","417,777998",,"-0,2907","-0,07596","-0,00685","65,41035","-6,87376"
"107,247","442,320614","419,777998",,"-0,27965","-0,07625","-0,00693","65,73216","-6,89956"
"107,248","440,320614","420,777998",,"-0,2907","-0,07653","-0,007","65,90147","-6,92537"
"107,249","439,320614","422,777998",,"-0,27965","-0,07682","-0,00708","66,22385","-6,95117"
"107,25","438,320614","421,777998",,"-0,30175","-0,07711","-0,00716","66,32025","-6,97748"
"107,251","439,320614","420,777998",,"-0,30175","-0,07741","-0,00723","66,57978","-7,00478"
"107,252","439,320614","423,777998",,"-0,26859","-0,07769","-0,00731","67,05814","-7,03059"
"107,253","439,320614","419,777998",,"-0,3128","-0,07799","-0,00739","66,9971","-7,05689"
"107,254","440,320614","420,777998",,"-0,2907","-0,07829","-0,00747","67,4129","-7,0842"
"107,255","438,320614","422,777998",,"-0,2907","-0,07858","-0,00755","67,66322","-7,1105"
"107,256","440,320614","421,777998",,"-0,27965","-0,07886","-0,00763","67,98764","-7,13631"
"107,257","439,320614","419,777998",,"-0,3128","-0,07916","-0,0077","68,00554","-7,16311"
"107,258","440,320614","420,777998",,"-0,2907","-0,07946","-0,00778","68,42369","-7,19042"
"107,259","438,320614","421,777998",,"-0,30175","-0,07976","-0,00786","68,59901","-7,21722"
"107,26","441,320614","419,777998",,"-0,2907","-0,08005","-0,00794","68,93384","-7,24403"
"107,261","438,320614","419,777998",,"-0,32385","-0,08036","-0,00802","68,95735","-7,27183"
"107,262","440,320614","419,777998",,"-0,30175","-0,08067","-0,0081","69,38711","-7,30014"
"107,263","436,320614","420,777998",,"-0,3349","-0,08099","-0,00818","69,41793","-7,32894"
"107,264","439,320614","417,777998",,"-0,3349","-0,08133","-0,00827","69,70497","-7,35925"
"107,265","438,320614","419,777998",,"-0,32385","-0,08166","-0,00835","70,06893","-7,38906"
"107,266","436,320614","418,777998",,"-0,357","-0,082","-0,00843","70,11506","-7,41986"
"107,267","436,320614","417,777998",,"-0,36805","-0,08236","-0,00851","70,3427","-7,45267"
"107,268","437,320614","416,777998",,"-0,36805","-0,08273","-0,00859","70,65706","-7,48597"
"107,269","437,320614","418,777998",,"-0,34595","-0,08308","-0,00868","71,12814","-7,51828"
"107,27","435,320614","417,777998",,"-0,3791","-0,08345","-0,00876","71,18816","-7,55108"
"107,271","437,320614","414,777998",,"-0,39016","-0,08383","-0,00884","71,43246","-7,58589"
"107,272","437,320614","414,777998",,"-0,39016","-0,08422","-0,00893","71,76491","-7,62119"
"107,273","436,320614","414,777998",,"-0,40121","-0,08462","-0,00901","72,01745","-7,657"
"107,274","433,320614","414,777998",,"-0,43436","-0,08503","-0,0091","72,11792","-7,6948"
"107,275","434,320614","413,777998",,"-0,43436","-0,08547","-0,00918","72,4863","-7,73411"
"107,276","436,320614","412,777998",,"-0,42331","-0,0859","-0,00927","72,93589","-7,77291"
"107,277","436,320614","411,777998",,"-0,43436","-0,08633","-0,00935","73,21368","-7,81172"
"107,278","433,320614","408,777998",,"-0,50066","-0,08679","-0,00944","73,08941","-7,85402"
"107,279","436,320614","410,777998",,"-0,44541","-0,08727","-0,00953","73,92409","-7,89683"
"107,28","432,320614","411,777998",,"-0,47856","-0,08773","-0,00962","74,05225","-7,93863"
"107,281","433,320614","407,777998",,"-0,51172","-0,08822","-0,0097","74,20553","-7,98344"
"107,282","431,320614","408,777998",,"-0,52277","-0,08874","-0,00979","74,55184","-8,03024"
"107,283","431,320614","407,777998",,"-0,53382","-0,08927","-0,00988","74,90638","-8,07805"
"107,284","433,320614","405,777998",,"-0,53382","-0,0898","-0,00997","75,35431","-8,12635"
"107,285","432,320614","404,777998",,"-0,55592","-0,09035","-0,01006","75,63081","-8,17566"
"107,286","432,320614","405,777998",,"-0,54487","-0,0909","-0,01015","76,18244","-8,22546"
"107,287","432,320614","402,777998",,"-0,57802","-0,09146","-0,01024","76,37861","-8,27627"
"107,288","431,320614","400,777998",,"-0,61117","-0,09206","-0,01033","76,59899","-8,33007"
"107,289","433,320614","401,777998",,"-0,57802","-0,09265","-0,01043","77,3717","-8,38388"
"107,29","432,320614","400,777998",,"-0,60012","-0,09324","-0,01052","77,67716","-8,43718"
"107,291","430,320614","400,777998",,"-0,62223","-0,09385","-0,01061","77,99863","-8,49249"
"107,292","428,320614","398,777998",,"-0,66643","-0,09449","-0,01071","78,15615","-8,55079"
"107,293","430,320614","399,777998",,"-0,63328","-0,09514","-0,0108","78,97907","-8,6096"
"107,294","428,320614","398,777998",,"-0,66643","-0,09579","-0,0109","79,23113","-8,6684"
"107,295","428,320614","398,777998",,"-0,66643","-0,09646","-0,01099","79,78233","-8,72871"
"107,296","429,320614","397,777998",,"-0,66643","-0,09713","-0,01109","80,33354","-8,78901"
"107,297","429,320614","393,777998",,"-0,71063","-0,09782","-0,01119","80,51176","-8,85132"
"107,298","426,320614","394,777998",,"-0,73273","-0,09854","-0,01129","80,9087","-8,91662"
"107,299","427,320614","394,777998",,"-0,72168","-0,09926","-0,01138","81,60508","-8,98243"
"107,3","426,320614","393,777998",,"-0,74379","-0,1","-0,01148","82,00746","-9,04874"
"107,301","425,320614","394,777998",,"-0,74379","-0,10074","-0,01158","82,61744","-9,11604"
"107,302","427,320614","393,777998",,"-0,73273","-0,10148","-0,01169","83,32436","-9,18285"
"107,303","428,320614","396,777998",,"-0,68853","-0,10219","-0,01179","84,31662","-9,24715"
"107,304","428,320614","395,777998",,"-0,69958","-0,10288","-0,01189","84,7864","-9,30996"
"107,305","428,320614","394,777998",,"-0,71063","-0,10359","-0,01199","85,26389","-9,37376"
"107,306","427,320614","395,777998",,"-0,71063","-0,1043","-0,0121","85,84881","-9,43807"
"107,307","427,320614","394,777998",,"-0,72168","-0,10502","-0,0122","86,33327","-9,50287"
"107,308","426,320614","394,777998",,"-0,73273","-0,10574","-0,01231","86,82536","-9,56868"
"107,309","427,320614","398,777998",,"-0,67748","-0,10645","-0,01241","87,93656","-9,63248"
"107,31","427,320614","398,777998",,"-0,67748","-0,10713","-0,01252","88,49623","-9,69379"
"107,311","424,320614","399,777998",,"-0,69958","-0,10781","-0,01263","88,84939","-9,75609"
"107,312","424,320614","401,777998",,"-0,67748","-0,1085","-0,01274","89,63382","-9,8184"
"107,313","426,320614","401,777998",,"-0,65538","-0,10917","-0,01284","90,40269","-9,8787"
"107,314","426,320614","401,777998",,"-0,65538","-0,10982","-0,01295","90,94541","-9,93801"
"107,315","427,320614","400,777998",,"-0,65538","-0,11048","-0,01306","91,48813","-9,99731"
"107,316","427,320614","405,777998",,"-0,60012","-0,11111","-0,01318","92,5635","-10,05412"
"107,317","425,320614","402,777998",,"-0,65538","-0,11174","-0,01329","92,5278","-10,11092"
"107,318","425,320614","406,777998",,"-0,61117","-0,11237","-0,0134","93,50169","-10,16823"
"107,319","428,320614","406,777998",,"-0,57802","-0,11296","-0,01351","94,33535","-10,22203"
"107,32","428,320614","406,777998",,"-0,57802","-0,11354","-0,01362","94,81805","-10,27434"
"107,321","428,320614","409,777998",,"-0,54487","-0,1141","-0,01374","95,62922","-10,32514"
"107,322","429,320614","408,777998",,"-0,54487","-0,11465","-0,01385","96,08587","-10,37445"
"107,323","428,320614","410,777998",,"-0,53382","-0,11519","-0,01397","96,65308","-10,42325"
"107,324","429,320614","411,777998",,"-0,51172","-0,11571","-0,01408","97,32316","-10,47056"
"107,325","431,320614","414,777998",,"-0,45646","-0,11619","-0,0142","98,31129","-10,51436"
"107,326","432,320614","416,777998",,"-0,42331","-0,11663","-0,01432","99,03338","-10,55417"
"107,327","434,320614","415,777998",,"-0,41226","-0,11705","-0,01443","99,50517","-10,59197"
"107,328","434,320614","419,777998",,"-0,36805","-0,11744","-0,01455","100,3066","-10,62728"
"107,329","434,320614","421,777998",,"-0,34595","-0,1178","-0,01467","100,84711","-10,65958"
"107,33","434,320614","421,777998",,"-0,34595","-0,11814","-0,01479","101,14328","-10,69089"
"107,331","435,320614","424,777998",,"-0,30175","-0,11847","-0,0149","101,8944","-10,72019"
"107,332","436,320614","423,777998",,"-0,30175","-0,11877","-0,01502","102,15394","-10,7475"
"107,333","439,320614","426,777998",,"-0,23544","-0,11904","-0,01514","103,09919","-10,7718"
"107,334","440,320614","427,777998",,"-0,21334","-0,11926","-0,01526","103,53206","-10,79211"
"107,335","441,320614","427,777998",,"-0,20229","-0,11947","-0,01538","103,83193","-10,81092"
"107,336","440,320614","431,777998",,"-0,16914","-0,11966","-0,0155","104,3523","-10,82772"
"107,337","442,320614","434,777998",,"-0,11388","-0,1198","-0,01562","105,0747","-10,84053"
"107,338","443,320614","434,777998",,"-0,10283","-0,11991","-0,01574","105,28965","-10,85033"
"107,339","448,320614","437,777998",,"-0,01442","-0,11997","-0,01586","106,30085","-10,85564"
"107,34","447,320614","437,777998",,"-0,02547","-0,11998","-0,01598","106,19854","-10,85744"
"107,341","448,320614","437,777998",,"-0,01442","-0,12","-0,0161","106,3362","-10,85925"
"107,342","448,320614","441,777998",,"0,02978","-0,12","-0,01622","106,80939","-10,85855"
"107,343","449,320614","445,777998",,"0,08504","-0,11994","-0,01634","107,35799","-10,85336"
"107,344","448,320614","445,777998",,"0,07398","-0,11986","-0,01646","107,16696","-10,84616"
"107,345","450,320614","445,777998",,"0,09609","-0,11978","-0,01658","107,33048","-10,83847"
"107,346","450,320614","451,777998",,"0,16239","-0,11965","-0,0167","107,93254","-10,82677"
"107,347","451,320614","451,777998",,"0,17344","-0,11948","-0,01682","107,90054","-10,81158"
"107,348","450,320614","454,777998",,"0,19554","-0,11929","-0,01694","107,97252","-10,79488"
"107,349","452,320614","453,777998",,"0,2066","-0,11909","-0,01706","107,90962","-10,77669"
"107,35","456,320614","456,777998",,"0,28395","-0,11885","-0,01717","108,51931","-10,75449"
"107,351","455,320614","457,777998",,"0,28395","-0,11856","-0,01729","108,26003","-10,7288"
"107,352","454,320614","460,777998",,"0,30605","-0,11827","-0,01741","108,2272","-10,7021"
"107,353","453,320614","462,777998",,"0,31711","-0,11796","-0,01753","108,06003","-10,67391"
"107,354","457,320614","467,777998",,"0,41656","-0,11759","-0,01765","108,78228","-10,64071"
"107,355","454,320614","466,777998",,"0,37236","-0,1172","-0,01777","107,94859","-10,60502"
"107,356","457,320614","469,777998",,"0,43867","-0,11679","-0,01788","108,27581","-10,56832"
"107,357","457,320614","470,777998",,"0,44972","-0,11635","-0,018","107,98035","-10,52813"
"107,358","461,320614","472,777998",,"0,51602","-0,11586","-0,01812","108,22737","-10,48443"
"107,359","461,320614","475,777998",,"0,54918","-0,11533","-0,01823","108,07586","-10,43624"
"107,36","463,320614","478,777998",,"0,60443","-0,11475","-0,01835","108,10911","-10,38404"
"107,361","463,320614","481,777998",,"0,63758","-0,11413","-0,01846","107,86646","-10,32785"
"107,362","464,320614","480,777998",,"0,63758","-0,11349","-0,01857","107,26388","-10,27015"
"107,363","467,320614","483,777998",,"0,70389","-0,11282","-0,01869","107,30691","-10,20946"
"107,364","468,320614","484,777998",,"0,72599","-0,11211","-0,0188","106,85115","-10,14476"
"107,365","465,320614","487,777998",,"0,72599","-0,11138","-0,01891","106,15921","-10,07907"
"107,366","469,320614","490,777998",,"0,80335","-0,11062","-0,01902","106,20474","-10,00987"
"107,367","467,320614","491,777998",,"0,7923","-0,10982","-0,01913","105,32893","-9,93768"
"107,368","469,320614","493,777998",,"0,8365","-0,10901","-0,01924","104,98387","-9,86399"
"107,369","468,320614","494,777998",,"0,8365","-0,10817","-0,01935","104,17824","-9,78829"
"107,37","473,320614","497,777998",,"0,92491","-0,10729","-0,01946","104,18835","-9,7086"
"107,371","472,320614","499,777998",,"0,93596","-0,10636","-0,01957","103,39116","-9,6244"
"107,372","471,320614","500,777998",,"0,93596","-0,10542","-0,01967","102,48132","-9,53971"
"107,373","474,320614","502,777998",,"0,99121","-0,10446","-0,01978","102,06692","-9,45251"
"107,374","475,320614","504,777998",,"1,02437","-0,10345","-0,01988","101,39256","-9,36132"
"107,375","477,320614","506,777998",,"1,06857","-0,1024","-0,01998","100,77654","-9,26662"
"107,376","480,320614","510,777998",,"1,14593","-0,1013","-0,02008","100,39598","-9,16643"
"107,377","480,320614","512,777998",,"1,16803","-0,10014","-0,02019","99,44958","-9,06173"
"107,378","481,320614","513,777998",,"1,19013","-0,09896","-0,02028","98,47657","-8,95504"
"107,379","485,320614","515,777998",,"1,25644","-0,09774","-0,02038","97,84571","-8,84434"
"107,38","490,320614","519,777998",,"1,35589","-0,09643","-0,02048","97,406","-8,72615"
"107,381","492,320614","520,777998",,"1,38905","-0,09506","-0,02058","96,30485","-8,60195"
"107,382","496,320614","524,777998",,"1,47745","-0,09363","-0,02067","95,60183","-8,47226"
"107,383","501,320614","525,777998",,"1,54376","-0,09212","-0,02076","94,61205","-8,33556"
"107,384","505,320614","529,777998",,"1,63217","-0,09053","-0,02085","93,70528","-8,19187"
"107,385","506,320614","531,777998",,"1,66532","-0,08888","-0,02094","92,2653","-8,04267"
"107,386","512,320614","536,777998",,"1,78688","-0,08715","-0,02103","91,43212","-7,88648"
"107,387","520,320614","539,777998",,"1,90844","-0,08531","-0,02112","90,4321","-7,71928"
"107,388","523,320614","544,777998",,"1,99685","-0,08335","-0,0212","89,02893","-7,54259"
"107,389","525,320614","548,777998",,"2,06315","-0,08132","-0,02129","87,34862","-7,35889"
"107,39","529,320614","550,777998",,"2,12946","-0,07923","-0,02137","85,57234","-7,1692"
"107,391","535,320614","553,777998",,"2,22892","-0,07705","-0,02144","83,91203","-6,972"
"107,392","541,320614","558,777998",,"2,35048","-0,07476","-0,02152","82,24065","-6,76481"
"107,393","546,320614","564,777998",,"2,47204","-0,07235","-0,02159","80,38384","-6,54661"
"107,394","550,320614","567,777998",,"2,5494","-0,06984","-0,02166","78,08303","-6,31942"
"107,395","553,320614","572,777998",,"2,6378","-0,06724","-0,02173","75,72107","-6,08472"
"107,396","558,320614","575,777998",,"2,72621","-0,06456","-0,0218","73,21734","-5,84203"
"107,397","564,320614","579,777998",,"2,83672","-0,06178","-0,02186","70,68067","-5,59033"
"107,398","569,320614","585,777998",,"2,95828","-0,05888","-0,02192","68,01333","-5,32814"
"107,399","573,320614","589,777998",,"3,04669","-0,05588","-0,02198","64,9922","-5,05644"
"107,4","578,320614","596,777998",,"3,1793","-0,05277","-0,02203","62,00466","-4,77475"
"107,401","585,320614","599,777998",,"3,28981","-0,04953","-0,02209","58,69905","-4,48205"
"107,402","589,320614","604,777998",,"3,38927","-0,04619","-0,02213","55,15709","-4,17986"
"107,403","593,320614","609,777998",,"3,48873","-0,04275","-0,02218","51,43536","-3,86867"
"107,404","601,320614","616,777998",,"3,65449","-0,03918","-0,02222","47,72608","-3,54547"
"107,405","608,320614","621,777998",,"3,7871","-0,03546","-0,02226","43,6193","-3,20878"
"107,406","614,320614","627,777998",,"3,91971","-0,03161","-0,02229","39,25851","-2,86008"
"107,407","623,320614","632,777998",,"4,07443","-0,02761","-0,02232","34,68028","-2,49839"
"107,408","627,320614","637,777998",,"4,17388","-0,02349","-0,02234","29,71131","-2,12519"
"107,409","634,320614","644,777998",,"4,3286","-0,01923","-0,02237","24,60234","-1,7405"
"107,41","641,320614","649,777998",,"4,46121","-0,01484","-0,02238","19,1589","-1,3428"
"107,411","647,320614","657,777998",,"4,61592","-0,0103","-0,0224","13,44337","-0,93211"
"107,412","655,320614","664,777998",,"4,78169","-0,0056","-0,0224","7,395","-0,50691"
"107,413","663,320614","667,777998",,"4,90325","-0,00076","-0,02241","1,01082","-0,06872"
"107,414","671,320614","675,777998",,"5,08006","0,00423","-0,0224","5,70129","0,38298"
"107,415","677,320614","681,777998",,"5,21267","0,00938","-0,0224","12,74649","0,84867"
"107,416","686,320614","690,777998",,"5,41159","0,01469","-0,02239","20,23064","1,32937"
"107,417","692,320614","695,777998",,"5,53315","0,02016","-0,02237","27,98843","1,82456"
"107,418","699,320614","700,777998",,"5,66576","0,02576","-0,02235","36,07018","2,33126"
"107,419","707,320614","708,777998",,"5,84258","0,03152","-0,02232","44,63085","2,85195"
"107,42","714,320614","714,777998",,"5,98624","0,03743","-0,02228","53,49284","3,38715"
"107,421","719,320614","720,777998",,"6,1078","0,04348","-0,02224","62,61289","3,93434"
"107,422","726,320614","727,777998",,"6,26251","0,04966","-0,0222","72,21542","4,49404"
"107,423","731,320614","733,777998",,"6,38407","0,05599","-0,02214","82,02596","5,06623"
"107,424","739,320614","740,777998",,"6,54984","0,06245","-0,02208","92,43749","5,65143"
"107,425","746,320614","744,777998",,"6,6714","0,06906","-0,02202","102,98157","6,24962"
"107,426","753,320614","754,777998",,"6,85926","0,07583","-0,02195","114,35845","6,86182"
"107,427","759,320614","759,777998",,"6,98082","0,08275","-0,02187","125,7048","7,48801"
"107,428","766,320614","766,777998",,"7,13554","0,08981","-0,02178","137,68418","8,12671"
"107,429","773,320614","771,777998",,"7,26815","0,09701","-0,02169","149,88944","8,7784"
"107,43","780,320614","780,777998",,"7,44496","0,10437","-0,02159","162,9259","9,4441"
"107,431","787,320614","785,777998",,"7,57758","0,11188","-0,02148","175,99426","10,12379"
"107,432","794,320614","793,777998",,"7,74334","0,11954","-0,02136","189,83799","10,81699"
"107,433","801,320614","800,777998",,"7,89805","0,12736","-0,02124","204,04105","11,52468"
"107,434","809,320614","807,777998",,"8,06382","0,13534","-0,02111","218,85739","12,24688"
"107,435","816,320614","811,777998",,"8,18538","0,14346","-0,02097","233,57377","12,98207"
"107,436","825,320614","818,777998",,"8,36219","0,15174","-0,02082","249,47211","13,73076"
"107,437","831,320614","823,777998",,"8,48375","0,16016","-0,02066","265,08208","14,49296"
"107,438","841,320614","831,777998",,"8,68267","0,16874","-0,0205","282,32554","15,26965"
"107,439","849,320614","838,777998",,"8,84843","0,17751","-0,02033","299,65382","16,06285"
"107,44","854,320614","846,777998",,"8,9921","0,18643","-0,02014","317,13569","16,87004"
"107,441","862,320614","848,777998",,"9,10261","0,19548","-0,01995","334,4809","17,68874"
"107,442","868,320614","855,777998",,"9,24627","0,20465","-0,01975","352,83974","18,51893"
"107,443","873,320614","861,777998",,"9,36783","0,21396","-0,01954","371,23956","19,36113"
"107,444","879,320614","868,777998",,"9,51149","0,2234","-0,01933","390,52248","20,21532"
"107,445","885,320614","874,777998",,"9,6441","0,23298","-0,0191","410,06113","21,08202"
"107,446","889,320614","880,777998",,"9,75461","0,24268","-0,01886","429,55971","21,95971"
"107,447","894,320614","886,777998",,"9,87617","0,25249","-0,01861","449,71132","22,84791"
"107,448","901,320614","893,777998",,"10,03089","0,26244","-0,01835","471,11376","23,7486"
"107,449","905,320614","897,777998",,"10,11929","0,27252","-0,01809","491,3797","24,6603"
"107,45","908,320614","902,777998",,"10,2077","0,28268","-0,01781","511,96695","25,57999"
"107,451","912,320614","910,777998",,"10,34031","0,29296","-0,01752","534,08968","26,50969"
"107,452","917,320614","913,777998",,"10,42872","0,30334","-0,01722","555,44841","27,44938"
"107,453","921,320614","921,777998",,"10,56133","0,31384","-0,01691","578,43187","28,39908"
"107,454","923,320614","926,777998",,"10,63869","0,32444","-0,0166","600,23979","29,35827"
"107,455","929,320614","935,777998",,"10,80445","0,33516","-0,01627","625,10313","30,32847"
"107,456","933,320614","938,777998",,"10,88181","0,346","-0,01593","647,74864","31,30966"
"107,457","935,320614","943,777998",,"10,95917","0,35692","-0,01557","670,69132","32,29786"
"107,458","941,320614","951,777998",,"11,11388","0,36796","-0,01521","696,58145","33,29655"
"107,459","946,320614","956,777998",,"11,22439","0,37913","-0,01484","721,517","34,30725"
"107,46","951,320614","960,777998",,"11,32385","0,3904","-0,01445","746,48637","35,32744"
"107,461","955,320614","966,777998",,"11,43436","0,40178","-0,01406","772,26214","36,35714"
"107,462","958,320614","973,777998",,"11,54487","0,41327","-0,01365","798,47901","37,39683"
"107,463","961,320614","981,777998",,"11,66643","0,42488","-0,01323","825,5759","38,44703"
"107,464","968,320614","983,777998",,"11,76588","0,43659","-0,0128","852,27087","39,50722"
"107,465","971,320614","990,777998",,"11,87639","0,44841","-0,01236","879,83103","40,57692"
"107,466","977,320614","994,777998",,"11,9869","0,46034","-0,0119","907,84555","41,65661"
"107,467","981,320614","998,777998",,"12,07531","0,47238","-0,01144","935,35109","42,74531"
"107,468","983,320614","1003,777998",,"12,15267","0,48449","-0,01096","962,72941","43,8415"
"107,469","987,320614","1009,777998",,"12,26318","0,4967","-0,01047","991,95473","44,9462"
"107,47","989,320614","1015,777998",,"12,35158","0,50901","-0,00996","1020,60583","46,05989"
"107,471","995,320614","1017,777998",,"12,43999","0,5214","-0,00945","1049,63181","47,18158"
"107,472","996,320614","1021,777998",,"12,49525","0,53387","-0,00892","1077,3997","48,30978"
"107,473","997,320614","1025,777998",,"12,5505","0,54639","-0,00838","1105,40406","49,44297"
"107,474","1001,320614","1029,777998",,"12,63891","0,55899","-0,00783","1135,35628","50,58267"
"107,475","1004,320614","1033,777998",,"12,71627","0,57166","-0,00726","1165,10735","51,72986"
"107,476","1005,320614","1034,777998",,"12,73837","0,58439","-0,00669","1192,21566","52,88156"
"107,477","1005,320614","1038,777998",,"12,78257","0,59715","-0,00609","1220,63688","54,03625"
"107,478","1007,320614","1041,777998",,"12,83783","0,60996","-0,00549","1249,872","55,19545"
"107,479","1007,320614","1042,777998",,"12,84888","0,62281","-0,00487","1276,8121","56,35764"
"107,48","1010,320614","1046,777998",,"12,92623","0,63569","-0,00425","1307,68271","57,52384"
"107,481","1012,320614","1052,777998",,"13,01464","0,64866","-0,0036","1339,55348","58,69753"
"107,482","1013,320614","1054,777998",,"13,04779","0,66169","-0,00295","1368,44931","59,87673"
"107,483","1014,320614","1057,777998",,"13,092","0,67476","-0,00228","1398,1782","61,05942"
"107,484","1014,320614","1058,777998",,"13,10305","0,68786","-0,0016","1426,00543","62,24462"
"107,485","1016,320614","1060,777998",,"13,14725","0,70099","-0,0009","1456,0191","63,43231"
"107,486","1017,320614","1064,777998",,"13,20251","0,71416","-0,0002","1486,95544","64,62451"
"107,487","1018,320614","1070,777998",,"13,27986","0,7274","0,00052","1519,61671","65,8227"
"107,488","1019,320614","1069,777998",,"13,27986","0,74068","0,00126","1547,35966","67,0244"
"107,489","1022,320614","1072,777998",,"13,34617","0,754","0,00201","1579,69584","68,22909"
"107,49","1020,320614","1076,777998",,"13,36827","0,76735","0,00277","1609,21524","69,43779"
"107,491","1027,320614","1078,777998",,"13,46773","0,78077","0,00354","1644,38105","70,65198"
"107,492","1026,320614","1081,777998",,"13,48983","0,79425","0,00433","1674,35719","71,87168"
"107,493","1028,320614","1083,777998",,"13,53404","0,80776","0,00513","1706,07272","73,09437"
"107,494","1031,320614","1085,777998",,"13,58929","0,82132","0,00594","1738,82291","74,32157"
"107,495","1031,320614","1087,777998",,"13,61139","0,83492","0,00677","1769,28602","75,55226"
"107,496","1032,320614","1090,777998",,"13,6556","0,84856","0,00761","1801,57097","76,78596"
"107,497","1035,320614","1091,777998",,"13,6998","0,86224","0,00847","1834,05901","78,02365"
"107,498","1037,320614","1095,777998",,"13,76611","0,87597","0,00934","1868,52616","79,26635"
"107,499","1038,320614","1094,777998",,"13,76611","0,88973","0,01022","1897,89062","80,51204"
"107,5","1039,320614","1095,777998",,"13,78821","0,90351","0,01112","1929,08568","81,75874"
"107,501","1042,320614","1101,777998",,"13,88767","0,91735","0,01203","1966,88718","83,01093"
"107,502","1042,320614","1100,777998",,"13,87661","0,93123","0,01295","1995,72062","84,26713"
"107,503","1046,320614","1101,777998",,"13,93187","0,94514","0,01389","2030,24446","85,52532"
"107,504","1049,320614","1105,777998",,"14,00923","0,95911","0,01484","2066,96832","86,78951"
"107,505","1050,320614","1107,777998",,"14,04238","0,97313","0,01581","2100,1147","88,05871"
"107,506","1053,320614","1110,777998",,"14,10868","0,98721","0,01679","2136,41433","89,3324"
"107,507","1051,320614","1112,777998",,"14,10868","1,00132","0,01778","2166,94692","90,6091"
"107,508","1054,320614","1113,777998",,"14,15289","1,01545","0,01879","2201,58912","91,88779"
"107,509","1054,320614","1115,777998",,"14,17499","1,02961","0,01981","2234,35716","93,16949"
"107,51","1057,320614","1115,777998",,"14,20814","1,0438","0,02085","2268,28566","94,45368"
"107,511","1059,320614","1122,777998",,"14,3076","1,05806","0,0219","2308,79197","95,74388"
"107,512","1063,320614","1121,777998",,"14,34075","1,07238","0,02297","2343,26589","97,04007"
"107,513","1064,320614","1126,777998",,"14,40706","1,08676","0,02405","2381,19485","98,34077"
"107,514","1065,320614","1126,777998",,"14,41811","1,10117","0,02514","2413,87541","99,64496"
"107,515","1065,320614","1131,777998",,"14,47337","1,11562","0,02625","2451,11998","100,95216"
"107,516","1071,320614","1133,777998",,"14,56177","1,13013","0,02737","2492,05759","102,26585"
"107,517","1071,320614","1132,777998",,"14,55072","1,14469","0,02851","2523,01086","103,58305"
"107,518","1073,320614","1136,777998",,"14,61703","1,15927","0,02966","2562,1108","104,90274"
"107,519","1072,320614","1138,777998",,"14,62808","1,1739","0,03083","2595,60198","106,22594"
"107,52","1076,320614","1141,777998",,"14,70544","1,18856","0,03201","2636,35158","107,55313"
"107,521","1079,320614","1143,777998",,"14,76069","1,2033","0,0332","2675,04745","108,88633"
"107,522","1078,320614","1146,777998",,"14,78279","1,21807","0,03442","2710,32262","110,22302"
"107,523","1081,320614","1144,777998",,"14,79384","1,23286","0,03564","2744,46094","111,56122"
"107,524","1083,320614","1148,777998",,"14,86015","1,24768","0,03688","2784,9534","112,90291"
"107,525","1085,320614","1148,777998",,"14,88225","1,26256","0,03814","2820,67249","114,24861"
"107,526","1089,320614","1152,777998",,"14,97066","1,27748","0,03941","2864,23952","115,5993"
"107,527","1090,320614","1157,777998",,"15,03696","1,29249","0,04069","2905,63445","116,957"
"107,528","1093,320614","1157,777998",,"15,07012","1,30754","0,04199","2943,39891","118,31919"
"107,529","1096,320614","1159,777998",,"15,12537","1,32264","0,04331","2983,99861","119,68539"
"107,53","1102,320614","1162,777998",,"15,22483","1,33781","0,04464","3030,27544","121,05858"
"107,531","1101,320614","1162,777998",,"15,21378","1,35303","0,04598","3063,39563","122,43578"
"107,532","1103,320614","1165,777998",,"15,26903","1,36827","0,04734","3104,74504","123,81497"
"107,533","1107,320614","1166,777998",,"15,32429","1,38357","0,04872","3146,37252","125,19917"
"107,534","1110,320614","1169,777998",,"15,39059","1,39893","0,05011","3189,69041","126,58886"
"107,535","1111,320614","1170,777998",,"15,4127","1,41433","0,05152","3227,63634","127,98256"
"107,536","1112,320614","1172,777998",,"15,44585","1,42976","0,05294","3267,13673","129,37875"
"107,537","1116,320614","1172,777998",,"15,49005","1,44523","0,05438","3308,26342","130,77845"
"107,538","1117,320614","1174,777998",,"15,52321","1,46073","0,05583","3348,14182","132,18164"
"107,539","1118,320614","1176,777998",,"15,55636","1,47627","0,0573","3388,18935","133,58783"
"107,54","1122,320614","1177,777998",,"15,61161","1,49186","0,05878","3431,41541","134,99803"
"107,541","1121,320614","1177,777998",,"15,60056","1,50746","0,06028","3465,80349","136,41022"
"107,542","1124,320614","1182,777998",,"15,68897","1,52311","0,0618","3513,9572","137,82592"
"107,543","1126,320614","1181,777998",,"15,70002","1,5388","0,06333","3551,70475","139,24611"
"107,544","1127,320614","1184,777998",,"15,74422","1,55452","0,06487","3594,21105","140,66881"
"107,545","1130,320614","1183,777998",,"15,76633","1,57028","0,06644","3633,77936","142,0945"
"107,546","1131,320614","1184,777998",,"15,78843","1,58606","0,06801","3673,46188","143,5222"
"107,547","1132,320614","1185,777998",,"15,81053","1,60186","0,06961","3713,25874","144,95189"
"107,548","1136,320614","1186,777998",,"15,86578","1,61769","0,07122","3758,06162","146,38509"
"107,549","1138,320614","1188,777998",,"15,90999","1,63358","0,07284","3801,50507","147,82278"
"107,55","1136,320614","1186,777998",,"15,86578","1,64947","0,07449","3831,87987","149,26048"
"107,551","1140,320614","1184,777998",,"15,88789","1,66535","0,07614","3872,09402","150,69717"
"107,552","1139,320614","1188,777998",,"15,92104","1,68125","0,07782","3914,11722","152,13637"
"107,553","1139,320614","1189,777998",,"15,93209","1,69718","0,07951","3952,89301","153,57756"
"107,554","1142,320614","1189,777998",,"15,96524","1,71313","0,08121","3995,1784","155,02076"
"107,555","1144,320614","1189,777998",,"15,98735","1,7291","0,08293","4035,8949","156,46645"
"107,556","1145,320614","1188,777998",,"15,98735","1,74509","0,08467","4073,21094","157,91315"
"107,557","1146,320614","1187,777998",,"15,98735","1,76108","0,08642","4110,52698","159,35984"
"107,558","1144,320614","1190,777998",,"15,9984","1,77707","0,08819","4149,63299","160,80704"
"107,559","1146,320614","1190,777998",,"16,0205","1,79308","0,08998","4190,60278","162,25573"
"107,56","1147,320614","1190,777998",,"16,03155","1,80911","0,09178","4229,86628","163,70593"
"107,561","1147,320614","1190,777998",,"16,03155","1,82514","0,09359","4267,34963","165,15662"
"107,562","1150,320614","1191,777998",,"16,07575","1,84119","0,09543","4312,24941","166,60932"
"107,563","1147,320614","1192,777998",,"16,05365","1,85726","0,09728","4346,16001","168,06301"
"107,564","1148,320614","1191,777998",,"16,05365","1,87331","0,09914","4383,72714","169,51571"
"107,565","1150,320614","1189,777998",,"16,05365","1,88936","0,10102","4421,29426","170,9684"
"107,566","1149,320614","1191,777998",,"16,0647","1,90542","0,10292","4460,77974","172,4216"
"107,567","1149,320614","1190,777998",,"16,05365","1,92148","0,10483","4496,45438","173,87479"
"107,568","1152,320614","1191,777998",,"16,09785","1,93756","0,10676","4541,82345","175,32949"
"107,569","1152,320614","1191,777998",,"16,09785","1,95365","0,10871","4579,55841","176,78618"
"107,57","1152,320614","1193,777998",,"16,11996","1,96976","0,11067","4621,2588","178,24388"
"107,571","1155,320614","1194,777998",,"16,16416","1,98591","0,11265","4667,07328","179,70457"
"107,572","1152,320614","1196,777998",,"16,15311","2,00206","0,11464","4703,0456","181,16676"
"107,573","1155,320614","1193,777998",,"16,15311","2,01822","0,11665","4740,99084","182,62846"
"107,574","1152,320614","1195,777998",,"16,14206","2,03436","0,11868","4776,88875","184,08965"
"107,575","1155,320614","1192,777998",,"16,14206","2,05051","0,12072","4814,79189","185,55035"
"107,576","1155,320614","1194,777998",,"16,16416","2,06666","0,12278","4856,8543","187,01204"
"107,577","1155,320614","1195,777998",,"16,17521","2,08283","0,12485","4896,93749","188,47524"
"107,578","1158,320614","1196,777998",,"16,21941","2,09903","0,12695","4943,41508","189,94093"
"107,579","1160,320614","1196,777998",,"16,24152","2,11526","0,12905","4985,86994","191,40963"
"107,58","1158,320614","1197,777998",,"16,23047","2,13149","0,13118","5022,00828","192,87882"
"107,581","1159,320614","1198,777998",,"16,25257","2,14773","0,13332","5064,57036","194,34852"
"107,582","1161,320614","1198,777998",,"16,27467","2,164","0,13547","5107,24958","195,82021"
"107,583","1161,320614","1199,777998",,"16,28572","2,18028","0,13764","5147,85272","197,29341"
"107,584","1159,320614","1201,777998",,"16,28572","2,19656","0,13983","5186,30491","198,7671"
"107,585","1161,320614","1202,777998",,"16,31887","2,21287","0,14204","5231,43484","200,2423"
"107,586","1161,320614","1199,777998",,"16,28572","2,22917","0,14426","5263,28757","201,71749"
"107,587","1161,320614","1202,777998",,"16,31887","2,24547","0,1465","5308,51532","203,19269"
"107,588","1161,320614","1204,777998",,"16,34098","2,2618","0,14875","5351,64447","204,67038"
"107,589","1163,320614","1205,777998",,"16,37413","2,27816","0,15102","5397,18253","206,15058"
"107,59","1163,320614","1205,777998",,"16,37413","2,29453","0,15331","5435,97445","207,63227"
"107,591","1164,320614","1207,777998",,"16,40728","2,31092","0,15561","5481,73842","209,11547"
"107,592","1164,320614","1204,777998",,"16,37413","2,32731","0,15793","5513,63684","210,59866"
"107,593","1163,320614","1207,777998",,"16,39623","2,3437","0,16026","5557,14235","212,08136"
"107,594","1165,320614","1208,777998",,"16,42938","2,36011","0,16261","5603,13907","213,56655"
"107,595","1165,320614","1209,777998",,"16,44043","2,37655","0,16498","5644,53371","215,05375"
"107,596","1166,320614","1211,777998",,"16,47359","2,393","0,16737","5690,79974","216,54294"
"107,597","1166,320614","1211,777998",,"16,47359","2,40948","0,16977","5729,97555","218,03364"
"107,598","1165,320614","1212,777998",,"16,47359","2,42595","0,17219","5769,15137","219,52433"
"107,599","1166,320614","1213,777998",,"16,49569","2,44244","0,17462","5813,23833","221,01603"
"107,6","1166,320614","1212,777998",,"16,48464","2,45893","0,17707","5850,02762","222,50822"
"107,601","1165,320614","1214,777998",,"16,49569","2,47542","0,17954","5891,73476","224,00042"
"107,602","1163,320614","1214,777998",,"16,47359","2,4919","0,18202","5925,98602","225,49211"
"107,603","1163,320614","1216,777998",,"16,49569","2,50839","0,18452","5970,20489","226,98381"
"107,604","1162,320614","1216,777998",,"16,48464","2,52488","0,18704","6006,92823","228,476"
"107,605","1160,320614","1216,777998",,"16,46254","2,54135","0,18957","6041,03781","229,9667"
"107,606","1160,320614","1215,777998",,"16,45148","2,55781","0,19212","6077,59994","231,45589"
"107,607","1159,320614","1215,777998",,"16,44043","2,57425","0,19469","6114,10291","232,94408"
"107,608","1158,320614","1217,777998",,"16,45148","2,5907","0,19727","6155,75439","234,43228"
"107,609","1153,320614","1216,777998",,"16,38518","2,60712","0,19987","6179,12326","235,91797"
"107,61","1152,320614","1215,777998",,"16,36308","2,62349","0,20248","6212,68458","237,39967"
"107,611","1151,320614","1212,777998",,"16,31887","2,63983","0,20512","6240,82229","238,87836"
"107,612","1148,320614","1213,777998",,"16,29677","2,65614","0,20776","6274,06332","240,35406"
"107,613","1143,320614","1211,777998",,"16,21941","2,6724","0,21043","6293,75975","241,82525"
"107,614","1140,320614","1210,777998",,"16,17521","2,68859","0,21311","6321,15164","243,29095"
"107,615","1134,320614","1210,777998",,"16,10891","2,70474","0,21581","6342,87479","244,75164"
"107,616","1129,320614","1207,777998",,"16,0205","2,7208","0,21852","6358,78169","246,20534"
"107,617","1127,320614","1204,777998",,"15,96524","2,73679","0,22125","6382,47463","247,65253"
"107,618","1119,320614","1201,777998",,"15,84368","2,7527","0,22399","6389,28572","249,09173"
"107,619","1115,320614","1200,777998",,"15,78843","2,76852","0,22675","6412,15377","250,52292"
"107,62","1106,320614","1196,777998",,"15,64477","2,78423","0,22953","6412,35995","251,94512"
"107,621","1103,320614","1193,777998",,"15,57846","2,79984","0,23232","6431,51597","253,35781"
"107,622","1097,320614","1188,777998",,"15,4569","2,81536","0,23513","6436,19264","254,76201"
"107,623","1088,320614","1182,777998",,"15,29114","2,83073","0,23795","6428,87814","256,1532"
"107,624","1079,320614","1178,777998",,"15,14747","2,84595","0,24079","6426,44527","257,5304"
"107,625","1072,320614","1171,777998",,"14,99276","2,86102","0,24364","6420,42074","258,89409"
"107,626","1062,320614","1167,777998",,"14,83805","2,87594","0,24651","6413,62922","260,24379"
"107,627","1053,320614","1158,777998",,"14,63913","2,89068","0,2494","6394,46552","261,57748"
"107,628","1045,320614","1150,777998",,"14,46231","2,90523","0,25229","6380,16949","262,89418"
"107,629","1031,320614","1143,777998",,"14,23024","2,91958","0,25521","6350,36425","264,19237"
"107,63","1021,320614","1135,777998",,"14,03133","2,93371","0,25813","6328,29339","265,47107"
"107,631","1008,320614","1124,777998",,"13,76611","2,9476","0,26107","6287,53178","266,72876"
"107,632","996,320614","1116,777998",,"13,54509","2,96126","0,26403","6257,4353","267,96446"
"107,633","983,320614","1102,777998",,"13,24671","2,97466","0,267","6205,42644","269,17665"
"107,634","969,320614","1091,777998",,"12,97044","2,98776","0,26998","6158,07809","270,36285"
"107,635","954,320614","1080,777998",,"12,68311","3,00059","0,27297","6106,49996","271,52354"
"107,636","941,320614","1069,777998",,"12,41789","3,01314","0,27598","6059,72605","272,65924"
"107,637","926,320614","1059,777998",,"12,14162","3,02542","0,279","6008,7863","273,77043"
"107,638","910,320614","1043,777998",,"11,78799","3,03739","0,28203","5935,3532","274,85313"
"107,639","894,320614","1027,777998",,"11,43436","3,049","0,28507","5860,47464","275,90382"
"107,64","875,320614","1014,777998",,"11,08073","3,06026","0,28813","5784,18457","276,92252"
"107,641","853,320614","999,777998",,"10,67184","3,07113","0,29119","5691,10994","277,90671"
"107,642","830,320614","981,777998",,"10,21875","3,08158","0,29427","5584,12144","278,8519"
"107,643","805,320614","960,777998",,"9,71041","3,09154","0,29735","5459,96733","279,7536"
"107,644","777,320614","941,777998",,"9,19101","3,10099","0,30045","5330,91158","280,60879"
"107,645","745,320614","915,777998",,"8,55006","3,10986","0,30356","5165,78886","281,41149"
"107,646","713,320614","890,777998",,"7,92016","3,1181","0,30667","5001,73661","282,15668"
"107,647","672,320614","861,777998",,"7,14659","3,12563","0,30979","4795,02668","282,83838"
"107,648","629,320614","826,777998",,"6,28462","3,13235","0,31292","4561,00602","283,44607"
"107,649","578,320614","791,777998",,"5,33423","3,13816","0,31606","4299,58367","283,97177"
"107,65","523,320614","750,777998",,"4,27334","3,14296","0,3192","4004,44116","284,40646"
"107,651","470,320614","704,777998",,"3,1793","3,14669","0,32234","3697,6669","284,74366"
"107,652","418,320614","655,777998",,"2,06315","3,14931","0,32549","3382,66702","284,98085"
"107,653","368,320614","602,777998",,"0,92491","3,1508","0,32864","3059,73918","285,11605"
"107,654","321,320614","549,777998",,"-0,18019","3,15117","0,33179","2744,98337","285,14974"
"107,655","275,320614","498,777998",,"-1,25213","3,15046","0,33494","2438,76511","285,08494"
"107,656","228,320614","450,777998",,"-2,30197","3,14868","0,33809","2138,26481","284,92413"
"107,657","191,320614","404,777998",,"-3,2192","3,14592","0,34124","1875,27872","284,67433"
"107,658","149,320614","363,777998",,"-4,13643","3,14224","0,34438","1612,28026","284,34152"
"107,659","110,320614","319,777998",,"-5,05365","3,13765","0,34752","1349,49781","283,92572"
"107,66","72,320614","278,777998",,"-5,92668","3,13216","0,35066","1099,69607","283,42891"
"107,661","50,320614","239,777998",,"-6,60079","3,12589","0,35379","906,81738","282,86211"
"107,662","25,320614","193,777998",,"-7,3854","3,1189","0,35691","683,34676","282,2293"
"107,663","9,320614","153,777998",,"-8,00426","3,11121","0,36002","507,43332","281,533"
"107,664","-12,679386","114,777998",,"-8,67836","3,10286","0,36313","316,79814","280,77819"
"107,665","-19,679386","78,777998",,"-9,15355","3,09395","0,36623","182,84805","279,97139"
"107,666","-14,679386","50,777998",,"-9,40773","3,08467","0,36932","111,35222","279,13158"
"107,667","-15,679386","27,777998",,"-9,67295","3,07513","0,3724","37,20477","278,26828"
"107,668","-10,679386","15,777998",,"-9,75031","3,06542","0,37547","15,62937","277,38947"
"107,669","-5,679386","6,777998",,"-9,79451","3,05564","0,37853","3,35697","276,50517"
"107,67","-2,679386","-2,222002",,"-9,86081","3,04582","0,38158","14,92872","275,61586"
"107,671","0,320614","-5,222002",,"-9,86081","3,03595","0,38462","14,88039","274,72356"
"107,672","1,320614","-4,222002",,"-9,83871","3,02611","0,38765","8,77991","273,83225"
"107,673","2,320614","-4,222002",,"-9,82766","3,01627","0,39067","5,7351","272,94245"
"107,674","0,320614","-3,222002",,"-9,83871","3,00644","0,39368","8,72285","272,05264"
"107,675","1,320614","-0,222002",,"-9,79451","2,99662","0,39669","3,29213","271,16433"
"107,676","1,320614","0,777998",,"-9,78346","2,98683","0,39968","6,2682","270,27853"
"107,677","5,320614","0,777998",,"-9,73925","2,97707","0,40266","18,15601","269,39522"
"107,678","8,320614","4,777998",,"-9,6619","2,96737","0,40563","38,86844","268,51742"
"107,679","5,320614","5,777998",,"-9,684","2,9577","0,40859","32,82635","267,64211"
"107,68","7,320614","5,777998",,"-9,6619","2,94803","0,41155","38,61504","266,76681"
"107,681","2,320614","2,777998",,"-9,75031","2,93832","0,41449","14,98135","265,8885"
"107,682","3,320614","2,777998",,"-9,73925","2,92857","0,41742","17,86024","265,0067"
"107,683","4,320614","2,777998",,"-9,7282","2,91884","0,42035","20,71972","264,12589"
"107,684","1,320614","2,777998",,"-9,76136","2,9091","0,42326","11,92326","263,24409"
"107,685","0,320614","1,777998",,"-9,78346","2,89932","0,42617","6,08456","262,35978"
"107,686","-0,679386","-0,222002",,"-9,81661","2,88952","0,42906","2,60458","261,47298"
"107,687","-0,679386","-0,222002",,"-9,81661","2,87971","0,43195","2,59573","260,58467"
"107,688","-0,679386","-0,222002",,"-9,81661","2,86989","0,43482","2,58688","259,69637"
"107,689","-2,679386","-2,222002",,"-9,86081","2,86005","0,43768","14,01822","258,80606"
"107,69","-1,679386","-1,222002",,"-9,83871","2,8502","0,44054","8,26954","257,91476"
"107,691","-3,679386","-1,222002",,"-9,86081","2,84035","0,44339","13,92167","257,02345"
"107,692","-3,679386","-4,222002",,"-9,89397","2,83047","0,44622","22,36468","256,12965"
"107,693","-4,679386","-2,222002",,"-9,88292","2,82059","0,44905","19,46596","255,23484"
"107,694","-3,679386","-3,222002",,"-9,88292","2,8107","0,45186","19,39775","254,34054"
"107,695","-1,679386","-1,222002",,"-9,83871","2,80084","0,45467","8,12633","253,44823"
"107,696","0,320614","-0,222002",,"-9,80556","2,79102","0,45746","0,27523","252,55943"
"107,697","0,320614","2,777998",,"-9,77241","2,78123","0,46025","8,61796","251,67362"
"107,698","2,320614","-0,222002",,"-9,78346","2,77145","0,46303","5,81621","250,78882"
"107,699","2,320614","0,777998",,"-9,77241","2,76168","0,46579","8,55736","249,90401"
"107,7","3,320614","0,777998",,"-9,76136","2,75191","0,46855","11,27901","249,02021"
"107,701","4,320614","-1,222002",,"-9,77241","2,74214","0,4713","8,49683","248,1364"
"107,702","6,320614","1,777998",,"-9,71715","2,7324","0,47403","22,12862","247,2546"
"107,703","4,320614","0,777998",,"-9,75031","2,72266","0,47676","13,8818","246,37379"
"107,704","2,320614","-1,222002",,"-9,79451","2,71289","0,47948","2,98041","245,48949"
"107,705","2,320614","1,777998",,"-9,76136","2,70311","0,48219","11,07901","244,60468"
"107,706","3,320614","-0,222002",,"-9,77241","2,69335","0,48489","8,34563","243,72088"
"107,707","2,320614","-0,222002",,"-9,78346","2,68357","0,48757","5,63177","242,83607"
"107,708","-0,679386","2,777998",,"-9,78346","2,67378","0,49025","5,61124","241,95077"
"107,709","-0,679386","-0,222002",,"-9,81661","2,66398","0,49292","2,40128","241,06396"
"107,71","0,320614","-1,222002",,"-9,81661","2,65417","0,49558","2,39244","240,17565"
"107,711","0,320614","-1,222002",,"-9,81661","2,64435","0,49823","2,38359","239,28735"
"107,712","-0,679386","-0,222002",,"-9,81661","2,63453","0,50087","2,37474","238,39904"
"107,713","-0,679386","1,777998",,"-9,79451","2,62473","0,5035","2,88356","237,51174"
"107,714","-1,679386","0,777998",,"-9,81661","2,61492","0,50612","2,35706","236,62443"
"107,715","-2,679386","-0,222002",,"-9,83871","2,6051","0,50873","7,55839","235,73513"
"107,716","-1,679386","1,777998",,"-9,80556","2,59527","0,51133","0,25593","234,84632"
"107,717","-2,679386","-2,222002",,"-9,86081","2,58544","0,51392","12,67225","233,95652"
"107,718","-0,679386","-1,222002",,"-9,82766","2,5756","0,5165","4,89721","233,06571"
"107,719","-2,679386","-0,222002",,"-9,83871","2,56576","0,51907","7,44427","232,17591"
"107,72","0,320614","-1,222002",,"-9,81661","2,55594","0,52163","2,30389","231,2866"
"107,721","-0,679386","0,777998",,"-9,80556","2,54612","0,52418","0,25108","230,3988"
"107,722","1,320614","0,777998",,"-9,78346","2,53633","0,52672","5,32277","229,51249"
"107,723","0,320614","-1,222002",,"-9,81661","2,52653","0,52925","2,27738","228,62569"
"107,724","1,320614","-0,222002",,"-9,79451","2,51672","0,53178","2,7649","227,73838"
"107,725","1,320614","0,777998",,"-9,78346","2,50694","0,53429","5,26108","226,85258"
"107,726","1,320614","0,777998",,"-9,78346","2,49715","0,53679","5,24055","225,96727"
"107,727","2,320614","1,777998",,"-9,76136","2,48738","0,53928","10,1948","225,08297"
"107,728","1,320614","-0,222002",,"-9,79451","2,4776","0,54176","2,72192","224,19816"
"107,729","-0,679386","1,777998",,"-9,79451","2,46781","0,54424","2,71116","223,31186"
"107,73","2,320614","0,777998",,"-9,77241","2,45802","0,5467","7,61646","222,42655"
"107,731","0,320614","-1,222002",,"-9,81661","2,44823","0,54915","2,2068","221,54025"
"107,732","-0,679386","-0,222002",,"-9,81661","2,43841","0,5516","2,19796","220,65194"
"107,733","-0,679386","-0,222002",,"-9,81661","2,4286","0,55403","2,18911","219,76364"
"107,734","-0,679386","1,777998",,"-9,79451","2,41879","0,55645","2,65731","218,87633"
"107,735","-0,679386","1,777998",,"-9,79451","2,409","0,55887","2,64655","217,99003"
"107,736","-2,679386","-2,222002",,"-9,86081","2,39917","0,56127","11,75925","217,10072"
"107,737","-0,679386","0,777998",,"-9,80556","2,38933","0,56367","0,23562","216,21092"
"107,738","-2,679386","-0,222002",,"-9,83871","2,37951","0,56605","6,90389","215,32211"
"107,739","-0,679386","-0,222002",,"-9,81661","2,36969","0,56843","2,13601","214,43281"
"107,74","-0,679386","-0,222002",,"-9,81661","2,35987","0,57079","2,12716","213,5445"
"107,741","-0,679386","-1,222002",,"-9,82766","2,35005","0,57315","4,46835","212,6557"
"107,742","-0,679386","-0,222002",,"-9,81661","2,34022","0,57549","2,10945","211,76689"
"107,743","-0,679386","0,777998",,"-9,80556","2,33041","0,57783","0,22981","210,87908"
"107,744","1,320614","1,777998",,"-9,77241","2,32062","0,58015","7,19071","209,99328"
"107,745","-0,679386","-1,222002",,"-9,82766","2,31082","0,58247","4,39377","209,10647"
"107,746","0,320614","0,777998",,"-9,79451","2,30101","0,58477","2,52792","208,21867"
"107,747","1,320614","0,777998",,"-9,78346","2,29122","0,58707","4,80839","207,33286"
"107,748","2,320614","0,777998",,"-9,77241","2,28145","0,58936","7,06932","206,44806"
"107,749","1,320614","0,777998",,"-9,78346","2,27167","0,59163","4,76735","205,56325"
"107,75","0,320614","0,777998",,"-9,79451","2,26188","0,5939","2,48493","204,67745"
"107,751","2,320614","0,777998",,"-9,77241","2,2521","0,59616","6,97837","203,79214"
"107,752","1,320614","0,777998",,"-9,78346","2,24232","0,5984","4,70576","202,90734"
"107,753","2,320614","1,777998",,"-9,76136","2,23255","0,60064","9,15034","202,02303"
"107,754","0,320614","-2,222002",,"-9,82766","2,22275","0,60287","4,22631","201,13673"
"107,755","0,320614","-0,222002",,"-9,80556","2,21293","0,60509","0,21822","200,24842"
"107,756","-0,679386","-0,222002",,"-9,81661","2,20312","0,60729","1,98587","199,36062"
"107,757","-0,679386","-1,222002",,"-9,82766","2,1933","0,60949","4,17032","198,47181"
"107,758","-0,679386","-0,222002",,"-9,81661","2,18348","0,61168","1,96816","197,58301"
"107,759","-1,679386","-0,222002",,"-9,82766","2,17366","0,61386","4,13296","196,6942"
"107,76","-1,679386","-1,222002",,"-9,83871","2,16382","0,61603","6,27809","195,8044"
"107,761","-2,679386","-0,222002",,"-9,83871","2,15398","0,61819","6,24955","194,91409"
"107,762","0,320614","-0,222002",,"-9,80556","2,14416","0,62034","0,21144","194,02529"
"107,763","-0,679386","-1,222002",,"-9,82766","2,13435","0,62247","4,05822","193,13698"
"107,764","0,320614","1,777998",,"-9,78346","2,12454","0,6246","4,45859","192,24968"
"107,765","-0,679386","1,777998",,"-9,79451","2,11475","0,62672","2,32329","191,36387"
"107,766","-0,679386","-1,222002",,"-9,82766","2,10494","0,62883","4,00231","190,47607"
"107,767","1,320614","-1,222002",,"-9,80556","2,09512","0,63093","0,2066","189,58776"
"107,768","-0,679386","-0,222002",,"-9,81661","2,08531","0,63302","1,87968","188,69996"
"107,769","0,320614","0,777998",,"-9,79451","2,07551","0,6351","2,28018","187,81265"
"107,77","1,320614","1,777998",,"-9,77241","2,06572","0,63718","6,40088","186,92735"
"107,771","-0,679386","0,777998",,"-9,80556","2,05593","0,63924","0,20274","186,04154"
"107,772","2,320614","0,777998",,"-9,77241","2,04615","0,64129","6,34021","185,15574"
"107,773","2,320614","-1,222002",,"-9,79451","2,03636","0,64333","2,23717","184,27043"
"107,774","3,320614","-1,222002",,"-9,78346","2,02657","0,64536","4,25299","183,38463"
"107,775","1,320614","0,777998",,"-9,78346","2,01679","0,64738","4,23246","182,49932"
"107,776","0,320614","0,777998",,"-9,79451","2,007","0,64939","2,20492","181,61352"
"107,777","0,320614","-1,222002",,"-9,81661","1,9972","0,6514","1,80025","180,72621"
"107,778","0,320614","0,777998",,"-9,79451","1,98739","0,65339","2,18337","179,8389"
"107,779","-0,679386","-0,222002",,"-9,81661","1,97758","0,65537","1,78257","178,9516"
"107,78","-0,679386","-0,222002",,"-9,81661","1,96777","0,65734","1,77372","178,06329"
"107,781","0,320614","1,777998",,"-9,78346","1,95797","0,65931","4,10901","177,17649"
"107,782","-0,679386","1,777998",,"-9,79451","1,94818","0,66126","2,14029","176,29068"
"107,783","-0,679386","2,777998",,"-9,78346","1,93839","0,6632","4,06793","175,40488"
"107,784","0,320614","1,777998",,"-9,78346","1,92861","0,66514","4,0474","174,51957"
"107,785","-0,679386","-0,222002",,"-9,81661","1,91881","0,66706","1,72959","173,63277"
"107,786","-0,679386","-1,222002",,"-9,82766","1,90898","0,66897","3,62972","172,74396"
"107,787","-0,679386","0,777998",,"-9,80556","1,89917","0,67088","0,18728","171,85566"
"107,788","0,320614","-2,222002",,"-9,82766","1,88935","0,67277","3,59239","170,96735"
"107,789","-0,679386","-0,222002",,"-9,81661","1,87953","0,67466","1,69418","170,07855"
"107,79","0,320614","-1,222002",,"-9,81661","1,86971","0,67653","1,68534","169,19024"
"107,791","-0,679386","1,777998",,"-9,79451","1,85991","0,6784","2,04332","168,30294"
"107,792","-1,679386","-3,222002",,"-9,86081","1,85008","0,68025","9,06795","167,41363"
"107,793","0,320614","-0,222002",,"-9,80556","1,84025","0,6821","0,18147","166,52383"
"107,794","0,320614","0,777998",,"-9,79451","1,83045","0,68393","2,01095","165,63702"
"107,795","1,320614","0,777998",,"-9,78346","1,82066","0,68576","3,82085","164,75122"
"107,796","0,320614","-0,222002",,"-9,80556","1,81086","0,68757","0,17857","163,86491"
"107,797","-0,679386","1,777998",,"-9,79451","1,80106","0,68938","1,97867","162,97811"
"107,798","0,320614","-1,222002",,"-9,81661","1,79126","0,69117","1,61462","162,0908"
"107,799","0,320614","-0,222002",,"-9,80556","1,78145","0,69296","0,17567","161,203"
"107,8","-0,679386","-0,222002",,"-9,81661","1,77163","0,69474","1,59693","160,31519"
"107,801","0,320614","-1,222002",,"-9,81661","1,76182","0,6965","1,58808","159,42689"
"107,802","-0,679386","0,777998",,"-9,80556","1,75201","0,69826","0,17277","158,53908"
"107,803","-0,679386","-0,222002",,"-9,81661","1,7422","0,70001","1,57039","157,65128"
"107,804","-3,679386","-1,222002",,"-9,86081","1,73236","0,70175","8,49095","156,76097"
"107,805","0,320614","0,777998",,"-9,79451","1,72253","0,70347","1,89239","155,87167"
"107,806","-0,679386","-0,222002",,"-9,81661","1,71272","0,70519","1,54383","154,98436"
"107,807","-0,679386","2,777998",,"-9,78346","1,70292","0,7069","3,57378","154,09756"
"107,808","-0,679386","-0,222002",,"-9,81661","1,69312","0,7086","1,52616","153,21075"
"107,809","-0,679386","-1,222002",,"-9,82766","1,6833","0,71028","3,20061","152,32195"
"107,81","-1,679386","-0,222002",,"-9,82766","1,67347","0,71196","3,18192","151,43264"
"107,811","-0,679386","-1,222002",,"-9,82766","1,66365","0,71363","3,16324","150,54333"
"107,812","-0,679386","0,777998",,"-9,80556","1,65383","0,71529","0,16309","149,65503"
"107,813","0,320614","-2,222002",,"-9,82766","1,64401","0,71694","3,12591","148,76672"
"107,814","0,320614","1,777998",,"-9,78346","1,63421","0,71858","3,42957","147,87942"
"107,815","-0,679386","0,777998",,"-9,80556","1,62441","0,72021","0,16019","146,99311"
"107,816","0,320614","2,777998",,"-9,77241","1,61462","0,72183","5,00309","146,10731"
"107,817","0,320614","1,777998",,"-9,78346","1,60485","0,72344","3,36795","145,2225"
"107,818","1,320614","-0,222002",,"-9,79451","1,59506","0,72504","1,75235","144,3367"
"107,819","-0,679386","0,777998",,"-9,80556","1,58526","0,72663","0,15633","143,44989"
"107,82","2,320614","0,777998",,"-9,77241","1,57547","0,72821","4,88176","142,56409"
"107,821","-0,679386","-1,222002",,"-9,82766","1,56567","0,72978","2,97694","141,67728"
"107,822","-0,679386","-0,222002",,"-9,81661","1,55585","0,73134","1,40242","140,78848"
"107,823","1,320614","0,777998",,"-9,78346","1,54605","0,73289","3,24455","139,90167"
"107,824","0,320614","-0,222002",,"-9,80556","1,53625","0,73443","0,15149","139,01537"
"107,825","-0,679386","-1,222002",,"-9,82766","1,52643","0,73596","2,90234","138,12706"
"107,826","0,320614","0,777998",,"-9,79451","1,51662","0,73748","1,66618","137,23926"
"107,827","-0,679386","-2,222002",,"-9,83871","1,50681","0,739","4,37183","136,35095"
"107,828","1,320614","-1,222002",,"-9,80556","1,49698","0,7405","0,14762","135,46215"
"107,829","1,320614","0,777998",,"-9,78346","1,48719","0,74199","3,12104","134,57584"
"107,83","1,320614","-0,222002",,"-9,79451","1,4774","0,74347","1,62309","133,69004"
"107,831","-0,679386","-0,222002",,"-9,81661","1,4676","0,74494","1,32287","132,80273"
"107,832","-0,679386","-0,222002",,"-9,81661","1,45778","0,74641","1,31402","131,91443"
"107,833","-0,679386","-2,222002",,"-9,83871","1,44795","0,74786","4,20107","131,02512"
"107,834","1,320614","-2,222002",,"-9,81661","1,43812","0,7493","1,29631","130,13582"
"107,835","0,320614","0,777998",,"-9,79451","1,42832","0,75074","1,56917","129,24851"
"107,836","-0,679386","0,777998",,"-9,80556","1,41852","0,75216","0,13988","128,36171"
"107,837","1,320614","0,777998",,"-9,78346","1,40872","0,75357","2,95636","127,4754"
"107,838","-0,679386","-1,222002",,"-9,82766","1,39892","0,75498","2,65989","126,5881"
"107,839","-0,679386","-1,222002",,"-9,82766","1,38909","0,75637","2,6412","125,69879"
"107,84","3,320614","-1,222002",,"-9,78346","1,37928","0,75775","2,89458","124,81149"
"107,841","1,320614","1,777998",,"-9,77241","1,36951","0,75913","4,24357","123,92668"
"107,842","0,320614","0,777998",,"-9,79451","1,35972","0,76049","1,49381","123,04138"
"107,843","1,320614","1,777998",,"-9,77241","1,34994","0,76185","4,18294","122,15607"
"107,844","-0,679386","-1,222002",,"-9,82766","1,34014","0,76319","2,54813","121,26927"
"107,845","0,320614","-0,222002",,"-9,80556","1,33032","0,76453","0,13119","120,38096"
"107,846","0,320614","-0,222002",,"-9,80556","1,32052","0,76585","0,13022","119,49365"
"107,847","0,320614","-1,222002",,"-9,81661","1,31071","0,76717","1,18146","118,60585"
"107,848","0,320614","-0,222002",,"-9,80556","1,3009","0,76848","0,12828","117,71804"
"107,849","0,320614","-0,222002",,"-9,80556","1,29109","0,76977","0,12732","116,83074"
"107,85","-0,679386","-0,222002",,"-9,81661","1,28128","0,77106","1,15493","115,94293"
"107,851","-0,679386","-0,222002",,"-9,81661","1,27146","0,77233","1,14608","115,05463"
"107,852","-0,679386","-1,222002",,"-9,82766","1,26164","0,7736","2,39887","114,16582"
"107,853","-0,679386","-0,222002",,"-9,81661","1,25182","0,77486","1,12837","113,27702"
"107,854","0,320614","-0,222002",,"-9,80556","1,24201","0,7761","0,12248","112,38921"
"107,855","-0,679386","-0,222002",,"-9,81661","1,2322","0,77734","1,11069","111,50141"
"107,856","-0,679386","-0,222002",,"-9,81661","1,22238","0,77857","1,10184","110,6131"
"107,857","0,320614","1,777998",,"-9,78346","1,21258","0,77979","2,54473","109,7263"
"107,858","-0,679386","-0,222002",,"-9,81661","1,20278","0,78099","1,08417","108,83949"
"107,859","-0,679386","-1,222002",,"-9,82766","1,19296","0,78219","2,26827","107,95069"
"107,86","-0,679386","-1,222002",,"-9,82766","1,18313","0,78338","2,24959","107,06138"
"107,861","0,320614","1,777998",,"-9,78346","1,17332","0,78456","2,46235","106,17408"
"107,862","-0,679386","-0,222002",,"-9,81661","1,16352","0,78573","1,04879","105,28727"
"107,863","-0,679386","-0,222002",,"-9,81661","1,15371","0,78689","1,03994","104,39897"
"107,864","-0,679386","-0,222002",,"-9,81661","1,14389","0,78803","1,03109","103,51066"
"107,865","-0,679386","0,777998",,"-9,80556","1,13408","0,78917","0,11183","102,62286"
"107,866","0,320614","-2,222002",,"-9,82766","1,12426","0,7903","2,13766","101,73455"
"107,867","-0,679386","-0,222002",,"-9,81661","1,11444","0,79142","1,00454","100,84575"
"107,868","0,320614","0,777998",,"-9,79451","1,10464","0,79253","1,21357","99,95844"
"107,869","2,320614","-1,222002",,"-9,79451","1,09484","0,79363","1,20281","99,07214"
"107,87","-0,679386","-0,222002",,"-9,81661","1,08504","0,79472","0,97804","98,18483"
"107,871","0,320614","-2,222002",,"-9,82766","1,07521","0,7958","2,0444","97,29603"
"107,872","-2,679386","-0,222002",,"-9,83871","1,06538","0,79687","3,09108","96,40622"
"107,873","-0,679386","-0,222002",,"-9,81661","1,05555","0,79793","0,95146","95,51692"
"107,874","1,320614","-0,222002",,"-9,79451","1,04575","0,79898","1,14887","94,62961"
"107,875","-0,679386","-2,222002",,"-9,83871","1,03593","0,80002","3,00563","93,74131"
"107,876","-0,679386","1,777998",,"-9,79451","1,02611","0,80105","1,1273","92,853"
"107,877","0,320614","1,777998",,"-9,78346","1,01632","0,80208","2,13287","91,9672"
"107,878","1,320614","-0,222002",,"-9,79451","1,00654","0,80309","1,10579","91,08139"
"107,879","-0,679386","0,777998",,"-9,80556","0,99674","0,80409","0,09829","90,19459"
"107,88","-0,679386","-0,222002",,"-9,81661","0,98692","0,80508","0,8896","89,30678"
"107,881","0,320614","-1,222002",,"-9,81661","0,97711","0,80606","0,88075","88,41847"
"107,882","0,320614","0,777998",,"-9,79451","0,9673","0,80703","1,06269","87,53117"
"107,883","-0,679386","-0,222002",,"-9,81661","0,9575","0,808","0,86308","86,64386"
"107,884","-0,679386","-0,222002",,"-9,81661","0,94768","0,80895","0,85423","85,75556"
"107,885","1,320614","-2,222002",,"-9,81661","0,93786","0,80989","0,84538","84,86725"
"107,886","-0,679386","-0,222002",,"-9,81661","0,92805","0,81083","0,83653","83,97895"
"107,887","1,320614","-1,222002",,"-9,80556","0,91824","0,81175","0,09055","83,09114"
"107,888","-0,679386","-0,222002",,"-9,81661","0,90842","0,81266","0,81884","82,20334"
"107,889","1,320614","-1,222002",,"-9,80556","0,89861","0,81357","0,08861","81,31553"
"107,89","0,320614","0,777998",,"-9,79451","0,88881","0,81446","0,97646","80,42873"
"107,891","0,320614","-0,222002",,"-9,80556","0,87901","0,81534","0,08668","79,54192"
"107,892","1,320614","-0,222002",,"-9,79451","0,86921","0,81622","0,95493","78,65512"
"107,893","0,320614","0,777998",,"-9,79451","0,85942","0,81708","0,94417","77,76881"
"107,894","1,320614","-0,222002",,"-9,79451","0,84962","0,81794","0,93341","76,88251"
"107,895","1,320614","-2,222002",,"-9,81661","0,83982","0,81878","0,757","75,9952"
"107,896","1,320614","-0,222002",,"-9,79451","0,83001","0,81962","0,91186","75,1079"
"107,897","0,320614","-0,222002",,"-9,80556","0,82021","0,82044","0,08088","74,22109"
"107,898","1,320614","-2,222002",,"-9,81661","0,8104","0,82126","0,73049","73,33329"
"107,899","0,320614","0,777998",,"-9,79451","0,8006","0,82206","0,87954","72,44598"
"107,9","-1,679386","0,777998",,"-9,81661","0,79079","0,82286","0,71281","71,55868"
"107,901","-0,679386","-1,222002",,"-9,82766","0,78097","0,82364","1,48492","70,66987"
"107,902","0,320614","1,777998",,"-9,78346","0,77116","0,82442","1,61837","69,78257"
"107,903","-0,679386","-0,222002",,"-9,81661","0,76136","0,82519","0,68628","68,89576"
"107,904","0,320614","-0,222002",,"-9,80556","0,75155","0,82594","0,07411","68,00796"
"107,905","-0,679386","-1,222002",,"-9,82766","0,74174","0,82669","1,41033","67,11965"
"107,906","-0,679386","-0,222002",,"-9,81661","0,73191","0,82743","0,65974","66,23085"
"107,907","-0,679386","-1,222002",,"-9,82766","0,72209","0,82815","1,37298","65,34204"
"107,908","1,320614","-0,222002",,"-9,79451","0,71228","0,82887","0,78252","64,45424"
"107,909","2,320614","-1,222002",,"-9,79451","0,70249","0,82958","0,77176","63,56793"
"107,91","-0,679386","-2,222002",,"-9,83871","0,69267","0,83027","2,0097","62,67963"
"107,911","0,320614","-0,222002",,"-9,80556","0,68285","0,83096","0,06734","61,79082"
"107,912","1,320614","-1,222002",,"-9,80556","0,67304","0,83164","0,06637","60,90352"
"107,913","4,320614","1,777998",,"-9,73925","0,66327","0,83231","4,04502","60,01921"
"107,914","2,320614","0,777998",,"-9,77241","0,65351","0,83297","2,02498","59,1364"
"107,915","1,320614","-1,222002",,"-9,80556","0,64372","0,83362","0,06348","58,2506"
"107,916","-2,679386","-1,222002",,"-9,84976","0,6339","0,83425","2,47308","57,36129"
"107,917","0,320614","-0,222002",,"-9,80556","0,62407","0,83488","0,06154","56,47199"
"107,918","0,320614","-0,222002",,"-9,80556","0,61426","0,8355","0,06057","55,58468"
"107,919","0,320614","-1,222002",,"-9,81661","0,60445","0,83611","0,54485","54,69688"
"107,92","1,320614","-0,222002",,"-9,79451","0,59465","0,83671","0,65329","53,80957"
"107,921","1,320614","-1,222002",,"-9,80556","0,58485","0,8373","0,05767","52,92277"
"107,922","-1,679386","0,777998",,"-9,81661","0,57504","0,83788","0,51833","52,03496"
"107,923","-0,679386","0,777998",,"-9,80556","0,56522","0,83845","0,05574","51,14716"
"107,924","-0,679386","-0,222002",,"-9,81661","0,55541","0,83901","0,50064","50,25935"
"107,925","-0,679386","0,777998",,"-9,80556","0,5456","0,83956","0,0538","49,37155"
"107,926","0,320614","-1,222002",,"-9,81661","0,53579","0,8401","0,48296","48,48374"
"107,927","-0,679386","1,777998",,"-9,79451","0,52599","0,84063","0,57785","47,59644"
"107,928","-0,679386","0,777998",,"-9,80556","0,51619","0,84115","0,0509","46,70963"
"107,929","-0,679386","-0,222002",,"-9,81661","0,50637","0,84167","0,45644","45,82183"
"107,93","1,320614","-0,222002",,"-9,79451","0,49657","0,84217","0,54554","44,93452"
"107,931","0,320614","0,777998",,"-9,79451","0,48677","0,84266","0,53478","44,04822"
"107,932","0,320614","1,777998",,"-9,78346","0,47699","0,84314","1,00101","43,16241"
"107,933","-0,679386","0,777998",,"-9,80556","0,46719","0,84361","0,04607","42,27611"
"107,934","0,320614","-1,222002",,"-9,81661","0,45738","0,84407","0,41228","41,3883"
"107,935","-0,679386","-0,222002",,"-9,81661","0,44756","0,84453","0,40343","40,5"
"107,936","-1,679386","-0,222002",,"-9,82766","0,43774","0,84497","0,83232","39,61119"
"107,937","-0,679386","-0,222002",,"-9,81661","0,42792","0,8454","0,38572","38,72239"
"107,938","2,320614","-2,222002",,"-9,80556","0,41811","0,84583","0,04123","37,83458"
"107,939","0,320614","1,777998",,"-9,78346","0,40831","0,84624","0,85689","36,94828"
"107,94","1,320614","0,777998",,"-9,78346","0,39853","0,84664","0,83636","36,06297"
"107,941","2,320614","-2,222002",,"-9,80556","0,38874","0,84704","0,03833","35,17667"
"107,942","-0,679386","-1,222002",,"-9,82766","0,37892","0,84742","0,72047","34,28836"
"107,943","-0,679386","2,777998",,"-9,78346","0,36911","0,84779","0,77463","33,40106"
"107,944","-0,679386","-0,222002",,"-9,81661","0,35931","0,84816","0,32388","32,51425"
"107,945","-0,679386","-0,222002",,"-9,81661","0,3495","0,84851","0,31503","31,62595"
"107,946","1,320614","-0,222002",,"-9,79451","0,33969","0,84886","0,37319","30,73864"
"107,947","-0,679386","-1,222002",,"-9,82766","0,32988","0,84919","0,62723","29,85084"
"107,948","-0,679386","-0,222002",,"-9,81661","0,32006","0,84952","0,2885","28,96203"
"107,949","-0,679386","0,777998",,"-9,80556","0,31025","0,84983","0,03059","28,07422"
"107,95","0,320614","-2,222002",,"-9,82766","0,30043","0,85014","0,57123","27,18592"
"107,951","-2,679386","-0,222002",,"-9,83871","0,2906","0,85043","0,84313","26,29611"
"107,952","-0,679386","-1,222002",,"-9,82766","0,28076","0,85072","0,53384","25,40631"
"107,953","0,320614","-0,222002",,"-9,80556","0,27095","0,85099","0,02672","24,518"
"107,954","0,320614","0,777998",,"-9,79451","0,26115","0,85126","0,2869","23,6312"
"107,955","-0,679386","-2,222002",,"-9,83871","0,25133","0,85152","0,72921","22,74289"
"107,956","0,320614","-1,222002",,"-9,81661","0,2415","0,85176","0,21769","21,85359"
"107,957","2,320614","1,777998",,"-9,76136","0,23171","0,852","0,94971","20,96778"
"107,958","0,320614","-1,222002",,"-9,81661","0,22192","0,85223","0,20004","20,08198"
"107,959","1,320614","-1,222002",,"-9,80556","0,21211","0,85244","0,02092","19,19417"
"107,96","2,320614","-1,222002",,"-9,79451","0,20231","0,85265","0,22226","18,30737"
"107,961","-0,679386","0,777998",,"-9,80556","0,19251","0,85285","0,01898","17,42056"
"107,962","-0,679386","-0,222002",,"-9,81661","0,1827","0,85304","0,16469","16,53276"
"107,963","2,320614","-0,222002",,"-9,78346","0,1729","0,85321","0,36286","15,64595"
"107,964","-0,679386","-0,222002",,"-9,81661","0,1631","0,85338","0,14702","14,75915"
"107,965","1,320614","-0,222002",,"-9,79451","0,1533","0,85354","0,16841","13,87184"
"107,966","-0,679386","-0,222002",,"-9,81661","0,14349","0,85369","0,12934","12,98454"
"107,967","0,320614","0,777998",,"-9,79451","0,13369","0,85383","0,14687","12,09723"
"107,968","-1,679386","-1,222002",,"-9,83871","0,12387","0,85396","0,35939","11,20893"
"107,969","-0,679386","-0,222002",,"-9,81661","0,11404","0,85407","0,1028","10,31962"
"107,97","0,320614","-0,222002",,"-9,80556","0,10423","0,85418","0,01028","9,43182"
"107,971","0,320614","-0,222002",,"-9,80556","0,09442","0,85428","0,00931","8,54451"
"107,972","2,320614","-1,222002",,"-9,79451","0,08462","0,85437","0,09297","7,65771"
"107,973","-0,679386","0,777998",,"-9,80556","0,07482","0,85445","0,00738","6,7709"
"107,974","-0,679386","-0,222002",,"-9,81661","0,06501","0,85452","0,0586","5,8831"
"107,975","-0,679386","0,777998",,"-9,80556","0,0552","0,85458","0,00544","4,99529"
"107,976","1,320614","-2,222002",,"-9,81661","0,04539","0,85463","0,04092","4,10749"
"107,977","3,320614","-0,222002",,"-9,77241","0,0356","0,85467","0,1103","3,22118"
"107,978","0,320614","-0,222002",,"-9,80556","0,02581","0,8547","0,00254","2,33538"
"107,979","0,320614","-2,222002",,"-9,82766","0,01599","0,85472","0,03041","1,44707"
"107,98","-0,679386","-0,222002",,"-9,81661","0,00617","0,85474","0,00556","0,55827"
"107,981","2,320614","-0,222002",,"-9,78346","-0,00363","0,85474","0,00762","-0,32854"
"107,982","0,320614","0,777998",,"-9,79451","-0,01342","0,85473","0,01474","-1,21435"
"107,983","1,320614","-0,222002",,"-9,79451","-0,02321","0,85471","0,0255","-2,10065"
"107,984","0,320614","-1,222002",,"-9,81661","-0,03302","0,85468","0,02976","-2,98796"
"107,985","1,320614","-0,222002",,"-9,79451","-0,04283","0,85464","0,04705","-3,87526"
"107,986","0,320614","0,777998",,"-9,79451","-0,05262","0,8546","0,05781","-4,76157"
"107,987","-0,679386","-0,222002",,"-9,81661","-0,06243","0,85454","0,05627","-5,64887"
"107,988","1,320614","-0,222002",,"-9,79451","-0,07223","0,85447","0,07935","-6,53618"
"107,989","0,320614","0,777998",,"-9,79451","-0,08203","0,85439","0,09011","-7,42248"
"107,99","-0,679386","0,777998",,"-9,80556","-0,09183","0,85431","0,00906","-8,30929"
"107,991","1,320614","-1,222002",,"-9,80556","-0,10163","0,85421","0,01002","-9,19659"
"107,992","0,320614","-1,222002",,"-9,81661","-0,11144","0,8541","0,10045","-10,0844"
"107,993","-1,679386","-2,222002",,"-9,84976","-0,12128","0,85399","0,47314","-10,9742"
"107,994","0,320614","0,777998",,"-9,79451","-0,1311","0,85386","0,14403","-11,86301"
"107,995","-2,679386","0,777998",,"-9,82766","-0,14091","0,85373","0,26792","-12,75081"
"107,996","-0,679386","1,777998",,"-9,79451","-0,15072","0,85358","0,16558","-13,63862"
"107,997","-0,679386","0,777998",,"-9,80556","-0,16052","0,85342","0,01583","-14,52542"
"107,998","1,320614","-0,222002",,"-9,79451","-0,17032","0,85326","0,18712","-15,41223"
"107,999","0,320614","-2,222002",,"-9,82766","-0,18013","0,85308","0,3425","-16,30003"
108,"-0,679386","-0,222002",,"-9,81661","-0,18995","0,8529","0,17122","-17,18884"
"108,001","0,320614","1,777998",,"-9,78346","-0,19975","0,8527","0,4192","-18,07564"
"108,002","0,320614","-0,222002",,"-9,80556","-0,20955","0,8525","0,02066","-18,96195"
"108,003","-0,679386","-0,222002",,"-9,81661","-0,21936","0,85228","0,19773","-19,84975"
"108,004","0,320614","0,777998",,"-9,79451","-0,22916","0,85206","0,25176","-20,73706"
"108,005","0,320614","0,777998",,"-9,79451","-0,23896","0,85183","0,26252","-21,62336"
"108,006","-0,679386","-0,222002",,"-9,81661","-0,24876","0,85158","0,22423","-22,51067"
"108,007","-0,679386","0,777998",,"-9,80556","-0,25858","0,85133","0,0255","-23,39847"
"108,008","-0,679386","-1,222002",,"-9,82766","-0,26839","0,85107","0,51032","-24,28678"
"108,009","2,320614","-1,222002",,"-9,79451","-0,2782","0,85079","0,30564","-25,17458"
"108,01","0,320614","-0,222002",,"-9,80556","-0,288","0,85051","0,0284","-26,06139"
"108,011","0,320614","0,777998",,"-9,79451","-0,2978","0,85022","0,32717","-26,94819"
"108,012","-0,679386","-1,222002",,"-9,82766","-0,30761","0,84991","0,58489","-27,836"
"108,013","2,320614","0,777998",,"-9,77241","-0,31741","0,8496","0,98354","-28,7228"
"108,014","-0,679386","-2,222002",,"-9,83871","-0,32722","0,84928","0,94939","-29,61011"
"108,015","-0,679386","-0,222002",,"-9,81661","-0,33705","0,84895","0,30381","-30,49941"
"108,016","-0,679386","1,777998",,"-9,79451","-0,34685","0,8486","0,38106","-31,38672"
"108,017","-0,679386","-1,222002",,"-9,82766","-0,35666","0,84825","0,67816","-32,27453"
"108,018","-0,679386","0,777998",,"-9,80556","-0,36648","0,84789","0,03614","-33,16283"
"108,019","-1,679386","-1,222002",,"-9,83871","-0,3763","0,84752","1,0918","-34,05164"
"108,02","0,320614","-1,222002",,"-9,81661","-0,38613","0,84714","0,34805","-34,94094"
"108,021","1,320614","-1,222002",,"-9,80556","-0,39594","0,84675","0,03904","-35,82875"
"108,022","-1,679386","-1,222002",,"-9,83871","-0,40576","0,84635","1,17728","-36,71755"
"108,023","-0,679386","-1,222002",,"-9,82766","-0,4156","0,84594","0,79021","-37,60736"
"108,024","-1,679386","1,777998",,"-9,80556","-0,42541","0,84552","0,04195","-38,49566"
"108,025","-0,679386","-2,222002",,"-9,83871","-0,43524","0,84509","1,26279","-39,38447"
"108,026","-0,679386","-1,222002",,"-9,82766","-0,44507","0,84464","0,84625","-40,27427"
"108,027","-0,679386","-1,222002",,"-9,82766","-0,4549","0,84419","0,86493","-41,16358"
"108,028","0,320614","-0,222002",,"-9,80556","-0,46471","0,84374","0,04583","-42,05188"
"108,029","0,320614","0,777998",,"-9,79451","-0,47451","0,84327","0,52131","-42,93869"
"108,03","0,320614","-1,222002",,"-9,81661","-0,48432","0,84279","0,43656","-43,82599"
"108,031","-0,679386","-0,222002",,"-9,81661","-0,49414","0,8423","0,44541","-44,7143"
"108,032","-0,679386","1,777998",,"-9,79451","-0,50394","0,8418","0,55364","-45,6016"
"108,033","0,320614","0,777998",,"-9,79451","-0,51374","0,84129","0,5644","-46,48791"
"108,034","0,320614","-1,222002",,"-9,81661","-0,52354","0,84077","0,47191","-47,37521"
"108,035","-0,679386","0,777998",,"-9,80556","-0,53335","0,84024","0,05259","-48,26302"
"108,036","-0,679386","-1,222002",,"-9,82766","-0,54317","0,8397","1,03277","-49,15132"
"108,037","1,320614","-1,222002",,"-9,80556","-0,55299","0,83916","0,05453","-50,03963"
"108,038","-0,679386","-1,222002",,"-9,82766","-0,5628","0,8386","1,0701","-50,92793"
"108,039","0,320614","-0,222002",,"-9,80556","-0,57262","0,83803","0,05647","-51,81624"
"108,04","-0,679386","-1,222002",,"-9,82766","-0,58244","0,83745","1,10743","-52,70454"
"108,041","-0,679386","-0,222002",,"-9,81661","-0,59226","0,83687","0,53385","-53,59335"
"108,042","-1,679386","-2,222002",,"-9,84976","-0,60209","0,83627","2,34899","-54,48315"
"108,043","-0,679386","-1,222002",,"-9,82766","-0,61193","0,83566","1,16351","-55,37346"
"108,044","-1,679386","-0,222002",,"-9,82766","-0,62176","0,83504","1,1822","-56,26276"
"108,045","0,320614","-1,222002",,"-9,81661","-0,63158","0,83442","0,5693","-57,15157"
"108,046","0,320614","-0,222002",,"-9,80556","-0,64139","0,83378","0,06325","-58,03937"
"108,047","1,320614","-1,222002",,"-9,80556","-0,6512","0,83313","0,06422","-58,92668"
"108,048","1,320614","0,777998",,"-9,78346","-0,66099","0,83248","1,38716","-59,81298"
"108,049","0,320614","-1,222002",,"-9,81661","-0,67079","0,83181","0,60464","-60,69979"
"108,05","-0,679386","0,777998",,"-9,80556","-0,6806","0,83114","0,06712","-61,5876"
"108,051","0,320614","-1,222002",,"-9,81661","-0,69041","0,83045","0,62233","-62,4754"
"108,052","-0,679386","0,777998",,"-9,80556","-0,70022","0,82976","0,06905","-63,36321"
"108,053","0,320614","-2,222002",,"-9,82766","-0,71004","0,82905","1,35006","-64,25151"
"108,054","-0,679386","-0,222002",,"-9,81661","-0,71986","0,82834","0,64888","-65,14032"
"108,055","-0,679386","-1,222002",,"-9,82766","-0,72968","0,82761","1,38741","-66,02912"
"108,056","0,320614","-0,222002",,"-9,80556","-0,7395","0,82688","0,07292","-66,91743"
"108,057","-0,679386","0,777998",,"-9,80556","-0,74931","0,82613","0,07389","-67,80473"
"108,058","2,320614","-0,222002",,"-9,78346","-0,7591","0,82538","1,59306","-68,69104"
"108,059","1,320614","-0,222002",,"-9,79451","-0,76889","0,82461","0,84471","-69,57684"
"108,06","0,320614","-0,222002",,"-9,80556","-0,77869","0,82384","0,07679","-70,46365"
"108,061","0,320614","-1,222002",,"-9,81661","-0,7885","0,82306","0,71075","-71,35145"
"108,062","-0,679386","-1,222002",,"-9,82766","-0,79832","0,82226","1,51792","-72,24026"
"108,063","-0,679386","-1,222002",,"-9,82766","-0,80815","0,82146","1,53661","-73,12956"
"108,064","-0,679386","-0,222002",,"-9,81661","-0,81797","0,82065","0,73731","-74,01837"
"108,065","2,320614","-1,222002",,"-9,79451","-0,82778","0,81982","0,90941","-74,90567"
"108,066","0,320614","0,777998",,"-9,79451","-0,83757","0,81899","0,92017","-75,79198"
"108,067","2,320614","0,777998",,"-9,77241","-0,84736","0,81815","2,62563","-76,67728"
"108,068","-0,679386","1,777998",,"-9,79451","-0,85714","0,8173","0,94166","-77,56259"
"108,069","2,320614","0,777998",,"-9,77241","-0,86692","0,81643","2,68626","-78,44789"
"108,07","-0,679386","-0,222002",,"-9,81661","-0,87672","0,81556","0,79026","-79,3342"
"108,071","-0,679386","0,777998",,"-9,80556","-0,88653","0,81468","0,08742","-80,222"
"108,072","-0,679386","-2,222002",,"-9,83871","-0,89635","0,81379","2,60066","-81,11081"
"108,073","-0,679386","-2,222002",,"-9,83871","-0,90619","0,81289","2,62921","-82,00111"
"108,074","0,320614","-0,222002",,"-9,80556","-0,91601","0,81198","0,09033","-82,88992"
"108,075","-1,679386","0,777998",,"-9,81661","-0,92582","0,81106","0,83453","-83,77772"
"108,076","0,320614","-0,222002",,"-9,80556","-0,93563","0,81013","0,09226","-84,66553"
"108,077","-0,679386","-0,222002",,"-9,81661","-0,94545","0,80919","0,85221","-85,55333"
"108,078","0,320614","1,777998",,"-9,78346","-0,95525","0,80823","2,00469","-86,44014"
"108,079","-0,679386","-1,222002",,"-9,82766","-0,96505","0,80727","1,83494","-87,32744"
"108,08","-0,679386","-1,222002",,"-9,82766","-0,97488","0,8063","1,85362","-88,21675"
"108,081","-0,679386","-1,222002",,"-9,82766","-0,98471","0,80533","1,87231","-89,10605"
"108,082","-1,679386","-1,222002",,"-9,83871","-0,99454","0,80434","2,88554","-89,99586"
"108,083","0,320614","-0,222002",,"-9,80556","-1,00436","0,80334","0,09904","-90,88466"
"108,084","-0,679386","1,777998",,"-9,79451","-1,01416","0,80233","1,11417","-91,77147"
"108,085","-0,679386","-1,222002",,"-9,82766","-1,02397","0,80131","1,94697","-92,65928"
"108,086","-1,679386","0,777998",,"-9,81661","-1,03379","0,80028","0,93185","-93,54808"
"108,087","-0,679386","-1,222002",,"-9,82766","-1,04362","0,79924","1,98432","-94,43689"
"108,088","0,320614","-1,222002",,"-9,81661","-1,05344","0,79819","0,94956","-95,32569"
"108,089","-0,679386","0,777998",,"-9,80556","-1,06325","0,79713","0,10485","-96,2135"
"108,09","0,320614","-0,222002",,"-9,80556","-1,07306","0,79606","0,10582","-97,1008"
"108,091","-0,679386","-0,222002",,"-9,81661","-1,08287","0,79499","0,97608","-97,98861"
"108,092","0,320614","-0,222002",,"-9,80556","-1,09268","0,7939","0,10775","-98,87641"
"108,093","-1,679386","-0,222002",,"-9,82766","-1,10249","0,7928","2,09627","-99,76472"
"108,094","0,320614","-2,222002",,"-9,82766","-1,11232","0,79169","2,11496","-100,65402"
"108,095","0,320614","0,777998",,"-9,79451","-1,12213","0,79058","1,23279","-101,54183"
"108,096","1,320614","0,777998",,"-9,78346","-1,13192","0,78945","2,37547","-102,42763"
"108,097","-0,679386","-0,222002",,"-9,81661","-1,14172","0,78831","1,02913","-103,31444"
"108,098","1,320614","1,777998",,"-9,77241","-1,15152","0,78717","3,5681","-104,20074"
"108,099","0,320614","-1,222002",,"-9,81661","-1,16131","0,78601","1,04679","-105,08705"
"108,1","-0,679386","0,777998",,"-9,80556","-1,17112","0,78484","0,11549","-105,97485"
"108,101","1,320614","-1,222002",,"-9,80556","-1,18093","0,78367","0,11645","-106,86216"
"108,102","-0,679386","-0,222002",,"-9,81661","-1,19074","0,78248","1,07332","-107,74996"
"108,103","-0,679386","-0,222002",,"-9,81661","-1,20056","0,78129","1,08217","-108,63827"
"108,104","1,320614","-1,222002",,"-9,80556","-1,21037","0,78008","0,11936","-109,52607"
"108,105","0,320614","0,777998",,"-9,79451","-1,22017","0,77887","1,34049","-110,41288"
"108,106","0,320614","1,777998",,"-9,78346","-1,22996","0,77764","2,5812","-111,29868"
"108,107","-0,679386","-0,222002",,"-9,81661","-1,23976","0,77641","1,1175","-112,18549"
"108,108","0,320614","2,777998",,"-9,77241","-1,24955","0,77516","3,87187","-113,07179"
"108,109","1,320614","-2,222002",,"-9,81661","-1,25934","0,77391","1,13516","-113,9581"
"108,11","-0,679386","0,777998",,"-9,80556","-1,26916","0,77264","0,12515","-114,8459"
"108,111","-0,679386","-0,222002",,"-9,81661","-1,27897","0,77137","1,15285","-115,73371"
"108,112","-0,679386","-0,222002",,"-9,81661","-1,28878","0,77008","1,16169","-116,62201"
"108,113","-2,679386","-0,222002",,"-9,83871","-1,29861","0,76879","3,76777","-117,51132"
"108,114","0,320614","0,777998",,"-9,79451","-1,30843","0,76749","1,43745","-118,39962"
"108,115","-0,679386","-1,222002",,"-9,82766","-1,31824","0,76617","2,50648","-119,28743"
"108,116","-0,679386","1,777998",,"-9,79451","-1,32805","0,76485","1,45901","-120,17523"
"108,117","-0,679386","-0,222002",,"-9,81661","-1,33786","0,76352","1,20593","-121,06254"
"108,118","-0,679386","-2,222002",,"-9,83871","-1,34768","0,76218","3,91015","-121,95184"
"108,119","0,320614","-0,222002",,"-9,80556","-1,35751","0,76082","0,13387","-122,84065"
"108,12","2,320614","0,777998",,"-9,77241","-1,36729","0,75946","4,23671","-123,72646"
"108,121","-0,679386","-0,222002",,"-9,81661","-1,37709","0,75809","1,24129","-124,61276"
"108,122","-0,679386","-1,222002",,"-9,82766","-1,38691","0,75671","2,63706","-125,50157"
"108,123","0,320614","0,777998",,"-9,79451","-1,39672","0,75531","1,53446","-126,38937"
"108,124","1,320614","-1,222002",,"-9,80556","-1,40652","0,75391","0,1387","-127,27618"
"108,125","-0,679386","-0,222002",,"-9,81661","-1,41633","0,7525","1,27667","-128,16398"
"108,126","-0,679386","-0,222002",,"-9,81661","-1,42615","0,75108","1,28551","-129,05229"
"108,127","-1,679386","-0,222002",,"-9,82766","-1,43597","0,74965","2,73034","-129,94109"
"108,128","-0,679386","1,777998",,"-9,79451","-1,44578","0,74821","1,58835","-130,8289"
"108,129","1,320614","-0,222002",,"-9,79451","-1,45558","0,74676","1,59911","-131,7152"
"108,13","-0,679386","-0,222002",,"-9,81661","-1,46538","0,7453","1,32088","-132,60251"
"108,131","-0,679386","0,777998",,"-9,80556","-1,47519","0,74383","0,14547","-133,49031"
"108,132","-0,679386","1,777998",,"-9,79451","-1,48499","0,74235","1,63143","-134,37712"
"108,133","0,320614","-1,222002",,"-9,81661","-1,4948","0,74086","1,34739","-135,26442"
"108,134","0,320614","0,777998",,"-9,79451","-1,50461","0,73936","1,65298","-136,15173"
"108,135","0,320614","-0,222002",,"-9,80556","-1,51441","0,73785","0,14934","-137,03853"
"108,136","0,320614","-1,222002",,"-9,81661","-1,52422","0,73633","1,37391","-137,92634"
"108,137","3,320614","-0,222002",,"-9,77241","-1,53401","0,7348","4,7533","-138,81264"
"108,138","-0,679386","-0,222002",,"-9,81661","-1,54381","0,73326","1,39157","-139,69895"
"108,139","2,320614","-1,222002",,"-9,79451","-1,55361","0,73171","1,70682","-140,58625"
"108,14","1,320614","-0,222002",,"-9,79451","-1,56341","0,73015","1,71758","-141,47256"
"108,141","3,320614","-1,222002",,"-9,78346","-1,57319","0,72858","3,30152","-142,35836"
"108,142","0,320614","0,777998",,"-9,79451","-1,58298","0,72701","1,73908","-143,24417"
"108,143","-0,679386","2,777998",,"-9,78346","-1,59277","0,72542","3,34261","-144,12997"
"108,144","1,320614","-2,222002",,"-9,81661","-1,60257","0,72382","1,44454","-145,01678"
"108,145","-0,679386","1,777998",,"-9,79451","-1,61238","0,72221","1,77138","-145,90408"
"108,146","1,320614","-2,222002",,"-9,81661","-1,62218","0,7206","1,46222","-146,79139"
"108,147","1,320614","1,777998",,"-9,77241","-1,63198","0,71897","5,05687","-147,67769"
"108,148","-0,679386","0,777998",,"-9,80556","-1,64177","0,71733","0,1619","-148,5635"
"108,149","-0,679386","1,777998",,"-9,79451","-1,65157","0,71569","1,81443","-149,4503"
"108,15","1,320614","-1,222002",,"-9,80556","-1,66137","0,71403","0,16383","-150,33711"
"108,151","-0,679386","2,777998",,"-9,78346","-1,67116","0,71236","3,50712","-151,22341"
"108,152","0,320614","0,777998",,"-9,79451","-1,68095","0,71069","1,84671","-152,10922"
"108,153","1,320614","-1,222002",,"-9,80556","-1,69075","0,709","0,16673","-152,99603"
"108,154","-0,679386","-1,222002",,"-9,82766","-1,70057","0,70731","3,23344","-153,88433"
"108,155","1,320614","1,777998",,"-9,77241","-1,71037","0,7056","5,29976","-154,77114"
"108,156","1,320614","-1,222002",,"-9,80556","-1,72016","0,70388","0,16963","-155,65694"
"108,157","0,320614","-0,222002",,"-9,80556","-1,72996","0,70216","0,17059","-156,54425"
"108,158","0,320614","-1,222002",,"-9,81661","-1,73977","0,70042","1,56821","-157,43205"
"108,159","0,320614","0,777998",,"-9,79451","-1,74958","0,69868","1,92211","-158,31936"
"108,16","0,320614","-0,222002",,"-9,80556","-1,75938","0,69693","0,1735","-159,20616"
"108,161","-1,679386","-0,222002",,"-9,82766","-1,7692","0,69516","3,36393","-160,09447"
"108,162","-0,679386","-0,222002",,"-9,81661","-1,77902","0,69339","1,60358","-160,98327"
"108,163","1,320614","-0,222002",,"-9,79451","-1,78882","0,6916","1,96522","-161,87058"
"108,164","-0,679386","-0,222002",,"-9,81661","-1,79863","0,68981","1,62126","-162,75788"
"108,165","-0,679386","-0,222002",,"-9,81661","-1,80844","0,68801","1,63011","-163,64619"
"108,166","0,320614","-1,222002",,"-9,81661","-1,81826","0,68619","1,63896","-164,53449"
"108,167","0,320614","0,777998",,"-9,79451","-1,82807","0,68437","2,00834","-165,4218"
"108,168","0,320614","-1,222002",,"-9,81661","-1,83787","0,68254","1,65664","-166,3091"
"108,169","-0,679386","-0,222002",,"-9,81661","-1,84769","0,68069","1,66548","-167,19741"
"108,17","1,320614","-0,222002",,"-9,79451","-1,85749","0,67884","2,04067","-168,08471"
"108,171","-0,679386","-1,222002",,"-9,82766","-1,86731","0,67698","3,55047","-168,97252"
"108,172","0,320614","-1,222002",,"-9,81661","-1,87713","0,67511","1,69202","-169,86132"
"108,173","0,320614","0,777998",,"-9,79451","-1,88693","0,67322","2,07301","-170,74863"
"108,174","0,320614","-0,222002",,"-9,80556","-1,89673","0,67133","0,18704","-171,63543"
"108,175","-0,679386","1,777998",,"-9,79451","-1,90653","0,66943","2,09454","-172,52224"
"108,176","1,320614","0,777998",,"-9,78346","-1,91632","0,66752","4,02162","-173,40804"
"108,177","0,320614","0,777998",,"-9,79451","-1,92611","0,6656","2,11605","-174,29385"
"108,178","0,320614","0,777998",,"-9,79451","-1,93591","0,66367","2,12681","-175,18015"
"108,179","0,320614","-1,222002",,"-9,81661","-1,94571","0,66173","1,75384","-176,06746"
"108,18","0,320614","0,777998",,"-9,79451","-1,95552","0,65978","2,14835","-176,95476"
"108,181","-0,679386","0,777998",,"-9,80556","-1,96532","0,65782","0,1938","-177,84157"
"108,182","-0,679386","0,777998",,"-9,80556","-1,97512","0,65584","0,19477","-178,72887"
"108,183","-0,679386","-0,222002",,"-9,81661","-1,98493","0,65386","1,7892","-179,61668"
"108,184","-0,679386","-1,222002",,"-9,82766","-1,99476","0,65188","3,79281","-180,50548"
"108,185","0,320614","-1,222002",,"-9,81661","-2,00458","0,64988","1,8069","-181,39429"
"108,186","0,320614","-0,222002",,"-9,80556","-2,01439","0,64787","0,19864","-182,28209"
"108,187","0,320614","-0,222002",,"-9,80556","-2,02419","0,64585","0,19961","-183,1694"
"108,188","-0,679386","-0,222002",,"-9,81661","-2,03401","0,64382","1,83343","-184,05721"
"108,189","-1,679386","-1,222002",,"-9,83871","-2,04383","0,64178","5,92995","-184,94651"
"108,19","0,320614","-0,222002",,"-9,80556","-2,05366","0,63973","0,20252","-185,83532"
"108,191","0,320614","0,777998",,"-9,79451","-2,06346","0,63767","2,26694","-186,72212"
"108,192","2,320614","-0,222002",,"-9,78346","-2,07324","0,6356","4,35094","-187,60793"
"108,193","-2,679386","0,777998",,"-9,82766","-2,08305","0,63352","3,96069","-188,49523"
"108,194","0,320614","-0,222002",,"-9,80556","-2,09287","0,63144","0,20638","-189,38354"
"108,195","1,320614","-4,222002",,"-9,83871","-2,10269","0,62934","6,10072","-190,27234"
"108,196","0,320614","-1,222002",,"-9,81661","-2,11252","0,62723","1,9042","-191,16165"
"108,197","-0,679386","-0,222002",,"-9,81661","-2,12233","0,62511","1,91305","-192,04995"
"108,198","-0,679386","-0,222002",,"-9,81661","-2,13215","0,62299","1,92189","-192,93826"
"108,199","-0,679386","-0,222002",,"-9,81661","-2,14197","0,62085","1,93074","-193,82656"
"108,2","-0,679386","1,777998",,"-9,79451","-2,15177","0,6187","2,36396","-194,71387"
"108,201","-0,679386","-0,222002",,"-9,81661","-2,16158","0,61655","1,94842","-195,60117"
"108,202","-0,679386","-2,222002",,"-9,83871","-2,17141","0,61438","6,30009","-196,49048"
"108,203","-0,679386","0,777998",,"-9,80556","-2,18123","0,6122","0,2151","-197,37928"
"108,204","1,320614","-1,222002",,"-9,80556","-2,19103","0,61002","0,21606","-198,26659"
"108,205","-0,679386","-0,222002",,"-9,81661","-2,20084","0,60782","1,98381","-199,15439"
"108,206","-0,679386","0,777998",,"-9,80556","-2,21066","0,60562","0,218","-200,0422"
"108,207","2,320614","-0,222002",,"-9,78346","-2,22045","0,6034","4,65986","-200,9285"
"108,208","-2,679386","-1,222002",,"-9,84976","-2,23027","0,60117","8,70113","-201,81681"
"108,209","3,320614","0,777998",,"-9,76136","-2,24007","0,59894","9,18119","-202,70411"
"108,21","-1,679386","0,777998",,"-9,81661","-2,24986","0,59669","2,028","-203,58992"
"108,211","-2,679386","0,777998",,"-9,82766","-2,25968","0,59444","4,29653","-204,47872"
"108,212","0,320614","-0,222002",,"-9,80556","-2,2695","0,59218","0,2238","-205,36703"
"108,213","1,320614","-1,222002",,"-9,80556","-2,27931","0,5899","0,22477","-206,25433"
"108,214","0,320614","-1,222002",,"-9,81661","-2,28912","0,58762","2,06338","-207,14214"
"108,215","1,320614","-0,222002",,"-9,79451","-2,29892","0,58532","2,52562","-208,02944"
"108,216","-0,679386","-2,222002",,"-9,83871","-2,30874","0,58302","6,69855","-208,91775"
"108,217","-2,679386","0,777998",,"-9,82766","-2,31857","0,58071","4,4085","-209,80755"
"108,218","-0,679386","-1,222002",,"-9,82766","-2,3284","0,57838","4,42719","-210,69686"
"108,219","-0,679386","0,777998",,"-9,80556","-2,33822","0,57605","0,23058","-211,58516"
"108,22","1,320614","1,777998",,"-9,77241","-2,348","0,57371","7,27556","-212,47097"
"108,221","-0,679386","-0,222002",,"-9,81661","-2,3578","0,57135","2,12529","-213,35728"
"108,222","0,320614","-0,222002",,"-9,80556","-2,36761","0,56899","0,23347","-214,24508"
"108,223","-1,679386","2,777998",,"-9,79451","-2,37741","0,56662","2,61185","-215,13189"
"108,224","-0,679386","1,777998",,"-9,79451","-2,38721","0,56423","2,62261","-216,01819"
"108,225","-0,679386","0,777998",,"-9,80556","-2,39701","0,56184","0,23637","-216,905"
"108,226","1,320614","0,777998",,"-9,78346","-2,4068","0,55944","5,05094","-217,7913"
"108,227","1,320614","1,777998",,"-9,77241","-2,41658","0,55703","7,48804","-218,67611"
"108,228","-0,679386","-0,222002",,"-9,81661","-2,42637","0,55461","2,1871","-219,56241"
"108,229","-0,679386","-1,222002",,"-9,82766","-2,43619","0,55218","4,63215","-220,45122"
"108,23","0,320614","-1,222002",,"-9,81661","-2,44602","0,54974","2,20481","-221,34002"
"108,231","-1,679386","-0,222002",,"-9,82766","-2,45584","0,54728","4,6695","-222,22883"
"108,232","-0,679386","-0,222002",,"-9,81661","-2,46566","0,54482","2,22252","-223,11763"
"108,233","-2,679386","-0,222002",,"-9,83871","-2,47549","0,54235","7,18235","-224,00694"
"108,234","1,320614","0,777998",,"-9,78346","-2,4853","0,53987","5,21568","-224,89474"
"108,235","-0,679386","-0,222002",,"-9,81661","-2,4951","0,53738","2,24905","-225,78155"
"108,236","2,320614","-1,222002",,"-9,79451","-2,5049","0,53488","2,75192","-226,66885"
"108,237","0,320614","-0,222002",,"-9,80556","-2,51471","0,53237","0,24798","-227,55566"
"108,238","-0,679386","0,777998",,"-9,80556","-2,52451","0,52985","0,24895","-228,44296"
"108,239","0,320614","-1,222002",,"-9,81661","-2,53432","0,52732","2,28441","-229,33077"
"108,24","-0,679386","0,777998",,"-9,80556","-2,54413","0,52478","0,25088","-230,21857"
"108,241","1,320614","0,777998",,"-9,78346","-2,55393","0,52224","5,3597","-231,10488"
"108,242","0,320614","0,777998",,"-9,79451","-2,56372","0,51968","2,81653","-231,99068"
"108,243","-0,679386","-0,222002",,"-9,81661","-2,57352","0,51711","2,31974","-232,87799"
"108,244","-1,679386","-0,222002",,"-9,82766","-2,58334","0,51453","4,91194","-233,76679"
"108,245","-0,679386","-3,222002",,"-9,84976","-2,59318","0,51194","10,11701","-234,6571"
"108,246","0,320614","-1,222002",,"-9,81661","-2,60302","0,50934","2,34633","-235,5469"
"108,247","0,320614","0,777998",,"-9,79451","-2,61282","0,50674","2,87048","-236,43421"
"108,248","1,320614","1,777998",,"-9,77241","-2,6226","0,50412","8,12643","-237,31951"
"108,249","-0,679386","-0,222002",,"-9,81661","-2,6324","0,50149","2,37281","-238,20582"
"108,25","-0,679386","-0,222002",,"-9,81661","-2,64222","0,49885","2,38166","-239,09412"
"108,251","1,320614","-1,222002",,"-9,80556","-2,65203","0,49621","0,26152","-239,98193"
"108,252","0,320614","-1,222002",,"-9,81661","-2,66184","0,49355","2,39935","-240,86973"
"108,253","-0,679386","0,777998",,"-9,80556","-2,67165","0,49088","0,26346","-241,75754"
"108,254","-0,679386","-0,222002",,"-9,81661","-2,68146","0,48821","2,41704","-242,64534"
"108,255","1,320614","0,777998",,"-9,78346","-2,69126","0,48552","5,64791","-243,53215"
"108,256","-0,679386","0,777998",,"-9,80556","-2,70105","0,48282","0,26636","-244,41846"
"108,257","-0,679386","-0,222002",,"-9,81661","-2,71087","0,48012","2,44354","-245,30626"
"108,258","0,320614","-0,222002",,"-9,80556","-2,72068","0,4774","0,26829","-246,19407"
"108,259","-0,679386","-0,222002",,"-9,81661","-2,73049","0,47468","2,46123","-247,08187"
"108,26","0,320614","1,777998",,"-9,78346","-2,74029","0,47194","5,7508","-247,96868"
"108,261","0,320614","0,777998",,"-9,79451","-2,75008","0,46919","3,02127","-248,85448"
"108,262","-0,679386","-0,222002",,"-9,81661","-2,75988","0,46644","2,48773","-249,74179"
"108,263","0,320614","-1,222002",,"-9,81661","-2,7697","0,46368","2,49657","-250,63009"
"108,264","1,320614","1,777998",,"-9,77241","-2,77949","0,4609","8,61257","-251,5164"
"108,265","-0,679386","-0,222002",,"-9,81661","-2,78929","0,45812","2,51423","-252,4027"
"108,266","-0,679386","0,777998",,"-9,80556","-2,7991","0,45532","0,27602","-253,29051"
"108,267","-1,679386","-0,222002",,"-9,82766","-2,80892","0,45252","5,34084","-254,17881"
"108,268","-0,679386","0,777998",,"-9,80556","-2,81873","0,4497","0,27796","-255,06712"
"108,269","1,320614","-1,222002",,"-9,80556","-2,82854","0,44688","0,27893","-255,95442"
"108,27","2,320614","0,777998",,"-9,77241","-2,83833","0,44405","8,79487","-256,84023"
"108,271","0,320614","-0,222002",,"-9,80556","-2,84812","0,4412","0,28086","-257,72603"
"108,272","-0,679386","-2,222002",,"-9,83871","-2,85794","0,43835","8,29199","-258,61484"
"108,273","-0,679386","1,777998",,"-9,79451","-2,86775","0,43549","3,15055","-259,50314"
"108,274","1,320614","-0,222002",,"-9,79451","-2,87755","0,43262","3,16131","-260,38945"
"108,275","1,320614","-1,222002",,"-9,80556","-2,88735","0,42973","0,28473","-261,27625"
"108,276","0,320614","0,777998",,"-9,79451","-2,89715","0,42684","3,18284","-262,16306"
"108,277","1,320614","-1,222002",,"-9,80556","-2,90695","0,42394","0,28666","-263,04986"
"108,278","-0,679386","-0,222002",,"-9,81661","-2,91676","0,42103","2,62913","-263,93767"
"108,279","-0,679386","-0,222002",,"-9,81661","-2,92658","0,4181","2,63798","-264,82597"
"108,28","1,320614","-0,222002",,"-9,79451","-2,93638","0,41517","3,22595","-265,71328"
"108,281","0,320614","-1,222002",,"-9,81661","-2,94619","0,41223","2,65566","-266,60058"
"108,282","1,320614","-1,222002",,"-9,80556","-2,956","0,40928","0,2915","-267,48839"
"108,283","0,320614","-0,222002",,"-9,80556","-2,9658","0,40632","0,29246","-268,37569"
"108,284","1,320614","-0,222002",,"-9,79451","-2,97561","0,40335","3,26904","-269,2625"
"108,285","-0,679386","-1,222002",,"-9,82766","-2,98542","0,40037","5,67643","-270,1503"
"108,286","-0,679386","-1,222002",,"-9,82766","-2,99524","0,39738","5,69512","-271,03961"
"108,287","-0,679386","0,777998",,"-9,80556","-3,00506","0,39438","0,29634","-271,92791"
"108,288","0,320614","-1,222002",,"-9,81661","-3,01487","0,39137","2,71757","-272,81572"
"108,289","0,320614","0,777998",,"-9,79451","-3,02468","0,38835","3,32295","-273,70303"
"108,29","1,320614","-1,222002",,"-9,80556","-3,03448","0,38532","0,29924","-274,58983"
"108,291","3,320614","-0,222002",,"-9,77241","-3,04427","0,38228","9,433","-275,47564"
"108,292","51,320614","-1,222002",,"-9,25301","-3,05378","0,37923","152,99008","-276,33644"
"108,293","148,320614","-2,222002",,"-8,19212","-3,0625","0,37617","447,42719","-277,12575"
"108,294","331,320614","9,777998",,"-6,03719","-3,06962","0,37311","1047,04175","-277,76955"
"108,295","305,320614","82,777998",,"-5,51779","-3,07539","0,37003","1193,55594","-278,29236"
"108,296","296,320614","207,777998",,"-4,23588","-3,08027","0,36696","1552,75999","-278,73366"
"108,297","445,320614","272,777998",,"-1,87098","-3,08332","0,36387","2214,13051","-279,00997"
"108,298","551,320614","243,777998",,"-1,02006","-3,08477","0,36079","2452,69577","-279,14077"
"108,299","804,320614","360,777998",,"3,06879","-3,08374","0,35771","3592,86691","-279,04808"
"108,3","1641,320614","597,777998",,"14,93751","-3,07474","0,35463","6884,65","-278,23338"
"108,301","2566,320614","1129,777998",,"31,03873","-3,05175","0,35156","11279,58239","-276,15319"
"108,302","2006,320614","2021,777998",,"34,70765","-3,01888","0,34853","12160,34815","-273,17849"
"108,303","1508,320614","1441,777998",,"22,79473","-2,99013","0,34552","8821,17619","-270,5768"
"108,304","1325,320614","1027,777998",,"16,19731","-2,97063","0,34254","6990,19296","-268,8126"
"108,305","1189,320614","902,777998",,"13,31302","-2,95588","0,33958","6183,98843","-267,47741"
"108,306","965,320614","882,777998",,"10,61659","-2,94391","0,33663","5440,64204","-266,39471"
"108,307","698,320614","992,777998",,"8,88159","-2,93416","0,33369","4961,96099","-265,51252"
"108,308","736,320614","1002,777998",,"9,41203","-2,92502","0,33076","5086,89367","-264,68482"
"108,309","838,320614","1019,777998",,"10,7271","-2,91495","0,32784","5416,26049","-263,77363"
"108,31","868,320614","1030,777998",,"11,18018","-2,90399","0,32493","5514,97131","-262,78243"
"108,311","771,320614","960,777998",,"9,33468","-2,89374","0,32203","5012,2374","-261,85424"
"108,312","771,320614","1005,777998",,"9,83197","-2,88415","0,31914","5125,42505","-260,98704"
"108,313","757,320614","1045,777998",,"10,11929","-2,87418","0,31627","5182,42599","-260,08435"
"108,314","717,320614","955,777998",,"8,68267","-2,86478","0,3134","4793,05411","-259,23365"
"108,315","715,320614","949,777998",,"8,59426","-2,85614","0,31054","4755,75199","-258,45196"
"108,316","665,320614","1004,777998",,"8,64952","-2,84752","0,30768","4755,63328","-257,67176"
"108,317","625,320614","1005,777998",,"8,21853","-2,83908","0,30484","4630,82341","-256,90857"
"108,318","678,320614","1036,777998",,"9,14681","-2,8304","0,30201","4854,4147","-256,12287"
"108,319","678,320614","1119,777998",,"10,06404","-2,82079","0,29918","5072,06638","-255,25368"
"108,32","681,320614","1172,777998",,"10,68289","-2,81042","0,29636","5210,79744","-254,31498"
"108,321","746,320614","1201,777998",,"11,72168","-2,79922","0,29356","5453,15384","-253,30129"
"108,322","780,320614","1251,777998",,"12,64996","-2,78703","0,29077","5663,52541","-252,19859"
"108,323","775,320614","1297,777998",,"13,10305","-2,77416","0,28799","5751,09949","-251,0334"
"108,324","804,320614","1318,777998",,"13,6556","-2,76078","0,28522","5861,40169","-249,82271"
"108,325","846,320614","1338,777998",,"14,34075","-2,74678","0,28246","6001,98246","-248,55601"
"108,326","860,320614","1359,777998",,"14,72754","-2,73224","0,27972","6065,85248","-247,24082"
"108,327","881,320614","1369,777998",,"15,07012","-2,71735","0,277","6117,01334","-245,89262"
"108,328","924,320614","1386,777998",,"15,73317","-2,70194","0,27429","6244,45937","-244,49893"
"108,329","952,320614","1407,777998",,"16,27467","-2,68594","0,2716","6339,0838","-243,05073"
"108,33","972,320614","1418,777998",,"16,61725","-2,66949","0,26892","6383,02403","-241,56254"
"108,331","1004,320614","1433,777998",,"17,13664","-2,65262","0,26626","6467,3426","-240,03534"
"108,332","1034,320614","1454,777998",,"17,70024","-2,6352","0,26361","6559,26987","-238,45915"
"108,333","1048,320614","1477,777998",,"18,10913","-2,61729","0,26099","6611,54323","-236,83895"
"108,334","1082,320614","1518,777998",,"18,93795","-2,59877","0,25838","6759,65875","-235,16276"
"108,335","1194,320614","1588,777998",,"20,94922","-2,57883","0,25579","7177,13005","-233,35806"
"108,336","1286,320614","1647,777998",,"22,61791","-2,55704","0,25322","7502,6178","-231,38687"
"108,337","1464,320614","1832,777998",,"26,6294","-2,53242","0,25068","8349,63797","-229,15867"
"108,338","2045,320614","2249,777998",,"37,65825","-2,50028","0,24816","10738,93207","-226,24998"
"108,339","3096,320614","2864,777998",,"56,06912","-2,45341","0,24568","14625,03288","-222,00928"
"108,34","4439,320614","3595,777998",,"78,98878","-2,38588","0,24327","19170,80828","-215,89859"
"108,341","4768,320614","4093,777998",,"88,12791","-2,30233","0,24092","20403,43152","-208,33739"
"108,342","4417,320614","4188,777998",,"85,29887","-2,21561","0,23866","19067,77231","-200,4907"
"108,343","4075,320614","3898,777998",,"78,31467","-2,1338","0,23649","17015,17048","-193,088"
"108,344","3455,320614","3455,777998",,"66,56752","-2,06136","0,23439","14246,28833","-186,53281"
"108,345","2786,320614","3119,777998",,"55,46132","-2,00035","0,23236","11814,26056","-181,01161"
"108,346","2490,320614","2823,777998",,"48,91916","-1,94816","0,23038","10352,70965","-176,28892"
"108,347","2256,320614","2568,777998",,"43,51525","-1,90194","0,22846","9177,05728","-172,10672"
"108,348","2062,320614","2385,777998",,"39,34904","-1,86051","0,22658","8275,73091","-168,35753"
"108,349","1945,320614","2236,777998",,"36,40949","-1,82263","0,22474","7622,42048","-164,92983"
"108,35","1842,320614","2052,777998",,"33,23787","-1,78781","0,22293","6963,68386","-161,77864"
"108,351","1715,320614","1858,777998",,"29,69052","-1,75634","0,22116","6277,34174","-158,93144"
"108,352","1629,320614","1685,777998",,"26,82832","-1,72808","0,21942","5728,76624","-156,37425"
"108,353","1516,320614","1542,777998",,"23,99928","-1,70267","0,2177","5208,63361","-154,07455"
"108,354","1361,320614","1415,777998",,"20,88291","-1,68023","0,21601","4666,1597","-152,04386"
"108,355","1273,320614","1320,777998",,"18,86059","-1,66036","0,21434","4307,12864","-150,24566"
"108,356","1188,320614","1257,777998",,"17,22505","-1,64231","0,21269","4017,26135","-148,61297"
"108,357","1105,320614","1210,777998",,"15,78843","-1,62581","0,21105","3765,52933","-147,11928"
"108,358","1066,320614","1179,777998",,"15,01486","-1,61041","0,20944","3617,12922","-145,72558"
"108,359","1059,320614","1169,777998",,"14,827","-1,59548","0,20783","3556,49211","-144,37539"
"108,36","1029,320614","1183,777998",,"14,65018","-1,58075","0,20625","3498,34641","-143,04169"
"108,361","991,320614","1181,777998",,"14,20814","-1,56632","0,20467","3403,76058","-141,736"
"108,362","958,320614","1179,777998",,"13,82136","-1,5523","0,20311","3318,97458","-140,4678"
"108,363","925,320614","1171,777998",,"13,36827","-1,53871","0,20157","3226,82053","-139,23761"
"108,364","897,320614","1160,777998",,"12,93728","-1,52555","0,20004","3139,74124","-138,04741"
"108,365","886,320614","1159,777998",,"12,80467","-1,51268","0,19852","3095,0993","-136,88272"
"108,366","882,320614","1142,777998",,"12,5726","-1,49999","0,19701","3037,63721","-135,73452"
"108,367","866,320614","1108,777998",,"12,02006","-1,4877","0,19552","2938,35101","-134,62183"
"108,368","856,320614","1066,777998",,"11,44541","-1,47597","0,19403","2838,42749","-133,56013"
"108,369","852,320614","1016,777998",,"10,84866","-1,46482","0,19256","2737,89045","-132,55144"
"108,37","840,320614","965,777998",,"10,15245","-1,45432","0,1911","2626,64184","-131,60124"
"108,371","821,320614","925,777998",,"9,50044","-1,44449","0,18965","2523,66931","-130,71205"
"108,372","797,320614","897,777998",,"8,92579","-1,43528","0,18821","2432,93861","-129,87835"
"108,373","777,320614","875,777998",,"8,46165","-1,42658","0,18678","2358,28533","-129,09166"
"108,374","753,320614","864,777998",,"8,07487","-1,41832","0,18536","2294,976","-128,34346"
"108,375","721,320614","851,777998",,"7,57758","-1,41049","0,18395","2218,84034","-127,63527"
"108,376","702,320614","836,777998",,"7,20184","-1,4031","0,18254","2159,51018","-126,96657"
"108,377","690,320614","815,777998",,"6,83716","-1,39608","0,18114","2102,63579","-126,33138"
"108,378","681,320614","802,777998",,"6,59404","-1,38937","0,17975","2061,95539","-125,72368"
"108,379","679,320614","788,777998",,"6,41723","-1,38286","0,17836","2030,17463","-125,13499"
"108,38","673,320614","768,777998",,"6,1299","-1,37659","0,17698","1985,17318","-124,56729"
"108,381","660,320614","743,777998",,"5,70997","-1,37067","0,17561","1924,55073","-124,0316"
"108,382","639,320614","735,777998",,"5,38949","-1,36512","0,17424","1877,16998","-123,5294"
"108,383","617,320614","738,777998",,"5,17952","-1,35983","0,17288","1844,06645","-123,05121"
"108,384","601,320614","745,777998",,"5,08006","-1,3547","0,17152","1824,91763","-122,58701"
"108,385","593,320614","750,777998",,"5,04691","-1,34964","0,17017","1814,0477","-122,12882"
"108,386","593,320614","751,777998",,"5,05796","-1,34459","0,16882","1808,60131","-121,67162"
"108,387","604,320614","751,777998",,"5,17952","-1,33947","0,16748","1816,45025","-121,20843"
"108,388","621,320614","754,777998",,"5,40054","-1,33418","0,16614","1835,96","-120,72973"
"108,389","632,320614","762,777998",,"5,61051","-1,32867","0,16481","1853,62862","-120,23154"
"108,39","644,320614","770,777998",,"5,83153","-1,32295","0,16349","1872,10626","-119,71384"
"108,391","656,320614","779,777998",,"6,0636","-1,317","0,16217","1891,34695","-119,17565"
"108,392","658,320614","788,777998",,"6,18516","-1,31088","0,16085","1896,97141","-118,62146"
"108,393","658,320614","796,777998",,"6,27356","-1,30465","0,15954","1898,39411","-118,05776"
"108,394","654,320614","799,777998",,"6,26251","-1,29838","0,15824","1887,97511","-117,49057"
"108,395","663,320614","800,777998",,"6,37302","-1,29206","0,15695","1891,7091","-116,91887"
"108,396","674,320614","805,777998",,"6,54984","-1,2856","0,15566","1902,81857","-116,33418"
"108,397","697,320614","810,777998",,"6,85926","-1,2789","0,15438","1928,70431","-115,72748"
"108,398","733,320614","821,777998",,"7,37866","-1,27178","0,1531","1977,74183","-115,08329"
"108,399","770,320614","826,777998",,"7,8428","-1,26417","0,15183","2019,00147","-114,39459"
"108,4","814,320614","836,777998",,"8,43955","-1,25603","0,15057","2073,82468","-113,6579"
"108,401","860,320614","848,777998",,"9,0805","-1,24727","0,14932","2131,7025","-112,8652"
"108,402","909,320614","862,777998",,"9,77671","-1,23784","0,14808","2193,5719","-112,01201"
"108,403","958,320614","876,777998",,"10,47292","-1,22771","0,14685","2252,97569","-111,09581"
"108,404","995,320614","898,777998",,"11,12493","-1,21691","0,14562","2304,95656","-110,11862"
"108,405","1025,320614","926,777998",,"11,76588","-1,20547","0,14441","2353,19506","-109,08292"
"108,406","1046,320614","955,777998",,"12,31843","-1,19343","0,14321","2389,35894","-107,99323"
"108,407","1052,320614","993,777998",,"12,80467","-1,18087","0,14203","2416,16756","-106,85653"
"108,408","1043,320614","1041,777998",,"13,23566","-1,16785","0,14085","2435,07299","-105,67834"
"108,409","1027,320614","1092,777998",,"13,62244","-1,15442","0,13969","2447,47667","-104,46314"
"108,41","1004,320614","1154,777998",,"14,05343","-1,14058","0,13854","2462,62144","-103,21095"
"108,411","975,320614","1229,777998",,"14,56177","-1,12627","0,13741","2483,53838","-101,91625"
"108,412","950,320614","1310,777998",,"15,18063","-1,1114","0,13629","2512,9843","-100,57056"
"108,413","926,320614","1384,777998",,"15,73317","-1,09594","0,13519","2532,83186","-99,17186"
"108,414","902,320614","1443,777998",,"16,11996","-1,08002","0,1341","2533,82457","-97,73067"
"108,415","887,320614","1481,777998",,"16,37413","-1,06377","0,13303","2520,1741","-96,26047"
"108,416","874,320614","1486,777998",,"16,28572","-1,04744","0,13197","2473,10738","-94,78278"
"108,417","867,320614","1468,777998",,"16,00945","-1,03129","0,13093","2409,19905","-93,32158"
"108,418","856,320614","1432,777998",,"15,49005","-1,01554","0,12991","2324,67561","-91,89639"
"108,419","849,320614","1388,777998",,"14,92645","-1,00033","0,1289","2238,84541","-90,52019"
"108,42","839,320614","1342,777998",,"14,3076","-0,98572","0,12791","2150,93092","-89,1975"
"108,421","824,320614","1292,777998",,"13,58929","-0,97177","0,12693","2057,32911","-87,9353"
"108,422","811,320614","1249,777998",,"12,97044","-0,95849","0,12596","1975,53898","-86,73361"
"108,423","795,320614","1207,777998",,"12,32948","-0,94584","0,12501","1894,60754","-85,58891"
"108,424","776,320614","1168,777998",,"11,68853","-0,93383","0,12407","1816,39021","-84,50222"
"108,425","758,320614","1131,777998",,"11,08073","-0,92244","0,12314","1743,51153","-83,47202"
"108,426","741,320614","1098,777998",,"10,52818","-0,91164","0,12223","1677,50804","-82,49433"
"108,427","723,320614","1070,777998",,"10,01983","-0,90137","0,12132","1617,14","-81,56464"
"108,428","709,320614","1043,777998",,"9,56675","-0,89157","0,12042","1563,01538","-80,67844"
"108,429","693,320614","1021,777998",,"9,14681","-0,88222","0,11954","1513,08781","-79,83175"
"108,43","677,320614","998,777998",,"8,71582","-0,87328","0,11866","1463,71161","-79,02355"
"108,431","665,320614","983,777998",,"8,41745","-0,86472","0,11779","1426,00569","-78,24836"
"108,432","651,320614","968,777998",,"8,09697","-0,85646","0,11693","1387,55137","-77,50116"
"108,433","639,320614","955,777998",,"7,8207","-0,8485","0,11608","1353,44472","-76,78097"
"108,434","628,320614","946,777998",,"7,59968","-0,84079","0,11523","1324,33037","-76,08327"
"108,435","620,320614","934,777998",,"7,37866","-0,8333","0,11439","1295,86813","-75,40558"
"108,436","613,320614","924,777998",,"7,19079","-0,82602","0,11357","1270,49736","-74,74638"
"108,437","608,320614","913,777998",,"7,01398","-0,81892","0,11274","1246,47054","-74,10369"
"108,438","605,320614","902,777998",,"6,85926","-0,81198","0,11193","1224,54461","-73,47599"
"108,439","598,320614","890,777998",,"6,6493","-0,80522","0,11112","1199,05921","-72,8648"
"108,44","597,320614","876,777998",,"6,48353","-0,79866","0,11032","1177,3013","-72,2706"
"108,441","590,320614","863,777998",,"6,26251","-0,79229","0,10952","1152,06112","-71,69391"
"108,442","589,320614","851,777998",,"6,11885","-0,78609","0,10873","1132,84003","-71,13371"
"108,443","586,320614","840,777998",,"5,96414","-0,78005","0,10795","1113,21289","-70,58702"
"108,444","578,320614","829,777998",,"5,75417","-0,77419","0,10717","1090,14162","-70,05682"
"108,445","573,320614","818,777998",,"5,57735","-0,76853","0,1064","1069,86721","-69,54413"
"108,446","568,320614","805,777998",,"5,37844","-0,76305","0,10563","1048,50653","-69,04843"
"108,447","563,320614","799,777998",,"5,25688","-0,75773","0,10487","1032,86448","-68,56724"
"108,448","556,320614","789,777998",,"5,06901","-0,75257","0,10412","1013,0332","-68,10004"
"108,449","553,320614","779,777998",,"4,92535","-0,74757","0,10337","996,58805","-67,64785"
"108,45","552,320614","771,777998",,"4,82589","-0,7427","0,10262","983,4041","-67,20665"
"108,451","547,320614","767,777998",,"4,72643","-0,73792","0,10188","970,4387","-66,77446"
"108,452","544,320614","761,777998",,"4,62697","-0,73324","0,10115","957,68918","-66,35126"
"108,453","545,320614","751,777998",,"4,52752","-0,72867","0,10042","945,15284","-65,93707"
"108,454","543,320614","749,777998",,"4,48331","-0,72416","0,09969","936,41223","-65,52937"
"108,455","546,320614","741,777998",,"4,42806","-0,71971","0,09897","927,05206","-65,12618"
"108,456","544,320614","736,777998",,"4,3507","-0,71532","0,09825","916,3909","-64,72898"
"108,457","550,320614","730,777998",,"4,3507","-0,71097","0,09754","910,81722","-64,33529"
"108,458","549,320614","728,777998",,"4,31755","-0,70663","0,09683","903,14489","-63,94309"
"108,459","549,320614","722,777998",,"4,25124","-0,70235","0,09612","893,45492","-63,5554"
"108,46","553,320614","720,777998",,"4,27334","-0,69808","0,09542","889,42904","-63,16971"
"108,461","556,320614","716,777998",,"4,26229","-0,69382","0,09473","883,2976","-62,78351"
"108,462","557,320614","717,777998",,"4,28439","-0,68954","0,09404","879,2363","-62,39682"
"108,463","559,320614","710,777998",,"4,22914","-0,68529","0,09335","870,38207","-62,01162"
"108,464","562,320614","711,777998",,"4,27334","-0,68104","0,09267","867,70671","-61,62693"
"108,465","568,320614","711,777998",,"4,33965","-0,67673","0,09199","866,28019","-61,23723"
"108,466","570,320614","710,777998",,"4,3507","-0,67238","0,09131","861,39032","-60,84404"
"108,467","572,320614","710,777998",,"4,3728","-0,66802","0,09064","857,13853","-60,44934"
"108,468","574,320614","710,777998",,"4,3949","-0,66364","0,08998","852,84089","-60,05265"
"108,469","578,320614","711,777998",,"4,45016","-0,65922","0,08932","850,45358","-59,65245"
"108,47","582,320614","713,777998",,"4,51646","-0,65473","0,08866","848,59807","-59,24676"
"108,471","582,320614","717,777998",,"4,56067","-0,65019","0,08801","845,31641","-58,83606"
"108,472","585,320614","720,777998",,"4,62697","-0,6456","0,08736","843,21759","-58,42037"
"108,473","585,320614","722,777998",,"4,64908","-0,64096","0,08672","838,4418","-58,00067"
"108,474","589,320614","728,777998",,"4,75959","-0,63626","0,08608","838,65065","-57,57498"
"108,475","590,320614","733,777998",,"4,82589","-0,63147","0,08544","836,12214","-57,14128"
"108,476","593,320614","740,777998",,"4,9364","-0,62658","0,08481","835,92486","-56,69959"
"108,477","593,320614","749,777998",,"5,03586","-0,6216","0,08419","834,86726","-56,24839"
"108,478","598,320614","753,777998",,"5,13532","-0,61651","0,08357","833,58542","-55,7882"
"108,479","596,320614","758,777998",,"5,16847","-0,61136","0,08296","828,45363","-55,322"
"108,48","594,320614","766,777998",,"5,23478","-0,60616","0,08235","825,04187","-54,85131"
"108,481","592,320614","772,777998",,"5,27898","-0,6009","0,08174","820,29035","-54,37561"
"108,482","590,320614","781,777998",,"5,35634","-0,59558","0,08115","817,20032","-53,89442"
"108,483","589,320614","787,777998",,"5,41159","-0,5902","0,08055","812,76399","-53,40722"
"108,484","585,320614","799,777998",,"5,5","-0,58474","0,07997","809,92878","-52,91353"
"108,485","586,320614","806,777998",,"5,58841","-0,5792","0,07938","806,88311","-52,41183"
"108,486","582,320614","814,777998",,"5,63261","-0,57359","0,07881","801,36148","-51,90414"
"108,487","584,320614","824,777998",,"5,76522","-0,56789","0,07824","800,21422","-51,38844"
"108,488","580,320614","833,777998",,"5,82048","-0,5621","0,07767","794,86202","-50,86425"
"108,489","576,320614","842,777998",,"5,87573","-0,55625","0,07711","789,37348","-50,33505"
"108,49","574,320614","849,777998",,"5,93099","-0,55035","0,07656","783,74776","-49,80086"
"108,491","571,320614","856,777998",,"5,97519","-0,54439","0,07601","777,44755","-49,26216"
"108,492","567,320614","866,777998",,"6,04149","-0,53839","0,07547","772,09736","-48,71847"
"108,493","564,320614","873,777998",,"6,0857","-0,53232","0,07493","765,53085","-48,16977"
"108,494","558,320614","886,777998",,"6,16306","-0,5262","0,07441","760,40677","-47,61558"
"108,495","556,320614","893,777998",,"6,21831","-0,52001","0,07388","754,06066","-47,05539"
"108,496","554,320614","904,777998",,"6,31777","-0,51374","0,07337","749,59503","-46,48819"
"108,497","551,320614","913,777998",,"6,38407","-0,50739","0,07286","743,37273","-45,9135"
"108,498","549,320614","921,777998",,"6,45038","-0,50097","0,07235","736,97668","-45,3328"
"108,499","548,320614","933,777998",,"6,57194","-0,49446","0,07185","732,83718","-44,74361"
"108,5","546,320614","940,777998",,"6,62719","-0,48786","0,07136","725,49526","-44,14641"
"108,501","538,320614","949,777998",,"6,63825","-0,48123","0,07088","716,11298","-43,54622"
"108,502","537,320614","959,777998",,"6,7377","-0,47454","0,0704","710,43147","-42,94102"
"108,503","534,320614","966,777998",,"6,78191","-0,46778","0,06993","702,18249","-42,32933"
"108,504","531,320614","971,777998",,"6,80401","-0,46099","0,06946","692,90756","-41,71463"
"108,505","527,320614","979,777998",,"6,84821","-0,45416","0,06901","684,46388","-41,09694"
"108,506","521,320614","987,777998",,"6,87032","-0,4473","0,06856","675,02089","-40,47624"
"108,507","521,320614","991,777998",,"6,91452","-0,44041","0,06811","666,38119","-39,85255"
"108,508","519,320614","994,777998",,"6,92557","-0,43349","0,06767","656,34396","-39,22635"
"108,509","517,320614","1000,777998",,"6,96977","-0,42654","0,06724","647,53067","-38,59766"
"108,51","513,320614","1001,777998",,"6,93662","-0,41959","0,06682","635,71626","-37,96846"
"108,511","510,320614","1001,777998",,"6,90347","-0,41267","0,06641","623,99371","-37,34227"
"108,512","506,320614","1003,777998",,"6,88137","-0,40577","0,066","612,76015","-36,71857"
"108,513","503,320614","1001,777998",,"6,82611","-0,39892","0,06559","600,41572","-36,09838"
"108,514","499,320614","1000,777998",,"6,77086","-0,39212","0,0652","588,22272","-35,48318"
"108,515","493,320614","997,777998",,"6,6714","-0,3854","0,06481","574,67175","-34,87499"
"108,516","491,320614","997,777998",,"6,6493","-0,37874","0,06443","563,98303","-34,27229"
"108,517","487,320614","994,777998",,"6,57194","-0,37213","0,06405","551,53425","-33,6741"
"108,518","488,320614","991,777998",,"6,54984","-0,36557","0,06368","541,07923","-33,0804"
"108,519","481,320614","985,777998",,"6,40618","-0,35909","0,06332","526,82295","-32,49421"
"108,52","480,320614","980,777998",,"6,33987","-0,35272","0,06297","515,35678","-31,91751"
"108,521","477,320614","975,777998",,"6,25146","-0,34642","0,06262","503,38681","-31,34782"
"108,522","475,320614","969,777998",,"6,16306","-0,34022","0,06227","491,64532","-30,78612"
"108,523","472,320614","964,777998",,"6,07465","-0,3341","0,06194","480,1302","-30,23243"
"108,524","470,320614","958,777998",,"5,98624","-0,32807","0,0616","468,83933","-29,68673"
"108,525","470,320614","953,777998",,"5,93099","-0,32211","0,06128","458,71335","-29,14754"
"108,526","468,320614","945,777998",,"5,82048","-0,31623","0,06096","447,18341","-28,61584"
"108,527","466,320614","941,777998",,"5,75417","-0,31044","0,06065","437,13689","-28,09215"
"108,528","466,320614","935,777998",,"5,68786","-0,30472","0,06034","427,25279","-27,57446"
"108,529","465,320614","927,777998",,"5,58841","-0,29909","0,06004","416,6558","-27,06426"
"108,53","462,320614","921,777998",,"5,48895","-0,29355","0,05974","406,29795","-26,56307"
"108,531","462,320614","915,777998",,"5,42264","-0,28809","0,05945","397,01805","-26,06937"
"108,532","459,320614","910,777998",,"5,33423","-0,28271","0,05916","387,34433","-25,58268"
"108,533","458,320614","903,777998",,"5,24583","-0,27742","0,05888","377,87708","-25,10398"
"108,534","460,320614","896,777998",,"5,19057","-0,2722","0,05861","369,40836","-24,63179"
"108,535","458,320614","890,777998",,"5,10216","-0,26706","0,05834","360,28777","-24,16609"
"108,536","460,320614","883,777998",,"5,04691","-0,26198","0,05808","352,1318","-23,7069"
"108,537","460,320614","878,777998",,"4,99165","-0,25696","0,05782","344,10057","-23,2527"
"108,538","463,320614","872,777998",,"4,9585","-0,25199","0,05756","336,68248","-22,80251"
"108,539","464,320614","869,777998",,"4,9364","-0,24704","0,05731","329,57811","-22,35481"
"108,54","465,320614","861,777998",,"4,85904","-0,24214","0,05707","321,34906","-21,91162"
"108,541","466,320614","857,777998",,"4,82589","-0,2373","0,05683","314,21072","-21,47342"
"108,542","473,320614","850,777998",,"4,82589","-0,23248","0,05659","307,82077","-21,03673"
"108,543","474,320614","849,777998",,"4,82589","-0,22765","0,05636","301,43081","-20,60003"
"108,544","480,320614","845,777998",,"4,84799","-0,22281","0,05614","295,47185","-20,16234"
"108,545","481,320614","842,777998",,"4,82589","-0,21798","0,05592","288,62164","-19,72464"
"108,546","485,320614","838,777998",,"4,82589","-0,21315","0,0557","282,23168","-19,28795"
"108,547","488,320614","834,777998",,"4,81484","-0,20833","0,05549","275,64071","-18,85175"
"108,548","492,320614","832,777998",,"4,83694","-0,2035","0,05528","269,66259","-18,41506"
"108,549","494,320614","827,777998",,"4,80379","-0,19868","0,05508","262,67908","-17,97886"
"108,55","499,320614","825,777998",,"4,83694","-0,19386","0,05489","256,88767","-17,54267"
"108,551","503,320614","824,777998",,"4,87009","-0,18901","0,0547","251,02331","-17,10347"
"108,552","505,320614","822,777998",,"4,87009","-0,18414","0,05451","244,55534","-16,66278"
"108,553","510,320614","820,777998",,"4,90325","-0,17925","0,05433","238,60312","-16,22058"
"108,554","511,320614","819,777998",,"4,90325","-0,17435","0,05415","232,07642","-15,77689"
"108,555","514,320614","818,777998",,"4,92535","-0,16944","0,05398","225,87387","-15,33219"
"108,556","516,320614","817,777998",,"4,9364","-0,1645","0,05381","219,46503","-14,886"
"108,557","519,320614","817,777998",,"4,96955","-0,15955","0,05365","213,33593","-14,4378"
"108,558","524,320614","820,777998",,"5,05796","-0,15454","0,05349","207,86834","-13,98411"
"108,559","527,320614","820,777998",,"5,09111","-0,14946","0,05334","201,49098","-13,52491"
"108,56","528,320614","821,777998",,"5,11322","-0,14436","0,05319","194,90148","-13,06322"
"108,561","530,320614","823,777998",,"5,15742","-0,13923","0,05305","188,5252","-12,59852"
"108,562","538,320614","824,777998",,"5,25688","-0,13402","0,05292","182,68037","-12,12733"
"108,563","538,320614","825,777998",,"5,26793","-0,12876","0,05278","175,63595","-11,65114"
"108,564","539,320614","826,777998",,"5,29003","-0,12348","0,05266","168,68186","-11,17344"
"108,565","540,320614","828,777998",,"5,32318","-0,11817","0,05254","161,78702","-10,69325"
"108,566","544,320614","829,777998",,"5,37844","-0,11282","0,05242","155,02533","-10,20905"
"108,567","547,320614","834,777998",,"5,46685","-0,1074","0,05231","148,43326","-9,71836"
"108,568","549,320614","836,777998",,"5,51105","-0,10191","0,05221","141,25463","-9,22166"
"108,569","554,320614","836,777998",,"5,5663","-0,09637","0,05211","134,05932","-8,72047"
"108,57","554,320614","841,777998",,"5,62156","-0,09078","0,05201","126,73149","-8,21427"
"108,571","555,320614","845,777998",,"5,67681","-0,08513","0,05193","119,2703","-7,70308"
"108,572","554,320614","845,777998",,"5,66576","-0,07945","0,05184","111,24481","-7,18988"
"108,573","558,320614","847,777998",,"5,73207","-0,07376","0,05177","103,70831","-6,67419"
"108,574","558,320614","853,777998",,"5,79837","-0,06799","0,0517","96,00978","-6,15249"
"108,575","556,320614","853,777998",,"5,77627","-0,0622","0,05163","87,7131","-5,6288"
"108,576","556,320614","859,777998",,"5,84258","-0,05639","0,05157","79,85961","-5,1031"
"108,577","557,320614","861,777998",,"5,87573","-0,05053","0,05152","71,71407","-4,57291"
"108,578","556,320614","865,777998",,"5,90888","-0,04464","0,05147","63,48623","-4,03971"
"108,579","558,320614","868,777998",,"5,96414","-0,03871","0,05143","55,23746","-3,50252"
"108,58","557,320614","873,777998",,"6,00834","-0,03272","0,05139","46,82539","-2,96082"
"108,581","557,320614","878,777998",,"6,0636","-0,02668","0,05136","38,32074","-2,41463"
"108,582","554,320614","880,777998",,"6,05255","-0,02063","0,05134","29,60013","-1,86643"
"108,583","553,320614","884,777998",,"6,0857","-0,01456","0,05132","20,93401","-1,31724"
"108,584","552,320614","885,777998",,"6,0857","-0,00847","0,05131","12,18217","-0,76654"
"108,585","549,320614","892,777998",,"6,1299","-0,00236","0,05131","3,40801","-0,21385"
"108,586","548,320614","895,777998",,"6,152","0,00378","0,05131","5,45541","0,34185"
"108,587","546,320614","900,777998",,"6,18516","0,00995","0,05131","14,39329","0,90004"
"108,588","546,320614","899,777998",,"6,17411","0,01613","0,05133","23,3197","1,45924"
"108,589","545,320614","902,777998",,"6,19621","0,02231","0,05135","32,30867","2,01893"
"108,59","542,320614","905,777998",,"6,19621","0,02851","0,05137","41,28139","2,57963"
"108,591","541,320614","907,777998",,"6,20726","0,03471","0,0514","50,29682","3,14082"
"108,592","539,320614","911,777998",,"6,22936","0,04093","0,05144","59,38962","3,70352"
"108,593","538,320614","911,777998",,"6,21831","0,04715","0,05148","68,37386","4,26671"
"108,594","536,320614","915,777998",,"6,24041","0,05338","0,05154","77,51381","4,83041"
"108,595","535,320614","914,777998",,"6,21831","0,05961","0,05159","86,44024","5,3941"
"108,596","533,320614","915,777998",,"6,20726","0,06582","0,05165","95,38356","5,95629"
"108,597","532,320614","918,777998",,"6,22936","0,07204","0,05172","104,53859","6,51899"
"108,598","531,320614","919,777998",,"6,22936","0,07827","0,0518","113,57801","7,08268"
"108,599","531,320614","915,777998",,"6,18516","0,08448","0,05188","122,24744","7,64438"
"108,6","528,320614","918,777998",,"6,18516","0,09066","0,05197","131,19797","8,20407"
"108,601","527,320614","916,777998",,"6,152","0,09683","0,05206","139,83402","8,76227"
"108,602","525,320614","916,777998",,"6,1299","0,10297","0,05216","148,49622","9,31796"
"108,603","522,320614","916,777998",,"6,09675","0,10909","0,05227","156,98498","9,87116"
"108,604","520,320614","913,777998",,"6,04149","0,11515","0,05238","165,14327","10,42035"
"108,605","521,320614","909,777998",,"6,00834","0,12118","0,0525","173,42006","10,96555"
"108,606","519,320614","904,777998",,"5,93099","0,12715","0,05262","181,07319","11,50574"
"108,607","518,320614","902,777998",,"5,89783","0,13306","0,05275","189,0967","12,04094"
"108,608","515,320614","897,777998",,"5,80942","0,13892","0,05289","196,30395","12,57063"
"108,609","514,320614","890,777998",,"5,72102","0,14468","0,05303","203,29331","13,09233"
"108,61","511,320614","885,777998",,"5,63261","0,15036","0,05318","210,06692","13,60602"
"108,611","511,320614","879,777998",,"5,5663","0,15596","0,05333","216,95416","14,11272"
"108,612","506,320614","873,777998",,"5,44474","0,16146","0,05349","222,83678","14,61091"
"108,613","504,320614","871,777998",,"5,40054","0,16689","0,05365","229,65301","15,10161"
"108,614","504,320614","866,777998",,"5,34529","0,17226","0,05382","236,18537","15,5878"
"108,615","501,320614","855,777998",,"5,19057","0,17753","0,054","240,92283","16,0645"
"108,616","500,320614","850,777998",,"5,12427","0,18269","0,05418","246,82584","16,53119"
"108,617","499,320614","844,777998",,"5,04691","0,18777","0,05436","252,38258","16,99139"
"108,618","496,320614","838,777998",,"4,94745","0,19277","0,05455","257,36437","17,44358"
"108,619","495,320614","835,777998",,"4,90325","0,19769","0,05475","263,14942","17,88928"
"108,62","493,320614","829,777998",,"4,81484","0,20255","0,05495","267,99687","18,32897"
"108,621","490,320614","821,777998",,"4,69328","0,20731","0,05515","272,00659","18,75917"
"108,622","486,320614","818,777998",,"4,61592","0,21196","0,05536","276,63016","19,18036"
"108,623","483,320614","815,777998",,"4,54962","0,21654","0,05558","281,31186","19,59506"
"108,624","483,320614","810,777998",,"4,49436","0,22107","0,0558","286,08104","20,00425"
"108,625","481,320614","807,777998",,"4,43911","0,22553","0,05602","290,73377","20,40845"
"108,626","478,320614","802,777998",,"4,3507","0,22993","0,05625","294,55982","20,80614"
"108,627","477,320614","801,777998",,"4,3286","0,23427","0,05648","299,6508","21,19884"
"108,628","474,320614","797,777998",,"4,25124","0,23856","0,05672","303,46813","21,58703"
"108,629","474,320614","792,777998",,"4,19599","0,24278","0,05696","307,62708","21,96923"
"108,63","472,320614","790,777998",,"4,15178","0,24695","0,0572","311,92799","22,34692"
"108,631","470,320614","786,777998",,"4,08548","0,25107","0,05745","315,62378","22,71961"
"108,632","465,320614","785,777998",,"4,01917","0,25513","0,0577","319,1872","23,08631"
"108,633","466,320614","785,777998",,"4,03022","0,25915","0,05796","324,48165","23,4505"
"108,634","462,320614","780,777998",,"3,93076","0,26313","0,05822","327,09744","23,8107"
"108,635","460,320614","778,777998",,"3,88656","0,26704","0,05849","330,88814","24,16439"
"108,636","459,320614","777,777998",,"3,86446","0,27091","0,05876","335,14844","24,51509"
"108,637","457,320614","775,777998",,"3,82025","0,27476","0,05903","338,80279","24,86278"
"108,638","455,320614","775,777998",,"3,79815","0,27857","0,0593","342,94278","25,20748"
"108,639","450,320614","775,777998",,"3,7429","0,28234","0,05959","346,17298","25,54867"
"108,64","451,320614","771,777998",,"3,70975","0,28606","0,05987","349,88363","25,88587"
"108,641","451,320614","771,777998",,"3,70975","0,28977","0,06016","354,42102","26,22156"
"108,642","448,320614","768,777998",,"3,64344","0,29345","0,06045","357,15715","26,55426"
"108,643","445,320614","767,777998",,"3,59924","0,29707","0,06074","360,37639","26,88195"
"108,644","443,320614","767,777998",,"3,57713","0,30066","0,06104","364,1279","27,20665"
"108,645","443,320614","767,777998",,"3,57713","0,30424","0,06135","368,46016","27,53034"
"108,646","441,320614","765,777998",,"3,53293","0,30779","0,06165","371,53449","27,85204"
"108,647","440,320614","766,777998",,"3,53293","0,31132","0,06196","375,79909","28,17173"
"108,648","441,320614","766,777998",,"3,54398","0,31486","0,06227","380,38521","28,49193"
"108,649","439,320614","765,777998",,"3,51083","0,31839","0,06259","383,6915","28,81112"
"108,65","436,320614","766,777998",,"3,48873","0,32189","0,06291","387,26529","29,12782"
"108,651","439,320614","766,777998",,"3,52188","0,3254","0,06323","392,4587","29,44501"
"108,652","435,320614","765,777998",,"3,46662","0,32889","0,06356","395,02867","29,76121"
"108,653","435,320614","764,777998",,"3,45557","0,33235","0,06389","398,85344","30,0744"
"108,654","433,320614","765,777998",,"3,44452","0,3358","0,06423","402,65804","30,3866"
"108,655","431,320614","762,777998",,"3,38927","0,33922","0,06456","405,05914","30,69579"
"108,656","431,320614","762,777998",,"3,38927","0,34261","0,06491","409,10626","31,00249"
"108,657","431,320614","761,777998",,"3,37822","0,34599","0,06525","412,80079","31,30868"
"108,658","428,320614","762,777998",,"3,35612","0,34936","0,0656","416,11944","31,61338"
"108,659","425,320614","763,777998",,"3,33401","0,3527","0,06595","419,39834","31,91607"
"108,66","425,320614","762,777998",,"3,32296","0,35603","0,0663","423,0002","32,21727"
"108,661","423,320614","760,777998",,"3,27876","0,35933","0,06666","425,48462","32,51596"
"108,662","423,320614","759,777998",,"3,26771","0,36261","0,06702","428,99785","32,81216"
"108,663","420,320614","758,777998",,"3,2235","0,36585","0,06739","431,37432","33,10585"
"108,664","420,320614","757,777998",,"3,21245","0,36907","0,06775","434,79956","33,39705"
"108,665","419,320614","756,777998",,"3,19035","0,37227","0,06812","437,82659","33,68674"
"108,666","416,320614","754,777998",,"3,1351","0,37543","0,0685","439,6691","33,97293"
"108,667","415,320614","756,777998",,"3,14615","0,37857","0,06887","443,72565","34,25713"
"108,668","414,320614","752,777998",,"3,09089","0,38169","0,06925","445,4724","34,53932"
"108,669","414,320614","748,777998",,"3,04669","0,38476","0,06964","447,51494","34,81702"
"108,67","414,320614","749,777998",,"3,05774","0,38781","0,07002","451,45278","35,09321"
"108,671","413,320614","748,777998",,"3,03564","0,39086","0,07041","454,2177","35,36891"
"108,672","411,320614","746,777998",,"2,99143","0,39387","0,07081","456,14424","35,6416"
"108,673","408,320614","742,777998",,"2,91408","0,39683","0,0712","456,78604","35,9088"
"108,674","408,320614","741,777998",,"2,90303","0,39973","0,0716","459,73433","36,17199"
"108,675","409,320614","738,777998",,"2,88092","0,40263","0,072","462,25513","36,43369"
"108,676","407,320614","735,777998",,"2,82567","0,40548","0,0724","463,5036","36,69188"
"108,677","405,320614","737,777998",,"2,82567","0,40831","0,07281","466,73362","36,94758"
"108,678","406,320614","735,777998",,"2,81462","0,41113","0,07322","469,5462","37,20277"
"108,679","403,320614","733,777998",,"2,75936","0,41391","0,07363","470,65965","37,45497"
"108,68","401,320614","729,777998",,"2,69306","0,41664","0,07405","471,25979","37,70166"
"108,681","399,320614","727,777998",,"2,64885","0,41931","0,07447","472,60366","37,94336"
"108,682","398,320614","724,777998",,"2,60465","0,42194","0,07489","473,87653","38,18105"
"108,683","396,320614","722,777998",,"2,56045","0,42452","0,07531","475,07891","38,41475"
"108,684","395,320614","720,777998",,"2,52729","0,42706","0,07574","476,64456","38,64494"
"108,685","394,320614","719,777998",,"2,50519","0,42958","0,07616","478,59378","38,87264"
"108,686","393,320614","716,777998",,"2,46099","0,43206","0,0766","479,63193","39,09733"
"108,687","394,320614","714,777998",,"2,44994","0,43452","0,07703","481,92322","39,31953"
"108,688","393,320614","710,777998",,"2,39468","0,43694","0,07746","482,4251","39,53872"
"108,689","388,320614","709,777998",,"2,32838","0,4393","0,0779","482,39665","39,75242"
"108,69","389,320614","706,777998",,"2,30628","0,44162","0,07834","484,05807","39,96211"
"108,691","390,320614","705,777998",,"2,30628","0,44393","0,07879","486,58597","40,17081"
"108,692","388,320614","704,777998",,"2,27312","0,44622","0,07923","487,75706","40,378"
"108,693","388,320614","701,777998",,"2,23997","0,44847","0,07968","488,87828","40,5822"
"108,694","389,320614","698,777998",,"2,21787","0,4507","0,08013","490,40662","40,78389"
"108,695","388,320614","700,777998",,"2,22892","0,45292","0,08058","493,27881","40,98509"
"108,696","387,320614","695,777998",,"2,16261","0,45512","0,08103","492,9395","41,18378"
"108,697","390,320614","695,777998",,"2,19577","0,4573","0,08149","496,67167","41,38098"
"108,698","389,320614","691,777998",,"2,14051","0,45947","0,08195","496,72915","41,57717"
"108,699","389,320614","693,777998",,"2,16261","0,46162","0,08241","499,97844","41,77186"
"108,7","390,320614","690,777998",,"2,14051","0,46377","0,08287","501,38125","41,96656"
"108,701","389,320614","688,777998",,"2,10736","0,46589","0,08334","502,27975","42,15875"
"108,702","389,320614","687,777998",,"2,09631","0,468","0,0838","504,07774","42,34895"
"108,703","393,320614","683,777998",,"2,09631","0,47009","0,08427","506,33567","42,53864"
"108,704","391,320614","683,777998",,"2,07421","0,47218","0,08474","507,63734","42,72734"
"108,705","390,320614","682,777998",,"2,0521","0,47424","0,08522","508,90695","42,91403"
"108,706","392,320614","678,777998",,"2,03","0,47628","0,08569","510,14464","43,09873"
"108,707","392,320614","677,777998",,"2,01895","0,47831","0,08617","511,83475","43,28192"
"108,708","393,320614","676,777998",,"2,01895","0,48033","0,08665","513,99523","43,46462"
"108,709","391,320614","674,777998",,"1,97475","0,48232","0,08713","514,20276","43,64531"
"108,71","393,320614","673,777998",,"1,9858","0,4843","0,08761","516,79823","43,82451"
"108,711","392,320614","667,777998",,"1,90844","0,48625","0,0881","515,47225","44,0007"
"108,712","391,320614","668,777998",,"1,90844","0,48816","0,08859","517,49539","44,1734"
"108,713","393,320614","665,777998",,"1,89739","0,49006","0,08907","519,02261","44,34559"
"108,714","393,320614","664,777998",,"1,88634","0,49195","0,08957","520,53433","44,51679"
"108,715","392,320614","660,777998",,"1,83108","0,49381","0,09006","520,03197","44,68498"
"108,716","390,320614","658,777998",,"1,78688","0,49562","0,09055","519,95453","44,84868"
"108,717","391,320614","656,777998",,"1,77583","0,4974","0,09105","521,32594","45,00987"
"108,718","392,320614","654,777998",,"1,76478","0,49917","0,09155","522,68223","45,17007"
"108,719","391,320614","650,777998",,"1,70952","0,50091","0,09205","521,99665","45,32726"
"108,72","389,320614","648,777998",,"1,66532","0,5026","0,09255","521,74472","45,47996"
"108,721","389,320614","647,777998",,"1,65427","0,50426","0,09305","522,9635","45,63015"
"108,722","392,320614","644,777998",,"1,65427","0,50591","0,09356","524,67914","45,77985"
"108,723","392,320614","642,777998",,"1,63217","0,50755","0,09407","525,36821","45,92854"
"108,724","390,320614","641,777998",,"1,59901","0,50917","0,09457","525,513","46,07474"
"108,725","394,320614","639,777998",,"1,62112","0,51078","0,09508","528,1963","46,22043"
"108,726","393,320614","638,777998",,"1,59901","0,51239","0,0956","528,83649","46,36613"
"108,727","391,320614","635,777998",,"1,54376","0,51396","0,09611","527,88852","46,50832"
"108,728","395,320614","634,777998",,"1,57691","0,51552","0,09662","531,0377","46,64952"
"108,729","394,320614","633,777998",,"1,55481","0,51709","0,09714","531,61652","46,79121"
"108,73","396,320614","633,777998",,"1,57691","0,51865","0,09766","534,26368","46,93291"
"108,731","397,320614","633,777998",,"1,58796","0,52024","0,09818","536,41399","47,0761"
"108,732","399,320614","632,777998",,"1,59901","0,52183","0,0987","538,57886","47,2203"
"108,733","397,320614","630,777998",,"1,55481","0,52341","0,09922","538,11277","47,36299"
"108,734","399,320614","628,777998",,"1,55481","0,52496","0,09974","539,71126","47,50368"
"108,735","402,320614","626,777998",,"1,56586","0,52652","0,10027","541,84197","47,64488"
"108,736","399,320614","627,777998",,"1,54376","0,52808","0,1008","542,38587","47,78557"
"108,737","403,320614","625,777998",,"1,56586","0,52963","0,10133","545,04207","47,92627"
"108,738","403,320614","624,777998",,"1,55481","0,53119","0,10186","546,11662","48,06746"
"108,739","404,320614","620,777998",,"1,52166","0,53273","0,10239","546,09989","48,20666"
"108,74","401,320614","620,777998",,"1,48851","0,53423","0,10292","546,04005","48,34285"
"108,741","403,320614","617,777998",,"1,47745","0,53572","0,10346","547,02008","48,47705"
"108,742","402,320614","615,777998",,"1,4443","0,53718","0,10399","546,90025","48,60924"
"108,743","403,320614","617,777998",,"1,47745","0,53864","0,10453","550,00348","48,74144"
"108,744","401,320614","612,777998",,"1,4001","0,54008","0,10507","547,69207","48,87163"
"108,745","403,320614","608,777998",,"1,378","0,54147","0,10561","548,01777","48,99733"
"108,746","401,320614","609,777998",,"1,36695","0,54284","0,10615","548,864","49,12152"
"108,747","403,320614","603,777998",,"1,32274","0,54418","0,1067","548,04704","49,24322"
"108,748","401,320614","602,777998",,"1,28959","0,54549","0,10724","547,726","49,36141"
"108,749","401,320614","598,777998",,"1,24538","0,54676","0,10779","546,81165","49,47611"
"108,75","401,320614","597,777998",,"1,23433","0,548","0,10834","547,50364","49,5883"
"108,751","399,320614","593,777998",,"1,16803","0,5492","0,10888","545,40854","49,697"
"108,752","400,320614","591,777998",,"1,15698","0,55036","0,10943","546,01266","49,80219"
"108,753","398,320614","589,777998",,"1,11277","0,5515","0,10999","544,93258","49,90489"
"108,754","395,320614","584,777998",,"1,02437","0,55256","0,11054","541,56792","50,00158"
"108,755","395,320614","581,777998",,"0,99121","0,55357","0,11109","540,89493","50,09278"
"108,756","394,320614","579,777998",,"0,95806","0,55455","0,11164","540,18361","50,18097"
"108,757","397,320614","577,777998",,"0,96911","0,55551","0,1122","541,67775","50,26817"
"108,758","392,320614","573,777998",,"0,86965","0,55643","0,11276","537,56636","50,35136"
"108,759","394,320614","568,777998",,"0,8365","0,55728","0,11331","536,71867","50,42856"
"108,76","394,320614","568,777998",,"0,8365","0,55812","0,11387","537,5243","50,50425"
"108,761","392,320614","565,777998",,"0,78124","0,55893","0,11443","535,50868","50,57745"
"108,762","391,320614","563,777998",,"0,74809","0,55969","0,11499","534,56223","50,64664"
"108,763","391,320614","562,777998",,"0,73704","0,56044","0,11555","534,71102","50,71384"
"108,764","390,320614","559,777998",,"0,69284","0,56115","0,11611","533,14854","50,77853"
"108,765","389,320614","555,777998",,"0,63758","0,56182","0,11667","530,97147","50,83873"
"108,766","389,320614","552,777998",,"0,60443","0,56244","0,11723","529,87107","50,89492"
"108,767","387,320614","550,777998",,"0,56023","0,56302","0,11779","528,16761","50,94761"
"108,768","386,320614","547,777998",,"0,51602","0,56356","0,11836","526,41819","50,99631"
"108,769","384,320614","547,777998",,"0,49392","0,56406","0,11892","525,76176","51,042"
"108,77","386,320614","543,777998",,"0,47182","0,56455","0,11949","525,08275","51,0857"
"108,771","383,320614","541,777998",,"0,41656","0,56499","0,12005","522,67095","51,12589"
"108,772","383,320614","541,777998",,"0,41656","0,56541","0,12062","523,05631","51,16359"
"108,773","380,320614","534,777998",,"0,30605","0,56577","0,12118","517,73288","51,19628"
"108,774","378,320614","535,777998",,"0,295","0,56607","0,12175","517,44183","51,22348"
"108,775","380,320614","534,777998",,"0,30605","0,56637","0,12231","518,28291","51,25067"
"108,776","377,320614","531,777998",,"0,23975","0,56664","0,12288","515,13279","51,27537"
"108,777","376,320614","530,777998",,"0,21765","0,56687","0,12345","514,20696","51,29606"
"108,778","373,320614","527,777998",,"0,15134","0,56705","0,12401","510,97199","51,31276"
"108,779","376,320614","522,777998",,"0,12924","0,56719","0,12458","509,96401","51,32545"
"108,78","371,320614","520,777998",,"0,05188","0,56729","0,12515","506,07444","51,33365"
"108,781","372,320614","520,777998",,"0,06293","0,56734","0,12572","506,693","51,33884"
"108,782","371,320614","517,777998",,"0,01873","0,56738","0,12628","504,45993","51,34254"
"108,783","370,320614","513,777998",,"-0,03652","0,56737","0,12685","501,61515","51,34173"
"108,784","371,320614","512,777998",,"-0,03652","0,56734","0,12742","501,58285","51,33843"
"108,785","369,320614","512,777998",,"-0,05863","0,56729","0,12799","500,40621","51,33412"
"108,786","369,320614","506,777998",,"-0,12493","0,5672","0,12855","496,92206","51,32582"
"108,787","369,320614","506,777998",,"-0,12493","0,56707","0,12912","496,81261","51,31451"
"108,788","369,320614","501,777998",,"-0,18019","0,56692","0,12969","493,84434","51,30071"
"108,789","367,320614","502,777998",,"-0,19124","0,56674","0,13025","493,11583","51,2839"
"108,79","369,320614","499,777998",,"-0,20229","0,56654","0,13082","492,37809","51,2661"
"108,791","368,320614","499,777998",,"-0,21334","0,56633","0,13139","491,63115","51,24729"
"108,792","368,320614","497,777998",,"-0,23544","0,56611","0,13195","490,30414","51,22699"
"108,793","369,320614","494,777998",,"-0,25754","0,56586","0,13252","488,95893","51,20468"
"108,794","368,320614","494,777998",,"-0,26859","0,5656","0,13308","488,16602","51,18088"
"108,795","368,320614","494,777998",,"-0,26859","0,56533","0,13365","487,93419","51,15657"
"108,796","367,320614","491,777998",,"-0,3128","0,56504","0,13422","485,42314","51,13027"
"108,797","368,320614","492,777998",,"-0,2907","0,56474","0,13478","486,29338","51,10296"
"108,798","370,320614","489,777998",,"-0,30175","0,56444","0,13534","485,47387","51,07616"
"108,799","371,320614","490,777998",,"-0,27965","0,56415","0,13591","486,35214","51,04985"
"108,8","370,320614","490,777998",,"-0,2907","0,56386","0,13647","485,54243","51,02405"
"108,801","373,320614","490,777998",,"-0,25754","0,56359","0,13704","486,99715","50,99924"
"108,802","371,320614","489,777998",,"-0,2907","0,56332","0,1376","485,07034","50,97443"
"108,803","371,320614","489,777998",,"-0,2907","0,56302","0,13816","484,82002","50,94813"
"108,804","375,320614","488,777998",,"-0,25754","0,56275","0,13873","486,27223","50,92332"
"108,805","372,320614","489,777998",,"-0,27965","0,56248","0,13929","484,91517","50,89902"
"108,806","374,320614","488,777998",,"-0,26859","0,56221","0,13985","485,24106","50,87421"
"108,807","372,320614","488,777998",,"-0,2907","0,56193","0,14041","483,87584","50,84891"
"108,808","372,320614","487,777998",,"-0,30175","0,56163","0,14097","483,05913","50,8221"
"108,809","373,320614","486,777998",,"-0,30175","0,56133","0,14154","482,7996","50,7948"
"108,81","377,320614","486,777998",,"-0,25754","0,56105","0,1421","484,80328","50,76949"
"108,811","376,320614","487,777998",,"-0,25754","0,56079","0,14266","484,58074","50,74619"
"108,812","377,320614","488,777998",,"-0,23544","0,56055","0,14322","485,48884","50,72388"
"108,813","377,320614","487,777998",,"-0,24649","0,56031","0,14378","484,71983","50,70208"
"108,814","377,320614","488,777998",,"-0,23544","0,56006","0,14434","485,07143","50,68027"
"108,815","377,320614","487,777998",,"-0,24649","0,55982","0,1449","484,30291","50,65847"
"108,816","378,320614","487,777998",,"-0,23544","0,55958","0,14546","484,65403","50,63666"
"108,817","381,320614","487,777998",,"-0,20229","0,55936","0,14602","486,14256","50,61686"
"108,818","381,320614","488,777998",,"-0,19124","0,55917","0,14658","486,53073","50,59905"
"108,819","382,320614","487,777998",,"-0,19124","0,55898","0,14714","486,36433","50,58175"
"108,82","382,320614","487,777998",,"-0,19124","0,55878","0,1477","486,19793","50,56444"
"108,821","383,320614","485,777998",,"-0,20229","0,55859","0,14825","485,46814","50,54664"
"108,822","380,320614","486,777998",,"-0,22439","0,55837","0,14881","484,16598","50,52733"
"108,823","380,320614","486,777998",,"-0,22439","0,55815","0,14937","483,97141","50,50703"
"108,824","384,320614","484,777998",,"-0,20229","0,55794","0,14993","484,9023","50,48772"
"108,825","383,320614","487,777998",,"-0,18019","0,55775","0,15049","485,85158","50,47042"
"108,826","384,320614","487,777998",,"-0,16914","0,55757","0,15105","486,25701","50,45461"
"108,827","383,320614","485,777998",,"-0,20229","0,55739","0,1516","484,42289","50,43781"
"108,828","383,320614","486,777998",,"-0,19124","0,55719","0,15216","484,80907","50,42"
"108,829","386,320614","483,777998",,"-0,19124","0,557","0,15272","484,64268","50,4027"
"108,83","384,320614","486,777998",,"-0,18019","0,55681","0,15327","485,0379","50,38589"
"108,831","384,320614","482,777998",,"-0,22439","0,55661","0,15383","482,63525","50,36759"
"108,832","385,320614","483,777998",,"-0,20229","0,5564","0,15439","483,56305","50,34828"
"108,833","387,320614","483,777998",,"-0,18019","0,5562","0,15494","484,50926","50,33098"
"108,834","386,320614","482,777998",,"-0,20229","0,55601","0,1555","483,23064","50,31367"
"108,835","386,320614","479,777998",,"-0,23544","0,55579","0,15606","481,37304","50,29386"
"108,836","387,320614","480,777998",,"-0,21334","0,55557","0,15661","482,28984","50,27356"
"108,837","388,320614","479,777998",,"-0,21334","0,55536","0,15717","482,10464","50,25425"
"108,838","385,320614","480,777998",,"-0,23544","0,55513","0,15772","480,79958","50,23395"
"108,839","387,320614","476,777998",,"-0,25754","0,55489","0,15828","479,47632","50,21164"
"108,84","386,320614","476,777998",,"-0,26859","0,55462","0,15883","478,69438","50,18784"
"108,841","386,320614","477,777998",,"-0,25754","0,55436","0,15939","479,02168","50,16403"
"108,842","385,320614","475,777998",,"-0,2907","0,55409","0,15994","477,12256","50,13923"
"108,843","386,320614","473,777998",,"-0,30175","0,55379","0,16049","476,31369","50,11242"
"108,844","386,320614","474,777998",,"-0,2907","0,55349","0,16105","476,61241","50,08562"
"108,845","387,320614","471,777998",,"-0,3128","0,55319","0,1616","475,24619","50,05831"
"108,846","387,320614","471,777998",,"-0,3128","0,55288","0,16215","474,97746","50,03001"
"108,847","385,320614","471,777998",,"-0,3349","0,55256","0,16271","473,59414","50,0007"
"108,848","385,320614","473,777998",,"-0,3128","0,55223","0,16326","474,42103","49,9714"
"108,849","382,320614","471,777998",,"-0,36805","0,55189","0,16381","471,36911","49,94059"
"108,85","385,320614","468,777998",,"-0,36805","0,55152","0,16436","471,05476","49,90729"
"108,851","383,320614","467,777998",,"-0,40121","0,55114","0,16491","469,07283","49,87248"
"108,852","384,320614","467,777998",,"-0,39016","0,55074","0,16547","469,28681","49,83668"
"108,853","383,320614","466,777998",,"-0,41226","0,55034","0,16602","467,84426","49,80037"
"108,854","383,320614","466,777998",,"-0,41226","0,54993","0,16657","467,4938","49,76307"
"108,855","382,320614","467,777998",,"-0,41226","0,54952","0,16712","467,14334","49,72576"
"108,856","384,320614","464,777998",,"-0,42331","0,5491","0,16767","466,23909","49,68796"
"108,857","381,320614","465,777998",,"-0,44541","0,54866","0,16821","464,77295","49,64865"
"108,858","383,320614","464,777998",,"-0,43436","0,54822","0,16876","464,94855","49,60885"
"108,859","382,320614","463,777998",,"-0,45646","0,54778","0,16931","463,47524","49,56854"
"108,86","383,320614","461,777998",,"-0,46751","0,54732","0,16986","462,53703","49,52674"
"108,861","382,320614","463,777998",,"-0,45646","0,54686","0,17041","462,69346","49,48493"
"108,862","382,320614","460,777998",,"-0,48961","0,54638","0,17095","460,65408","49,44213"
"108,863","379,320614","460,777998",,"-0,52277","0,54588","0,1715","458,58968","49,39632"
"108,864","379,320614","461,777998",,"-0,51172","0,54536","0,17204","458,70051","49,34952"
"108,865","381,320614","460,777998",,"-0,50066","0,54485","0,17259","458,81961","49,30371"
"108,866","382,320614","459,777998",,"-0,50066","0,54435","0,17313","458,398","49,25841"
"108,867","380,320614","457,777998",,"-0,54487","0,54383","0,17368","455,78246","49,2111"
"108,868","380,320614","456,777998",,"-0,55592","0,54328","0,17422","454,7779","49,1613"
"108,869","378,320614","460,777998",,"-0,53382","0,54273","0,17476","455,40726","49,11199"
"108,87","378,320614","456,777998",,"-0,57802","0,54218","0,17531","452,77207","49,06168"
"108,871","378,320614","456,777998",,"-0,57802","0,5416","0,17585","452,28937","49,00938"
"108,872","380,320614","455,777998",,"-0,56697","0,54103","0,17639","452,35231","48,95757"
"108,873","378,320614","457,777998",,"-0,56697","0,54046","0,17693","451,87826","48,90627"
"108,874","376,320614","456,777998",,"-0,60012","0,53988","0,17747","449,77073","48,85346"
"108,875","378,320614","453,777998",,"-0,61117","0,53927","0,17801","448,72689","48,79866"
"108,876","378,320614","456,777998",,"-0,57802","0,53868","0,17855","449,84816","48,74485"
"108,877","378,320614","455,777998",,"-0,58907","0,53809","0,17909","448,82275","48,69205"
"108,878","378,320614","454,777998",,"-0,60012","0,5375","0,17963","447,78929","48,63824"
"108,879","378,320614","456,777998",,"-0,57802","0,53691","0,18016","448,37236","48,58494"
"108,88","379,320614","458,777998",,"-0,54487","0,53635","0,1807","449,51254","48,53413"
"108,881","377,320614","454,777998",,"-0,61117","0,53577","0,18124","445,81348","48,48183"
"108,882","378,320614","459,777998",,"-0,54487","0,53519","0,18177","448,54366","48,42952"
"108,883","378,320614","457,777998",,"-0,56697","0,53464","0,18231","447,00848","48,37922"
"108,884","378,320614","461,777998",,"-0,52277","0,53409","0,18284","448,68928","48,32991"
"108,885","379,320614","461,777998",,"-0,51172","0,53357","0,18337","448,78832","48,28311"
"108,886","381,320614","459,777998",,"-0,51172","0,53306","0,18391","448,35791","48,2368"
"108,887","381,320614","464,777998",,"-0,45646","0,53258","0,18444","450,61364","48,193"
"108,888","382,320614","458,777998",,"-0,51172","0,53209","0,18497","447,54358","48,14919"
"108,889","385,320614","463,777998",,"-0,42331","0,53163","0,1855","451,40337","48,10689"
"108,89","384,320614","462,777998",,"-0,44541","0,53119","0,18604","449,97217","48,06758"
"108,891","382,320614","464,777998",,"-0,44541","0,53075","0,18657","449,59487","48,02728"
"108,892","387,320614","463,777998",,"-0,40121","0,53032","0,1871","451,35758","47,98897"
"108,893","387,320614","464,777998",,"-0,39016","0,52993","0,18763","451,55074","47,95317"
"108,894","388,320614","465,777998",,"-0,36805","0,52955","0,18816","452,2868","47,91886"
"108,895","391,320614","466,777998",,"-0,32385","0,5292","0,18869","454,10814","47,88756"
"108,896","390,320614","465,777998",,"-0,34595","0,52887","0,18922","452,76303","47,85725"
"108,897","394,320614","467,777998",,"-0,27965","0,52856","0,18974","455,66657","47,82895"
"108,898","392,320614","468,777998",,"-0,2907","0,52827","0,19027","454,89245","47,80314"
"108,899","397,320614","465,777998",,"-0,26859","0,52799","0,1908","455,70763","47,77784"
"108,9","395,320614","466,777998",,"-0,27965","0,52772","0,19133","454,94332","47,75303"
"108,901","398,320614","466,777998",,"-0,24649","0,52745","0,19186","456,29889","47,72923"
"108,902","401,320614","466,777998",,"-0,21334","0,52722","0,19238","457,68166","47,70842"
"108,903","398,320614","464,777998",,"-0,26859","0,52698","0,19291","454,83756","47,68662"
"108,904","401,320614","468,777998",,"-0,19124","0,52675","0,19344","458,32639","47,66581"
"108,905","402,320614","466,777998",,"-0,20229","0,52656","0,19396","457,62863","47,648"
"108,906","404,320614","467,777998",,"-0,16914","0,52637","0,19449","459,04634","47,6312"
"108,907","405,320614","467,777998",,"-0,15809","0,52621","0,19502","459,42986","47,61639"
"108,908","405,320614","466,777998",,"-0,16914","0,52604","0,19554","458,76097","47,60159"
"108,909","406,320614","467,777998",,"-0,14703","0,52588","0,19607","459,67487","47,58728"
"108,91","405,320614","465,777998",,"-0,18019","0,52572","0,19659","457,9547","47,57248"
"108,911","405,320614","467,777998",,"-0,15809","0,52555","0,19712","458,85846","47,55717"
"108,912","409,320614","466,777998",,"-0,12493","0,52541","0,19765","460,31114","47,54437"
"108,913","409,320614","468,777998",,"-0,10283","0,5253","0,19817","461,26197","47,53406"
"108,914","407,320614","469,777998",,"-0,11388","0,52519","0,1987","460,64163","47,52426"
"108,915","409,320614","470,777998",,"-0,08073","0,52509","0,19922","462,13156","47,51545"
"108,916","411,320614","467,777998",,"-0,09178","0,525","0,19975","461,53064","47,50765"
"108,917","410,320614","467,777998",,"-0,10283","0,52491","0,20027","460,92019","47,49884"
"108,918","412,320614","467,777998",,"-0,08073","0,52482","0,2008","461,88923","47,49054"
"108,919","412,320614","468,777998",,"-0,06968","0,52474","0,20132","462,34778","47,48373"
"108,92","410,320614","468,777998",,"-0,09178","0,52466","0,20185","461,22733","47,47643"
"108,921","411,320614","468,777998",,"-0,08073","0,52457","0,20237","461,67608","47,46862"
"108,922","411,320614","469,777998",,"-0,06968","0,5245","0,20289","462,13439","47,46182"
"108,923","410,320614","466,777998",,"-0,11388","0,52441","0,20342","459,9559","47,45351"
"108,924","409,320614","466,777998",,"-0,12493","0,52429","0,20394","459,32688","47,44271"
"108,925","411,320614","467,777998",,"-0,09178","0,52418","0,20447","460,80449","47,4329"
"108,926","409,320614","464,777998",,"-0,14703","0,52406","0,20499","458,07922","47,4221"
"108,927","408,320614","465,777998",,"-0,14703","0,52391","0,20552","457,9507","47,40879"
"108,928","407,320614","465,777998",,"-0,15809","0,52376","0,20604","457,29359","47,39499"
"108,929","408,320614","465,777998",,"-0,14703","0,52361","0,20656","457,684","47,38118"
"108,93","407,320614","464,777998",,"-0,16914","0,52345","0,20709","456,49892","47,36688"
"108,931","407,320614","465,777998",,"-0,15809","0,52329","0,20761","456,87952","47,35207"
"108,932","406,320614","463,777998",,"-0,19124","0,52311","0,20813","455,15769","47,33627"
"108,933","406,320614","460,777998",,"-0,22439","0,5229","0,20866","453,40816","47,31746"
"108,934","406,320614","461,777998",,"-0,21334","0,52268","0,20918","453,74107","47,29766"
"108,935","405,320614","458,777998",,"-0,25754","0,52245","0,2097","451,44689","47,27635"
"108,936","405,320614","458,777998",,"-0,25754","0,52219","0,21022","451,22434","47,25305"
"108,937","400,320614","458,777998",,"-0,3128","0,52191","0,21075","448,3684","47,22724"
"108,938","402,320614","457,777998",,"-0,30175","0,5216","0,21127","448,62602","47,19943"
"108,939","399,320614","456,777998",,"-0,34595","0,52127","0,21179","446,26238","47,17013"
"108,94","396,320614","456,777998",,"-0,3791","0,52091","0,21231","444,38928","47,13732"
"108,941","395,320614","453,777998",,"-0,42331","0,52051","0,21283","441,96497","47,10102"
"108,942","397,320614","455,777998",,"-0,3791","0,52011","0,21335","443,70475","47,06471"
"108,943","394,320614","453,777998",,"-0,43436","0,5197","0,21387","440,75925","47,02791"
"108,944","392,320614","452,777998",,"-0,46751","0,51925","0,21439","438,81906","46,9871"
"108,945","391,320614","451,777998",,"-0,48961","0,51877","0,21491","437,37708","46,9438"
"108,946","390,320614","449,777998",,"-0,52277","0,51827","0,21543","435,39551","46,89799"
"108,947","389,320614","451,777998",,"-0,51172","0,51775","0,21595","435,47872","46,85119"
"108,948","388,320614","448,777998",,"-0,55592","0,51722","0,21646","432,96087","46,80288"
"108,949","385,320614","447,777998",,"-0,60012","0,51664","0,21698","430,41045","46,75058"
"108,95","384,320614","445,777998",,"-0,63328","0,51602","0,2175","428,34862","46,69477"
"108,951","383,320614","447,777998",,"-0,62223","0,51539","0,21801","428,34292","46,63797"
"108,952","382,320614","445,777998",,"-0,65538","0,51475","0,21853","426,26774","46,58016"
"108,953","379,320614","444,777998",,"-0,69958","0,51408","0,21904","423,65041","46,51886"
"108,954","380,320614","444,777998",,"-0,68853","0,51338","0,21956","423,59183","46,45605"
"108,955","378,320614","444,777998",,"-0,71063","0,51268","0,22007","421,98924","46,39275"
"108,956","379,320614","442,777998",,"-0,72168","0,51197","0,22058","420,8878","46,32794"
"108,957","376,320614","443,777998",,"-0,74379","0,51123","0,22109","419,26295","46,26164"
"108,958","375,320614","441,777998",,"-0,77694","0,51047","0,2216","417,10796","46,19283"
"108,959","373,320614","441,777998",,"-0,79904","0,50969","0,22211","415,44472","46,12153"
"108,96","372,320614","439,777998",,"-0,83219","0,50887","0,22262","413,2533","46,04772"
"108,961","372,320614","438,777998",,"-0,84324","0,50803","0,22313","412,06495","45,97192"
"108,962","371,320614","438,777998",,"-0,85429","0,50718","0,22364","410,86933","45,89511"
"108,963","372,320614","437,777998",,"-0,85429","0,50633","0,22415","410,17727","45,81781"
"108,964","371,320614","435,777998",,"-0,88745","0,50546","0,22465","407,9554","45,739"
"108,965","370,320614","434,777998",,"-0,90955","0,50456","0,22516","406,2211","45,6577"
"108,966","370,320614","434,777998",,"-0,90955","0,50365","0,22566","405,48883","45,57539"
"108,967","368,320614","433,777998",,"-0,9427","0,50273","0,22616","403,23503","45,49159"
"108,968","368,320614","431,777998",,"-0,9648","0,50177","0,22667","401,46648","45,40528"
"108,969","365,320614","435,777998",,"-0,95375","0,50081","0,22717","401,19978","45,31848"
"108,97","366,320614","433,777998",,"-0,9648","0,49985","0,22767","399,93145","45,23167"
"108,971","365,320614","433,777998",,"-0,97586","0,49888","0,22817","398,6562","45,14387"
"108,972","367,320614","433,777998",,"-0,95375","0,49792","0,22867","398,88107","45,05656"
"108,973","362,320614","432,777998",,"-1,02006","0,49693","0,22916","395,10887","44,96725"
"108,974","365,320614","431,777998",,"-0,99796","0,49592","0,22966","395,29845","44,87595"
"108,975","365,320614","433,777998",,"-0,97586","0,49493","0,23016","395,50166","44,78664"
"108,976","364,320614","434,777998",,"-0,97586","0,49396","0,23065","394,72186","44,69834"
"108,977","365,320614","433,777998",,"-0,97586","0,49298","0,23114","393,94205","44,61003"
"108,978","366,320614","434,777998",,"-0,95375","0,49202","0,23164","394,15512","44,52273"
"108,979","364,320614","435,777998",,"-0,9648","0,49106","0,23213","392,89558","44,43592"
"108,98","366,320614","435,777998",,"-0,9427","0,49011","0,23262","393,11269","44,34962"
"108,981","368,320614","435,777998",,"-0,9206","0,48917","0,23311","393,34376","44,26531"
"108,982","366,320614","435,777998",,"-0,9427","0,48824","0,2336","391,61814","44,18101"
"108,983","364,320614","436,777998",,"-0,95375","0,48729","0,23408","390,37027","44,0952"
"108,984","366,320614","437,777998",,"-0,9206","0,48636","0,23457","391,07857","44,0104"
"108,985","367,320614","437,777998",,"-0,90955","0,48544","0,23506","390,8282","43,92759"
"108,986","365,320614","439,777998",,"-0,90955","0,48453","0,23554","390,09593","43,84529"
"108,987","366,320614","441,777998",,"-0,8764","0,48364","0,23603","390,82791","43,76448"
"108,988","368,320614","441,777998",,"-0,85429","0,48277","0,23651","391,09417","43,68618"
"108,989","364,320614","442,777998",,"-0,88745","0,4819","0,23699","388,94297","43,60737"
"108,99","362,320614","443,777998",,"-0,8985","0,48101","0,23747","387,74125","43,52657"
"108,991","367,320614","444,777998",,"-0,83219","0,48014","0,23795","389,92456","43,44826"
"108,992","364,320614","442,777998",,"-0,88745","0,47928","0,23843","386,82988","43,37046"
"108,993","363,320614","443,777998",,"-0,88745","0,4784","0,23891","386,11362","43,29015"
"108,994","362,320614","445,777998",,"-0,8764","0,47752","0,23939","385,87934","43,21035"
"108,995","363,320614","447,777998",,"-0,84324","0,47666","0,23987","386,61448","43,13254"
"108,996","362,320614","448,777998",,"-0,84324","0,47581","0,24034","385,93053","43,05624"
"108,997","363,320614","444,777998",,"-0,8764","0,47495","0,24082","383,80827","42,97843"
"108,998","363,320614","446,777998",,"-0,85429","0,47409","0,24129","384,05716","42,90013"
"108,999","361,320614","448,777998",,"-0,85429","0,47323","0,24177","383,3651","42,82282"
109,"362,320614","446,777998",,"-0,86535","0,47237","0,24224","382,19619","42,74502"
"109,001","360,320614","447,777998",,"-0,8764","0,4715","0,24271","381,02006","42,66621"
"109,002","359,320614","446,777998",,"-0,8985","0,47061","0,24318","379,36169","42,58591"
"109,003","359,320614","445,777998",,"-0,90955","0,46971","0,24365","378,16325","42,5041"
"109,004","358,320614","446,777998",,"-0,90955","0,4688","0,24412","377,43097","42,4218"
"109,005","358,320614","447,777998",,"-0,8985","0,4679","0,24459","377,17104","42,33999"
"109,006","356,320614","446,777998",,"-0,93165","0,46698","0,24506","375,03245","42,25718"
"109,007","356,320614","443,777998",,"-0,9648","0,46603","0,24552","372,87283","42,17138"
"109,008","353,320614","443,777998",,"-0,99796","0,46505","0,24599","370,69247","42,08257"
"109,009","354,320614","444,777998",,"-0,97586","0,46407","0,24645","370,83394","41,99327"
"109,01","352,320614","440,777998",,"-1,04216","0,46306","0,24692","367,24931","41,90196"
"109,011","352,320614","442,777998",,"-1,02006","0,46203","0,24738","367,35558","41,80866"
"109,012","351,320614","440,777998",,"-1,05321","0,46099","0,24784","365,14839","41,71485"
"109,013","348,320614","437,777998",,"-1,11952","0,4599","0,2483","361,52847","41,61655"
"109,014","346,320614","434,777998",,"-1,17477","0,45876","0,24876","358,33293","41,51274"
"109,015","345,320614","436,777998",,"-1,16372","0,45759","0,24922","357,87722","41,40694"
"109,016","346,320614","433,777998",,"-1,18582","0,45641","0,24968","356,04561","41,30063"
"109,017","344,320614","432,777998",,"-1,21898","0,45521","0,25013","353,74199","41,19183"
"109,018","343,320614","429,777998",,"-1,26318","0,45397","0,25059","350,96168","41,07952"
"109,019","342,320614","431,777998",,"-1,25213","0,45271","0,25104","350,4421","40,96572"
"109,02","337,320614","427,777998",,"-1,35159","0,45141","0,25149","345,37166","40,84791"
"109,021","339,320614","426,777998",,"-1,34054","0,45006","0,25194","344,79185","40,72611"
"109,022","339,320614","422,777998",,"-1,38474","0,4487","0,25239","341,95314","40,6028"
"109,023","336,320614","423,777998",,"-1,40684","0,4473","0,25284","339,9948","40,4765"
"109,024","334,320614","419,777998",,"-1,47315","0,44586","0,25329","336,22508","40,34619"
"109,025","332,320614","419,777998",,"-1,49525","0,44438","0,25373","334,21709","40,21189"
"109,026","330,320614","416,777998",,"-1,5505","0,44286","0,25418","330,85745","40,07408"
"109,027","328,320614","416,777998",,"-1,57261","0,44129","0,25462","328,80823","39,93278"
"109,028","330,320614","412,777998",,"-1,59471","0,43971","0,25506","326,74883","39,78947"
"109,029","330,320614","411,777998",,"-1,60576","0,43811","0,2555","325,12158","39,64467"
"109,03","327,320614","409,777998",,"-1,66101","0,43648","0,25593","321,72706","39,49686"
"109,031","325,320614","405,777998",,"-1,72732","0,43478","0,25637","317,86959","39,34356"
"109,032","322,320614","406,777998",,"-1,74942","0,43305","0,2568","315,73258","39,18625"
"109,033","325,320614","404,777998",,"-1,73837","0,4313","0,25724","314,89241","39,02845"
"109,034","322,320614","402,777998",,"-1,79363","0,42954","0,25767","311,45538","38,86864"
"109,035","321,320614","402,777998",,"-1,80468","0,42774","0,2581","309,72308","38,70584"
"109,036","318,320614","399,777998",,"-1,87098","0,4259","0,25852","305,83693","38,53953"
"109,037","320,320614","396,777998",,"-1,88203","0,42402","0,25895","304,06539","38,36973"
"109,038","318,320614","395,777998",,"-1,91519","0,42212","0,25937","301,43753","38,19792"
"109,039","318,320614","393,777998",,"-1,93729","0,4202","0,25979","299,22161","38,02362"
"109,04","316,320614","395,777998",,"-1,93729","0,41826","0,26021","297,84207","37,84831"
"109,041","317,320614","391,777998",,"-1,97044","0,41631","0,26063","295,20181","37,6715"
"109,042","314,320614","391,777998",,"-2,00359","0,41432","0,26104","292,54986","37,4917"
"109,043","314,320614","389,777998",,"-2,0257","0,4123","0,26146","290,30272","37,30939"
"109,044","312,320614","387,777998",,"-2,0699","0,41026","0,26187","287,21984","37,12409"
"109,045","309,320614","386,777998",,"-2,1141","0,40816","0,26228","284,12258","36,93478"
"109,046","309,320614","385,777998",,"-2,12515","0,40604","0,26268","282,24106","36,74298"
"109,047","309,320614","383,777998",,"-2,14726","0,40391","0,26309","279,94837","36,54967"
"109,048","309,320614","382,777998",,"-2,15831","0,40176","0,26349","278,05453","36,35487"
"109,049","306,320614","380,777998",,"-2,21356","0,39957","0,26389","274,5438","36,15706"
"109,05","307,320614","381,777998",,"-2,19146","0,39737","0,26429","273,82519","35,95776"
"109,051","307,320614","381,777998",,"-2,19146","0,39518","0,26469","272,31506","35,75945"
"109,052","306,320614","381,777998",,"-2,20251","0,39298","0,26508","270,40814","35,56065"
"109,053","306,320614","378,777998",,"-2,23566","0,39076","0,26547","267,70891","35,35984"
"109,054","304,320614","380,777998",,"-2,23566","0,38852","0,26586","266,17726","35,15754"
"109,055","305,320614","378,777998",,"-2,24671","0,38628","0,26625","264,25554","34,95473"
"109,056","302,320614","379,777998",,"-2,26882","0,38403","0,26664","261,94296","34,75043"
"109,057","304,320614","378,777998",,"-2,25776","0,38176","0,26702","260,78093","34,54562"
"109,058","302,320614","378,777998",,"-2,27987","0,37949","0,2674","258,47212","34,34032"
"109,059","300,320614","375,777998",,"-2,33512","0,37719","0,26778","255,01457","34,13151"
"109,06","299,320614","375,777998",,"-2,34617","0,37484","0,26815","253,05721","33,91971"
"109,061","300,320614","373,777998",,"-2,35722","0,37249","0,26853","251,09709","33,7069"
"109,062","298,320614","376,777998",,"-2,34617","0,37014","0,2689","249,88196","33,4941"
"109,063","297,320614","376,777998",,"-2,35722","0,36779","0,26927","247,92654","33,28129"
"109,064","297,320614","377,777998",,"-2,34617","0,36544","0,26963","246,7067","33,06849"
"109,065","296,320614","375,777998",,"-2,37933","0,36308","0,27","244,02239","32,85468"
"109,066","295,320614","376,777998",,"-2,37933","0,3607","0,27036","242,42324","32,63938"
"109,067","293,320614","373,777998",,"-2,43458","0,35829","0,27072","239,01409","32,42157"
"109,068","292,320614","375,777998",,"-2,42353","0,35586","0,27108","237,74953","32,20177"
"109,069","292,320614","375,777998",,"-2,42353","0,35344","0,27143","236,13037","31,98246"
"109,07","291,320614","373,777998",,"-2,45668","0,351","0,27178","233,44715","31,76166"
"109,071","289,320614","372,777998",,"-2,48983","0,34852","0,27213","230,75662","31,53785"
"109,072","287,320614","372,777998",,"-2,51194","0,34602","0,27248","228,40875","31,31155"
"109,073","288,320614","373,777998",,"-2,48983","0,34352","0,27283","227,44496","31,08524"
"109,074","287,320614","371,777998",,"-2,52299","0,34101","0,27317","224,76242","30,85843"
"109,075","285,320614","371,777998",,"-2,54509","0,33848","0,27351","222,41528","30,62913"
"109,076","284,320614","373,777998",,"-2,53404","0,33594","0,27384","221,08248","30,39932"
"109,077","283,320614","372,777998",,"-2,55614","0,3334","0,27418","218,74077","30,16902"
"109,078","283,320614","371,777998",,"-2,56719","0,33083","0,27451","216,72923","29,93721"
"109,079","283,320614","373,777998",,"-2,54509","0,32828","0,27484","215,71126","29,70591"
"109,08","283,320614","371,777998",,"-2,56719","0,32572","0,27517","213,38018","29,4746"
"109,081","282,320614","368,777998",,"-2,6114","0,32313","0,27549","210,3914","29,2403"
"109,082","283,320614","372,777998",,"-2,55614","0,32055","0,27581","210,31186","29,00649"
"109,083","282,320614","370,777998",,"-2,58929","0,31798","0,27613","207,66998","28,77369"
"109,084","282,320614","370,777998",,"-2,58929","0,31539","0,27645","205,97891","28,53938"
"109,085","283,320614","369,777998",,"-2,58929","0,3128","0,27676","204,28785","28,30508"
"109,086","281,320614","370,777998",,"-2,60034","0,3102","0,27708","202,28297","28,07027"
"109,087","281,320614","368,777998",,"-2,62245","0,30759","0,27738","199,9649","27,83397"
"109,088","282,320614","369,777998",,"-2,60034","0,30498","0,27769","198,8772","27,59766"
"109,089","282,320614","369,777998",,"-2,60034","0,30238","0,27799","197,18152","27,36236"
"109,09","280,320614","368,777998",,"-2,6335","0,29976","0,2783","194,57574","27,12555"
"109,091","284,320614","368,777998",,"-2,58929","0,29715","0,27859","194,06929","26,88925"
"109,092","284,320614","373,777998",,"-2,53404","0,29459","0,27889","193,86922","26,65744"
"109,093","281,320614","369,777998",,"-2,6114","0,29202","0,27918","190,132","26,42464"
"109,094","283,320614","370,777998",,"-2,57824","0,28942","0,27947","189,31078","26,18983"
"109,095","285,320614","371,777998",,"-2,54509","0,28686","0,27976","188,49578","25,95803"
"109,096","285,320614","371,777998",,"-2,54509","0,28432","0,28005","186,82341","25,72772"
"109,097","286,320614","371,777998",,"-2,53404","0,28178","0,28033","185,43644","25,49792"
"109,098","285,320614","371,777998",,"-2,54509","0,27924","0,28061","183,48592","25,26811"
"109,099","288,320614","372,777998",,"-2,50089","0,27671","0,28089","182,93492","25,03981"
"109,1","287,320614","372,777998",,"-2,51194","0,27421","0,28116","181,00373","24,813"
"109,101","287,320614","372,777998",,"-2,51194","0,2717","0,28144","179,34561","24,5857"
"109,102","291,320614","373,777998",,"-2,45668","0,26921","0,28171","179,05177","24,36089"
"109,103","289,320614","372,777998",,"-2,48983","0,26674","0,28198","176,6066","24,13709"
"109,104","292,320614","370,777998",,"-2,47878","0,26425","0,28224","175,22599","23,91228"
"109,105","295,320614","374,777998",,"-2,40143","0,26181","0,2825","175,44065","23,69148"
"109,106","292,320614","371,777998",,"-2,46773","0,25938","0,28277","172,25297","23,47117"
"109,107","297,320614","371,777998",,"-2,41248","0,25694","0,28302","171,9172","23,25037"
"109,108","295,320614","370,777998",,"-2,44563","0,25451","0,28328","169,52839","23,03056"
"109,109","296,320614","371,777998",,"-2,42353","0,25207","0,28353","168,41087","22,81025"
"109,11","299,320614","370,777998",,"-2,40143","0,24966","0,28378","167,29842","22,59195"
"109,111","294,320614","370,777998",,"-2,45668","0,24723","0,28403","164,43455","22,37214"
"109,112","299,320614","370,777998",,"-2,40143","0,2448","0,28428","164,04301","22,15234"
"109,113","299,320614","369,777998",,"-2,41248","0,2424","0,28452","162,18772","21,93453"
"109,114","299,320614","369,777998",,"-2,41248","0,23998","0,28476","160,57353","21,71623"
"109,115","299,320614","371,777998",,"-2,39038","0,23758","0,285","159,44191","21,49892"
"109,116","303,320614","369,777998",,"-2,36827","0,2352","0,28524","158,31555","21,28362"
"109,117","300,320614","367,777998",,"-2,42353","0,23281","0,28547","155,53883","21,06681"
"109,118","301,320614","370,777998",,"-2,37933","0,23041","0,2857","154,85607","20,84951"
"109,119","304,320614","369,777998",,"-2,35722","0,22804","0,28593","153,72043","20,6352"
"109,12","301,320614","367,777998",,"-2,41248","0,22565","0,28616","150,98454","20,4194"
"109,121","301,320614","366,777998",,"-2,42353","0,22324","0,28638","149,14342","20,20059"
"109,122","304,320614","366,777998",,"-2,39038","0,22083","0,28661","148,19783","19,98279"
"109,123","303,320614","368,777998",,"-2,37933","0,21844","0,28683","146,8158","19,76698"
"109,124","305,320614","365,777998",,"-2,39038","0,21606","0,28704","144,99689","19,55118"
"109,125","304,320614","366,777998",,"-2,39038","0,21367","0,28726","143,39271","19,33487"
"109,126","305,320614","367,777998",,"-2,36827","0,21129","0,28747","142,21852","19,11957"
"109,127","307,320614","367,777998",,"-2,34617","0,20893","0,28768","141,04974","18,90626"
"109,128","305,320614","364,777998",,"-2,40143","0,20656","0,28789","138,4144","18,69146"
"109,129","306,320614","367,777998",,"-2,35722","0,20418","0,28809","137,63674","18,47615"
"109,13","308,320614","365,777998",,"-2,35722","0,20182","0,2883","136,04774","18,26285"
"109,131","305,320614","364,777998",,"-2,40143","0,19944","0,2885","133,64607","18,04754"
"109,132","307,320614","367,777998",,"-2,34617","0,19707","0,2887","133,04073","17,83274"
"109,133","306,320614","366,777998",,"-2,36827","0,19471","0,28889","131,05995","17,61943"
"109,134","308,320614","367,777998",,"-2,33512","0,19236","0,28908","130,0541","17,40663"
"109,135","307,320614","364,777998",,"-2,37933","0,19","0,28928","127,70038","17,19332"
"109,136","306,320614","366,777998",,"-2,36827","0,18763","0,28946","126,29258","16,97852"
"109,137","309,320614","367,777998",,"-2,32407","0,18528","0,28965","125,4545","16,76621"
"109,138","309,320614","369,777998",,"-2,30197","0,18297","0,28984","124,2543","16,55691"
"109,139","310,320614","367,777998",,"-2,31302","0,18066","0,29002","122,50662","16,3481"
"109,14","308,320614","366,777998",,"-2,34617","0,17833","0,2902","120,39193","16,1373"
"109,141","309,320614","365,777998",,"-2,34617","0,17599","0,29037","118,80803","15,92499"
"109,142","311,320614","366,777998",,"-2,31302","0,17366","0,29055","117,75629","15,71418"
"109,143","310,320614","367,777998",,"-2,31302","0,17134","0,29072","116,18784","15,50488"
"109,144","311,320614","366,777998",,"-2,31302","0,16903","0,29089","114,61938","15,29557"
"109,145","310,320614","368,777998",,"-2,30197","0,16672","0,29106","113,2214","15,08677"
"109,146","310,320614","367,777998",,"-2,31302","0,16442","0,29122","111,48997","14,87796"
"109,147","311,320614","369,777998",,"-2,27987","0,16212","0,29139","110,41911","14,67016"
"109,148","311,320614","369,777998",,"-2,27987","0,15984","0,29155","108,86629","14,46385"
"109,149","311,320614","369,777998",,"-2,27987","0,15756","0,29171","107,31348","14,25755"
"109,15","311,320614","369,777998",,"-2,27987","0,15528","0,29186","105,76067","14,05124"
"109,151","313,320614","368,777998",,"-2,26882","0,15301","0,29202","104,36462","13,84544"
"109,152","314,320614","370,777998",,"-2,23566","0,15075","0,29217","103,28063","13,64163"
"109,153","312,320614","370,777998",,"-2,25776","0,14851","0,29232","101,4444","13,43833"
"109,154","311,320614","371,777998",,"-2,25776","0,14625","0,29247","99,90212","13,23402"
"109,155","314,320614","371,777998",,"-2,22461","0,14401","0,29261","98,80319","13,03122"
"109,156","315,320614","374,777998",,"-2,18041","0,1418","0,29276","97,85927","12,83191"
"109,157","314,320614","375,777998",,"-2,18041","0,13962","0,2929","96,35457","12,63461"
"109,158","314,320614","375,777998",,"-2,18041","0,13744","0,29303","94,84988","12,4373"
"109,159","315,320614","376,777998",,"-2,15831","0,13527","0,29317","93,62335","12,241"
"109,16","316,320614","381,777998",,"-2,092","0,13315","0,29331","92,95144","12,04869"
"109,161","314,320614","377,777998",,"-2,15831","0,13102","0,29344","90,68172","11,85639"
"109,162","313,320614","381,777998",,"-2,12515","0,12888","0,29357","89,58608","11,66258"
"109,163","315,320614","381,777998",,"-2,10305","0,12677","0,29369","88,37011","11,47128"
"109,164","317,320614","382,777998",,"-2,0699","0,12468","0,29382","87,28968","11,28247"
"109,165","316,320614","383,777998",,"-2,0699","0,12261","0,29394","85,84054","11,09517"
"109,166","317,320614","384,777998",,"-2,0478","0,12055","0,29407","84,64025","10,90886"
"109,167","319,320614","385,777998",,"-2,01464","0,11852","0,29419","83,5697","10,72506"
"109,168","318,320614","388,777998",,"-1,99254","0,11652","0,2943","82,39001","10,54375"
"109,169","318,320614","389,777998",,"-1,98149","0,11453","0,29442","81,09952","10,36395"
"109,17","318,320614","389,777998",,"-1,98149","0,11255","0,29453","79,69643","10,18464"
"109,171","318,320614","392,777998",,"-1,94834","0,11058","0,29464","78,63683","10,00684"
"109,172","318,320614","392,777998",,"-1,94834","0,10864","0,29475","77,25137","9,83053"
"109,173","320,320614","393,777998",,"-1,91519","0,1067","0,29486","76,19781","9,65573"
"109,174","318,320614","394,777998",,"-1,92624","0,10478","0,29497","74,72145","9,48192"
"109,175","317,320614","397,777998",,"-1,90413","0,10287","0,29507","73,56147","9,30862"
"109,176","319,320614","397,777998",,"-1,88203","0,10098","0,29517","72,40968","9,13731"
"109,177","322,320614","399,777998",,"-1,82678","0,09912","0,29527","71,5755","8,9695"
"109,178","320,320614","400,777998",,"-1,83783","0,09729","0,29537","70,15511","8,8037"
"109,179","321,320614","403,777998",,"-1,79363","0,09547","0,29547","69,22768","8,63939"
"109,18","324,320614","402,777998",,"-1,77152","0,09369","0,29556","68,12252","8,47809"
"109,181","323,320614","404,777998",,"-1,76047","0,09192","0,29565","66,93039","8,31828"
"109,182","322,320614","406,777998",,"-1,74942","0,09017","0,29575","65,74279","8,15948"
"109,183","325,320614","407,777998",,"-1,70522","0,08844","0,29583","64,83717","8,00317"
"109,184","326,320614","410,777998",,"-1,66101","0,08676","0,29592","63,95032","7,85087"
"109,185","326,320614","410,777998",,"-1,66101","0,0851","0,29601","62,72599","7,70056"
"109,186","324,320614","412,777998",,"-1,66101","0,08344","0,29609","61,50166","7,55026"
"109,187","325,320614","415,777998",,"-1,61681","0,0818","0,29618","60,62081","7,40195"
"109,188","327,320614","414,777998",,"-1,60576","0,08019","0,29626","59,50688","7,25615"
"109,189","328,320614","417,777998",,"-1,56156","0,0786","0,29634","58,64606","7,11284"
"109,19","328,320614","417,777998",,"-1,56156","0,07704","0,29641","57,48099","6,97154"
"109,191","329,320614","420,777998",,"-1,51735","0,0755","0,29649","56,63442","6,83223"
"109,192","331,320614","421,777998",,"-1,4842","0,074","0,29656","55,73069","6,69643"
"109,193","332,320614","423,777998",,"-1,45105","0,07253","0,29664","54,84303","6,56362"
"109,194","333,320614","425,777998",,"-1,41789","0,0711","0,29671","53,97173","6,43382"
"109,195","334,320614","426,777998",,"-1,39579","0,06969","0,29678","53,04318","6,30651"
"109,196","334,320614","427,777998",,"-1,38474","0,0683","0,29685","52,05336","6,18071"
"109,197","337,320614","430,777998",,"-1,31843","0,06695","0,29692","51,42502","6,0584"
"109,198","340,320614","433,777998",,"-1,25213","0,06567","0,29698","50,83179","5,9421"
"109,199","339,320614","433,777998",,"-1,26318","0,06441","0,29705","49,79384","5,82829"
"109,2","340,320614","438,777998",,"-1,19687","0,06318","0,29711","49,22197","5,71699"
"109,201","341,320614","435,777998",,"-1,21898","0,06197","0,29717","48,15694","5,60768"
"109,202","343,320614","437,777998",,"-1,17477","0,06077","0,29724","47,46994","5,49938"
"109,203","345,320614","440,777998",,"-1,11952","0,05963","0,2973","46,87204","5,39557"
"109,204","348,320614","442,777998",,"-1,06426","0,05853","0,29735","46,30638","5,29677"
"109,205","348,320614","442,777998",,"-1,06426","0,05747","0,29741","45,46444","5,20046"
"109,206","349,320614","445,777998",,"-1,02006","0,05643","0,29747","44,8657","5,10616"
"109,207","352,320614","445,777998",,"-0,98691","0,05542","0,29753","44,23411","5,01535"
"109,208","353,320614","450,777998",,"-0,9206","0,05447","0,29758","43,79974","4,92905"
"109,209","354,320614","449,777998",,"-0,9206","0,05355","0,29763","43,05949","4,84574"
"109,21","356,320614","454,777998",,"-0,84324","0,05267","0,29769","42,71901","4,76594"
"109,211","359,320614","455,777998",,"-0,79904","0,05185","0,29774","42,26037","4,69163"
"109,212","361,320614","456,777998",,"-0,76589","0,05106","0,29779","41,77578","4,62082"
"109,213","363,320614","454,777998",,"-0,76589","0,0503","0,29784","41,14921","4,55152"
"109,214","365,320614","459,777998",,"-0,68853","0,04957","0,29789","40,90128","4,48571"
"109,215","366,320614","460,777998",,"-0,66643","0,04889","0,29794","40,44008","4,42441"
"109,216","367,320614","462,777998",,"-0,63328","0,04824","0,29799","40,04732","4,3656"
"109,217","369,320614","462,777998",,"-0,61117","0,04762","0,29804","39,62605","4,3093"
"109,218","372,320614","465,777998",,"-0,54487","0,04704","0,29809","39,42735","4,25699"
"109,219","375,320614","464,777998",,"-0,52277","0,04651","0,29813","39,07298","4,20869"
"109,22","376,320614","468,777998",,"-0,46751","0,04601","0,29818","38,88708","4,16388"
"109,221","377,320614","470,777998",,"-0,43436","0,04556","0,29822","38,64269","4,12308"
"109,222","378,320614","469,777998",,"-0,43436","0,04513","0,29827","38,27431","4,08377"
"109,223","383,320614","470,777998",,"-0,36805","0,04473","0,29831","38,20242","4,04747"
"109,224","384,320614","470,777998",,"-0,357","0,04437","0,29836","37,93715","4,01466"
"109,225","384,320614","474,777998",,"-0,3128","0,04403","0,2984","37,8269","3,98436"
"109,226","385,320614","473,777998",,"-0,3128","0,04372","0,29845","37,55818","3,95605"
"109,227","390,320614","471,777998",,"-0,27965","0,04342","0,29849","37,43396","3,92925"
"109,228","392,320614","477,777998",,"-0,19124","0,04319","0,29853","37,57648","3,90794"
"109,229","396,320614","476,777998",,"-0,15809","0,04301","0,29858","37,55354","3,89214"
"109,23","397,320614","476,777998",,"-0,14703","0,04286","0,29862","37,4632","3,87833"
"109,231","398,320614","478,777998",,"-0,11388","0,04273","0,29866","37,47735","3,86653"
"109,232","402,320614","479,777998",,"-0,05863","0,04264","0,29871","37,61491","3,85872"
"109,233","402,320614","478,777998",,"-0,06968","0,04258","0,29875","37,51574","3,85292"
"109,234","403,320614","477,777998",,"-0,06968","0,04251","0,29879","37,45435","3,84661"
"109,235","404,320614","482,777998",,"-0,00337","0,04247","0,29883","37,677","3,84331"
"109,236","407,320614","482,777998",,"0,02978","0,04249","0,29888","37,81617","3,8445"
"109,237","410,320614","485,777998",,"0,09609","0,04255","0,29892","38,12748","3,8502"
"109,238","410,320614","485,777998",,"0,09609","0,04264","0,29896","38,21358","3,85889"
"109,239","413,320614","486,777998",,"0,14029","0,04276","0,299","38,49054","3,86959"
"109,24","415,320614","488,777998",,"0,18449","0,04292","0,29905","38,80841","3,88428"
"109,241","414,320614","487,777998",,"0,16239","0,0431","0,29909","38,87902","3,89998"
"109,242","418,320614","488,777998",,"0,21765","0,04329","0,29913","39,26688","3,91717"
"109,243","418,320614","490,777998",,"0,23975","0,04352","0,29918","39,56136","3,93787"
"109,244","421,320614","491,777998",,"0,28395","0,04378","0,29922","39,97453","3,96156"
"109,245","420,320614","489,777998",,"0,2508","0,04405","0,29926","40,08653","3,98575"
"109,246","420,320614","492,777998",,"0,28395","0,04431","0,29931","40,46281","4,00995"
"109,247","424,320614","492,777998",,"0,32816","0,04462","0,29935","40,92075","4,03764"
"109,248","426,320614","491,777998",,"0,33921","0,04495","0,2994","41,27172","4,06784"
"109,249","426,320614","494,777998",,"0,37236","0,04531","0,29944","41,73429","4,10003"
"109,25","426,320614","494,777998",,"0,37236","0,04568","0,29949","42,07727","4,13373"
"109,251","428,320614","493,777998",,"0,38341","0,04606","0,29953","42,4714","4,16792"
"109,252","429,320614","493,777998",,"0,39446","0,04645","0,29958","42,87649","4,20312"
"109,253","430,320614","495,777998",,"0,42761","0,04686","0,29963","43,39649","4,24031"
"109,254","431,320614","495,777998",,"0,43867","0,04729","0,29967","43,84492","4,27951"
"109,255","431,320614","498,777998",,"0,47182","0,04775","0,29972","44,41021","4,3207"
"109,256","435,320614","495,777998",,"0,48287","0,04823","0,29977","44,90242","4,3639"
"109,257","432,320614","497,777998",,"0,47182","0,0487","0,29982","45,29817","4,40709"
"109,258","435,320614","498,777998",,"0,51602","0,0492","0,29987","45,95435","4,45179"
"109,259","433,320614","497,777998",,"0,48287","0,0497","0,29992","46,27179","4,49698"
"109,26","437,320614","497,777998",,"0,52707","0,0502","0,29997","46,94277","4,54268"
"109,261","437,320614","498,777998",,"0,53812","0,05073","0,30002","47,49154","4,59087"
"109,262","438,320614","498,777998",,"0,54918","0,05128","0,30007","48,05173","4,64007"
"109,263","436,320614","499,777998",,"0,53812","0,05182","0,30012","48,50936","4,68926"
"109,264","438,320614","498,777998",,"0,54918","0,05236","0,30017","49,07063","4,73846"
"109,265","441,320614","497,777998",,"0,57128","0,05292","0,30022","49,70147","4,78915"
"109,266","438,320614","497,777998",,"0,53812","0,05348","0,30028","50,06195","4,83935"
"109,267","438,320614","500,777998",,"0,57128","0,05403","0,30033","50,74331","4,88954"
"109,268","439,320614","496,777998",,"0,53812","0,05459","0,30038","51,10046","4,93974"
"109,269","442,320614","500,777998",,"0,61548","0,05517","0,30044","52,02656","4,99193"
"109,27","440,320614","498,777998",,"0,57128","0,05576","0,30049","52,36314","5,04563"
"109,271","441,320614","500,777998",,"0,60443","0,05635","0,30055","53,08423","5,09882"
"109,272","440,320614","497,777998",,"0,56023","0,05693","0,30061","53,40513","5,15152"
"109,273","439,320614","499,777998",,"0,57128","0,05749","0,30066","53,99335","5,20271"
"109,274","442,320614","494,777998",,"0,54918","0,05806","0,30072","54,40335","5,25341"
"109,275","441,320614","497,777998",,"0,57128","0,05862","0,30078","55,04557","5,3041"
"109,276","438,320614","496,777998",,"0,52707","0,05916","0,30084","55,32464","5,3538"
"109,277","442,320614","496,777998",,"0,57128","0,05971","0,3009","56,07703","5,40349"
"109,278","441,320614","495,777998",,"0,54918","0,06027","0,30096","56,48259","5,45419"
"109,279","439,320614","498,777998",,"0,56023","0,06083","0,30102","57,06322","5,50438"
"109,28","439,320614","493,777998",,"0,50497","0,06136","0,30108","57,25605","5,55257"
"109,281","440,320614","494,777998",,"0,52707","0,06188","0,30114","57,8613","5,59927"
"109,282","440,320614","494,777998",,"0,52707","0,0624","0,3012","58,35417","5,64696"
"109,283","439,320614","493,777998",,"0,50497","0,06292","0,30127","58,71086","5,69366"
"109,284","441,320614","492,777998",,"0,51602","0,06343","0,30133","59,25063","5,73985"
"109,285","441,320614","494,777998",,"0,53812","0,06396","0,30139","59,87089","5,78755"
"109,286","436,320614","491,777998",,"0,44972","0,06445","0,30146","59,81763","5,83224"
"109,287","438,320614","495,777998",,"0,51602","0,06493","0,30152","60,65539","5,87594"
"109,288","439,320614","493,777998",,"0,50497","0,06545","0,30159","61,0668","5,92213"
"109,289","437,320614","490,777998",,"0,44972","0,06592","0,30165","61,1826","5,96533"
"109,29","438,320614","490,777998",,"0,46077","0,06638","0,30172","61,67148","6,00652"
"109,291","436,320614","489,777998",,"0,42761","0,06682","0,30179","61,88371","6,04672"
