ForceDecks Raw Data Export,1.0
Weight,"88,77"
Frequency,500
Recording Date,2026-09-29T12:06:22
Recording Info,ForceDecks.iOS;3.4.0
Data Source,"ForceDecks;FDL2-240820-FW2R8-HW3R6,06125,FDL2-FW2R8-HW3R6,06126 (Post-analysis Trial 1)"
Analysis Date,2026-09-29T12:09:55
AthleteId,54beb9bc-3055-4eb8-9c30-886be73894a6

Time,Left,Right,,Acceleration,Velocity,Height,Power,Impulse
"208,552","408,540076","463,145038",,0,0,0,0,0
"208,554","407,540076","462,145038",,0,0,0,0,0
"208,556","408,540076","461,145038",,0,0,0,0,0
"208,558","408,540076","461,145038",,0,0,0,0,0
"208,56","405,540076","460,145038",,0,0,0,0,0
"208,562","407,540076","461,145038",,0,0,0,0,0
"208,564","411,540076","462,145038",,0,0,0,0,0
"208,566","407,540076","462,145038",,0,0,0,0,0
"208,568","409,540076","458,145038",,0,0,0,0,0
"208,57","409,540076","461,145038",,0,0,0,0,0
"208,572","409,540076","459,145038",,0,0,0,0,0
"208,574","410,540076","459,145038",,0,0,0,0,0
"208,576","411,540076","459,145038",,0,0,0,0,0
"208,578","411,540076","461,145038",,0,0,0,0,0
"208,58","409,540076","459,145038",,0,0,0,0,0
"208,582","413,540076","460,145038",,0,0,0,0,0
"208,584","412,540076","459,145038",,0,0,0,0,0
"208,586","411,540076","461,145038",,0,0,0,0,0
"208,588","415,540076","460,145038",,0,0,0,0,0
"208,59","413,540076","458,145038",,0,0,0,0,0
"208,592","411,540076","460,145038",,0,0,0,0,0
"208,594","414,540076","457,145038",,0,0,0,0,0
"208,596","414,540076","458,145038",,0,0,0,0,0
"208,598","414,540076","458,145038",,0,0,0,0,0
"208,6","415,540076","458,145038",,0,0,0,0,0
"208,602","415,540076","459,145038",,0,0,0,0,0
"208,604","413,540076","459,145038",,0,0,0,0,0
"208,606","413,540076","460,145038",,0,0,0,0,0
"208,608","416,540076","460,145038",,0,0,0,0,0
"208,61","413,540076","459,145038",,0,0,0,0,0
"208,612","412,540076","454,145038",,0,0,0,0,0
"208,614","416,540076","457,145038",,0,0,0,0,0
"208,616","415,540076","456,145038",,0,0,0,0,0
"208,618","414,540076","456,145038",,0,0,0,0,0
"208,62","416,540076","454,145038",,0,0,0,0,0
"208,622","415,540076","457,145038",,0,0,0,0,0
"208,624","416,540076","455,145038",,0,0,0,0,0
"208,626","413,540076","455,145038",,0,0,0,0,0
"208,628","415,540076","455,145038",,0,0,0,0,0
"208,63","415,540076","454,145038",,0,0,0,0,0
"208,632","414,540076","454,145038",,0,0,0,0,0
"208,634","416,540076","454,145038",,0,0,0,0,0
"208,636","413,540076","455,145038",,0,0,0,0,0
"208,638","414,540076","454,145038",,0,0,0,0,0
"208,64","414,540076","456,145038",,0,0,0,0,0
"208,642","413,540076","455,145038",,0,0,0,0,0
"208,644","415,540076","454,145038",,0,0,0,0,0
"208,646","414,540076","456,145038",,0,0,0,0,0
"208,648","413,540076","455,145038",,0,0,0,0,0
"208,65","416,540076","454,145038",,0,0,0,0,0
"208,652","413,540076","455,145038",,0,0,0,0,0
"208,654","414,540076","452,145038",,0,0,0,0,0
"208,656","415,540076","454,145038",,0,0,0,0,0
"208,658","414,540076","453,145038",,0,0,0,0,0
"208,66","416,540076","454,145038",,0,0,0,0,0
"208,662","414,540076","452,145038",,0,0,0,0,0
"208,664","415,540076","453,145038",,0,0,0,0,0
"208,666","415,540076","453,145038",,0,0,0,0,0
"208,668","416,540076","453,145038",,0,0,0,0,0
"208,67","416,540076","453,145038",,0,0,0,0,0
"208,672","416,540076","454,145038",,0,0,0,0,0
"208,674","415,540076","455,145038",,0,0,0,0,0
"208,676","418,540076","454,145038",,0,0,0,0,0
"208,678","416,540076","455,145038",,0,0,0,0,0
"208,68","417,540076","454,145038",,0,0,0,0,0
"208,682","418,540076","456,145038",,0,0,0,0,0
"208,684","417,540076","455,145038",,0,0,0,0,0
"208,686","416,540076","456,145038",,0,0,0,0,0
"208,688","418,540076","454,145038",,0,0,0,0,0
"208,69","420,540076","455,145038",,0,0,0,0,0
"208,692","417,540076","452,145038",,0,0,0,0,0
"208,694","418,540076","454,145038",,0,0,0,0,0
"208,696","418,540076","455,145038",,0,0,0,0,0
"208,698","420,540076","452,145038",,0,0,0,0,0
"208,7","420,540076","455,145038",,0,0,0,0,0
"208,702","418,540076","453,145038",,0,0,0,0,0
"208,704","421,540076","453,145038",,0,0,0,0,0
"208,706","421,540076","453,145038",,0,0,0,0,0
"208,708","420,540076","454,145038",,0,0,0,0,0
"208,71","422,540076","453,145038",,0,0,0,0,0
"208,712","421,540076","453,145038",,0,0,0,0,0
"208,714","422,540076","454,145038",,0,0,0,0,0
"208,716","421,540076","454,145038",,0,0,0,0,0
"208,718","421,540076","453,145038",,0,0,0,0,0
"208,72","423,540076","455,145038",,0,0,0,0,0
"208,722","422,540076","452,145038",,0,0,0,0,0
"208,724","423,540076","452,145038",,0,0,0,0,0
"208,726","424,540076","453,145038",,0,0,0,0,0
"208,728","424,540076","454,145038",,0,0,0,0,0
"208,73","426,540076","453,145038",,0,0,0,0,0
"208,732","425,540076","454,145038",,0,0,0,0,0
"208,734","426,540076","453,145038",,0,0,0,0,0
"208,736","424,540076","452,145038",,0,0,0,0,0
"208,738","425,540076","454,145038",,0,0,0,0,0
"208,74","424,540076","453,145038",,0,0,0,0,0
"208,742","426,540076","451,145038",,0,0,0,0,0
"208,744","427,540076","454,145038",,0,0,0,0,0
"208,746","424,540076","451,145038",,0,0,0,0,0
"208,748","425,540076","452,145038",,0,0,0,0,0
"208,75","427,540076","455,145038",,0,0,0,0,0
"208,752","428,540076","453,145038",,0,0,0,0,0
"208,754","428,540076","451,145038",,0,0,0,0,0
"208,756","425,540076","451,145038",,0,0,0,0,0
"208,758","425,540076","450,145038",,0,0,0,0,0
"208,76","426,540076","451,145038",,0,0,0,0,0
"208,762","425,540076","449,145038",,0,0,0,0,0
"208,764","427,540076","450,145038",,0,0,0,0,0
"208,766","425,540076","451,145038",,0,0,0,0,0
"208,768","426,540076","451,145038",,0,0,0,0,0
"208,77","427,540076","449,145038",,0,0,0,0,0
"208,772","426,540076","451,145038",,0,0,0,0,0
"208,774","425,540076","450,145038",,0,0,0,0,0
"208,776","426,540076","448,145038",,0,0,0,0,0
"208,778","426,540076","447,145038",,0,0,0,0,0
"208,78","425,540076","449,145038",,0,0,0,0,0
"208,782","426,540076","448,145038",,0,0,0,0,0
"208,784","427,540076","449,145038",,0,0,0,0,0
"208,786","426,540076","446,145038",,0,0,0,0,0
"208,788","427,540076","448,145038",,0,0,0,0,0
"208,79","427,540076","448,145038",,0,0,0,0,0
"208,792","429,540076","447,145038",,0,0,0,0,0
"208,794","425,540076","447,145038",,0,0,0,0,0
"208,796","426,540076","443,145038",,0,0,0,0,0
"208,798","425,540076","444,145038",,0,0,0,0,0
"208,8","427,540076","444,145038",,0,0,0,0,0
"208,802","426,540076","445,145038",,0,0,0,0,0
"208,804","429,540076","443,145038",,0,0,0,0,0
"208,806","426,540076","444,145038",,0,0,0,0,0
"208,808","427,540076","441,145038",,0,0,0,0,0
"208,81","426,540076","442,145038",,0,0,0,0,0
"208,812","424,540076","440,145038",,0,0,0,0,0
"208,814","427,540076","442,145038",,0,0,0,0,0
"208,816","427,540076","440,145038",,0,0,0,0,0
"208,818","429,540076","441,145038",,0,0,0,0,0
"208,82","428,540076","439,145038",,0,0,0,0,0
"208,822","427,540076","438,145038",,0,0,0,0,0
"208,824","425,540076","439,145038",,0,0,0,0,0
"208,826","426,540076","438,145038",,0,0,0,0,0
"208,828","430,540076","436,145038",,0,0,0,0,0
"208,83","429,540076","437,145038",,0,0,0,0,0
"208,832","429,540076","436,145038",,0,0,0,0,0
"208,834","428,540076","438,145038",,0,0,0,0,0
"208,836","430,540076","438,145038",,0,0,0,0,0
"208,838","432,540076","437,145038",,0,0,0,0,0
"208,84","430,540076","435,145038",,0,0,0,0,0
"208,842","429,540076","436,145038",,0,0,0,0,0
"208,844","429,540076","436,145038",,0,0,0,0,0
"208,846","430,540076","436,145038",,0,0,0,0,0
"208,848","428,540076","435,145038",,0,0,0,0,0
"208,85","431,540076","437,145038",,0,0,0,0,0
"208,852","432,540076","434,145038",,0,0,0,0,0
"208,854","433,540076","435,145038",,0,0,0,0,0
"208,856","433,540076","435,145038",,0,0,0,0,0
"208,858","431,540076","435,145038",,0,0,0,0,0
"208,86","434,540076","438,145038",,0,0,0,0,0
"208,862","432,540076","434,145038",,0,0,0,0,0
"208,864","432,540076","436,145038",,0,0,0,0,0
"208,866","435,540076","435,145038",,0,0,0,0,0
"208,868","432,540076","433,145038",,0,0,0,0,0
"208,87","434,540076","433,145038",,0,0,0,0,0
"208,872","433,540076","434,145038",,0,0,0,0,0
"208,874","432,540076","434,145038",,0,0,0,0,0
"208,876","435,540076","433,145038",,0,0,0,0,0
"208,878","431,540076","432,145038",,0,0,0,0,0
"208,88","433,540076","435,145038",,0,0,0,0,0
"208,882","433,540076","431,145038",,0,0,0,0,0
"208,884","432,540076","434,145038",,0,0,0,0,0
"208,886","434,540076","431,145038",,0,0,0,0,0
"208,888","434,540076","432,145038",,0,0,0,0,0
"208,89","431,540076","431,145038",,0,0,0,0,0
"208,892","435,540076","435,145038",,0,0,0,0,0
"208,894","433,540076","433,145038",,0,0,0,0,0
"208,896","433,540076","432,145038",,0,0,0,0,0
"208,898","432,540076","430,145038",,0,0,0,0,0
"208,9","432,540076","432,145038",,0,0,0,0,0
"208,902","434,540076","431,145038",,0,0,0,0,0
"208,904","436,540076","432,145038",,0,0,0,0,0
"208,906","433,540076","431,145038",,0,0,0,0,0
"208,908","433,540076","431,145038",,0,0,0,0,0
"208,91","435,540076","433,145038",,0,0,0,0,0
"208,912","435,540076","432,145038",,0,0,0,0,0
"208,914","435,540076","431,145038",,0,0,0,0,0
"208,916","435,540076","433,145038",,0,0,0,0,0
"208,918","434,540076","432,145038",,0,0,0,0,0
"208,92","436,540076","432,145038",,0,0,0,0,0
"208,922","435,540076","429,145038",,0,0,0,0,0
"208,924","437,540076","432,145038",,0,0,0,0,0
"208,926","437,540076","432,145038",,0,0,0,0,0
"208,928","433,540076","432,145038",,0,0,0,0,0
"208,93","438,540076","428,145038",,0,0,0,0,0
"208,932","433,540076","432,145038",,0,0,0,0,0
"208,934","437,540076","428,145038",,0,0,0,0,0
"208,936","435,540076","428,145038",,0,0,0,0,0
"208,938","437,540076","430,145038",,0,0,0,0,0
"208,94","436,540076","430,145038",,0,0,0,0,0
"208,942","436,540076","429,145038",,0,0,0,0,0
"208,944","436,540076","427,145038",,0,0,0,0,0
"208,946","434,540076","428,145038",,0,0,0,0,0
"208,948","435,540076","428,145038",,0,0,0,0,0
"208,95","438,540076","429,145038",,0,0,0,0,0
"208,952","434,540076","429,145038",,0,0,0,0,0
"208,954","434,540076","430,145038",,0,0,0,0,0
"208,956","435,540076","427,145038",,0,0,0,0,0
"208,958","436,540076","427,145038",,0,0,0,0,0
"208,96","433,540076","427,145038",,0,0,0,0,0
"208,962","436,540076","430,145038",,0,0,0,0,0
"208,964","437,540076","428,145038",,0,0,0,0,0
"208,966","434,540076","429,145038",,0,0,0,0,0
"208,968","435,540076","426,145038",,0,0,0,0,0
"208,97","434,540076","428,145038",,0,0,0,0,0
"208,972","434,540076","427,145038",,0,0,0,0,0
"208,974","435,540076","425,145038",,0,0,0,0,0
"208,976","434,540076","428,145038",,0,0,0,0,0
"208,978","436,540076","427,145038",,0,0,0,0,0
"208,98","435,540076","428,145038",,0,0,0,0,0
"208,982","436,540076","430,145038",,0,0,0,0,0
"208,984","436,540076","431,145038",,0,0,0,0,0
"208,986","434,540076","428,145038",,0,0,0,0,0
"208,988","436,540076","431,145038",,0,0,0,0,0
"208,99","433,540076","429,145038",,0,0,0,0,0
"208,992","436,540076","428,145038",,0,0,0,0,0
"208,994","436,540076","431,145038",,0,0,0,0,0
"208,996","436,540076","427,145038",,0,0,0,0,0
"208,998","436,540076","428,145038",,0,0,0,0,0
209,"433,540076","429,145038",,0,0,0,0,0
"209,002","434,540076","431,145038",,0,0,0,0,0
"209,004","433,540076","431,145038",,0,0,0,0,0
"209,006","434,540076","429,145038",,0,0,0,0,0
"209,008","435,540076","431,145038",,0,0,0,0,0
"209,01","434,540076","429,145038",,0,0,0,0,0
"209,012","436,540076","430,145038",,0,0,0,0,0
"209,014","435,540076","430,145038",,0,0,0,0,0
"209,016","436,540076","434,145038",,0,0,0,0,0
"209,018","438,540076","432,145038",,0,0,0,0,0
"209,02","434,540076","433,145038",,0,0,0,0,0
"209,022","434,540076","433,145038",,0,0,0,0,0
"209,024","435,540076","434,145038",,0,0,0,0,0
"209,026","436,540076","433,145038",,0,0,0,0,0
"209,028","438,540076","433,145038",,0,0,0,0,0
"209,03","437,540076","434,145038",,0,0,0,0,0
"209,032","437,540076","434,145038",,0,0,0,0,0
"209,034","435,540076","432,145038",,0,0,0,0,0
"209,036","436,540076","434,145038",,0,0,0,0,0
"209,038","435,540076","434,145038",,0,0,0,0,0
"209,04","436,540076","435,145038",,0,0,0,0,0
"209,042","437,540076","434,145038",,0,0,0,0,0
"209,044","437,540076","435,145038",,0,0,0,0,0
"209,046","435,540076","435,145038",,0,0,0,0,0
"209,048","436,540076","434,145038",,0,0,0,0,0
"209,05","439,540076","433,145038",,0,0,0,0,0
"209,052","435,540076","435,145038",,0,0,0,0,0
"209,054","438,540076","435,145038",,0,0,0,0,0
"209,056","438,540076","434,145038",,0,0,0,0,0
"209,058","438,540076","435,145038",,0,0,0,0,0
"209,06","438,540076","438,145038",,0,0,0,0,0
"209,062","439,540076","435,145038",,0,0,0,0,0
"209,064","437,540076","437,145038",,0,0,0,0,0
"209,066","436,540076","436,145038",,0,0,0,0,0
"209,068","437,540076","436,145038",,0,0,0,0,0
"209,07","435,540076","435,145038",,0,0,0,0,0
"209,072","438,540076","435,145038",,0,0,0,0,0
"209,074","437,540076","436,145038",,0,0,0,0,0
"209,076","436,540076","436,145038",,0,0,0,0,0
"209,078","435,540076","438,145038",,0,0,0,0,0
"209,08","436,540076","437,145038",,0,0,0,0,0
"209,082","436,540076","436,145038",,0,0,0,0,0
"209,084","435,540076","439,145038",,0,0,0,0,0
"209,086","437,540076","436,145038",,0,0,0,0,0
"209,088","436,540076","438,145038",,0,0,0,0,0
"209,09","435,540076","438,145038",,0,0,0,0,0
"209,092","435,540076","437,145038",,0,0,0,0,0
"209,094","435,540076","435,145038",,0,0,0,0,0
"209,096","435,540076","436,145038",,0,0,0,0,0
"209,098","434,540076","437,145038",,0,0,0,0,0
"209,1","435,540076","437,145038",,0,0,0,0,0
"209,102","435,540076","436,145038",,0,0,0,0,0
"209,104","435,540076","436,145038",,0,0,0,0,0
"209,106","434,540076","437,145038",,0,0,0,0,0
"209,108","435,540076","436,145038",,0,0,0,0,0
"209,11","433,540076","437,145038",,0,0,0,0,0
"209,112","435,540076","437,145038",,0,0,0,0,0
"209,114","435,540076","436,145038",,0,0,0,0,0
"209,116","434,540076","437,145038",,0,0,0,0,0
"209,118","436,540076","436,145038",,0,0,0,0,0
"209,12","437,540076","439,145038",,0,0,0,0,0
"209,122","435,540076","438,145038",,0,0,0,0,0
"209,124","435,540076","435,145038",,0,0,0,0,0
"209,126","435,540076","440,145038",,0,0,0,0,0
"209,128","437,540076","437,145038",,0,0,0,0,0
"209,13","436,540076","435,145038",,0,0,0,0,0
"209,132","436,540076","436,145038",,0,0,0,0,0
"209,134","438,540076","436,145038",,0,0,0,0,0
"209,136","436,540076","439,145038",,0,0,0,0,0
"209,138","438,540076","436,145038",,0,0,0,0,0
"209,14","436,540076","437,145038",,0,0,0,0,0
"209,142","436,540076","435,145038",,0,0,0,0,0
"209,144","436,540076","438,145038",,0,0,0,0,0
"209,146","436,540076","437,145038",,0,0,0,0,0
"209,148","436,540076","436,145038",,0,0,0,0,0
"209,15","435,540076","437,145038",,0,0,0,0,0
"209,152","438,540076","438,145038",,0,0,0,0,0
"209,154","438,540076","437,145038",,0,0,0,0,0
"209,156","438,540076","438,145038",,0,0,0,0,0
"209,158","438,540076","438,145038",,0,0,0,0,0
"209,16","436,540076","436,145038",,0,0,0,0,0
"209,162","436,540076","439,145038",,0,0,0,0,0
"209,164","436,540076","436,145038",,0,0,0,0,0
"209,166","436,540076","438,145038",,0,0,0,0,0
"209,168","435,540076","438,145038",,0,0,0,0,0
"209,17","436,540076","436,145038",,0,0,0,0,0
"209,172","435,540076","437,145038",,0,0,0,0,0
"209,174","433,540076","438,145038",,0,0,0,0,0
"209,176","437,540076","434,145038",,0,0,0,0,0
"209,178","436,540076","436,145038",,0,0,0,0,0
"209,18","436,540076","436,145038",,0,0,0,0,0
"209,182","434,540076","436,145038",,0,0,0,0,0
"209,184","436,540076","436,145038",,0,0,0,0,0
"209,186","434,540076","438,145038",,0,0,0,0,0
"209,188","434,540076","436,145038",,0,0,0,0,0
"209,19","435,540076","439,145038",,0,0,0,0,0
"209,192","434,540076","437,145038",,0,0,0,0,0
"209,194","435,540076","437,145038",,0,0,0,0,0
"209,196","433,540076","437,145038",,0,0,0,0,0
"209,198","435,540076","437,145038",,0,0,0,0,0
"209,2","434,540076","439,145038",,0,0,0,0,0
"209,202","434,540076","436,145038",,0,0,0,0,0
"209,204","433,540076","435,145038",,0,0,0,0,0
"209,206","432,540076","435,145038",,0,0,0,0,0
"209,208","434,540076","437,145038",,0,0,0,0,0
"209,21","433,540076","437,145038",,0,0,0,0,0
"209,212","434,540076","437,145038",,0,0,0,0,0
"209,214","434,540076","436,145038",,0,0,0,0,0
"209,216","433,540076","435,145038",,0,0,0,0,0
"209,218","433,540076","437,145038",,0,0,0,0,0
"209,22","433,540076","439,145038",,0,0,0,0,0
"209,222","434,540076","439,145038",,0,0,0,0,0
"209,224","433,540076","438,145038",,0,0,0,0,0
"209,226","433,540076","439,145038",,0,0,0,0,0
"209,228","432,540076","438,145038",,0,0,0,0,0
"209,23","434,540076","438,145038",,0,0,0,0,0
"209,232","433,540076","438,145038",,0,0,0,0,0
"209,234","434,540076","437,145038",,0,0,0,0,0
"209,236","435,540076","438,145038",,0,0,0,0,0
"209,238","435,540076","437,145038",,0,0,0,0,0
"209,24","436,540076","439,145038",,0,0,0,0,0
"209,242","434,540076","438,145038",,0,0,0,0,0
"209,244","433,540076","439,145038",,0,0,0,0,0
"209,246","431,540076","439,145038",,0,0,0,0,0
"209,248","432,540076","438,145038",,0,0,0,0,0
"209,25","431,540076","439,145038",,0,0,0,0,0
"209,252","434,540076","438,145038",,0,0,0,0,0
"209,254","432,540076","439,145038",,0,0,0,0,0
"209,256","430,540076","437,145038",,0,0,0,0,0
"209,258","431,540076","440,145038",,0,0,0,0,0
"209,26","431,540076","440,145038",,0,0,0,0,0
"209,262","431,540076","439,145038",,0,0,0,0,0
"209,264","431,540076","440,145038",,0,0,0,0,0
"209,266","431,540076","439,145038",,0,0,0,0,0
"209,268","432,540076","439,145038",,0,0,0,0,0
"209,27","429,540076","439,145038",,0,0,0,0,0
"209,272","431,540076","437,145038",,0,0,0,0,0
"209,274","431,540076","440,145038",,0,0,0,0,0
"209,276","432,540076","440,145038",,0,0,0,0,0
"209,278","431,540076","439,145038",,0,0,0,0,0
"209,28","431,540076","437,145038",,0,0,0,0,0
"209,282","431,540076","441,145038",,0,0,0,0,0
"209,284","431,540076","441,145038",,0,0,0,0,0
"209,286","429,540076","440,145038",,0,0,0,0,0
"209,288","431,540076","443,145038",,0,0,0,0,0
"209,29","430,540076","441,145038",,0,0,0,0,0
"209,292","431,540076","442,145038",,0,0,0,0,0
"209,294","429,540076","439,145038",,0,0,0,0,0
"209,296","430,540076","442,145038",,0,0,0,0,0
"209,298","428,540076","440,145038",,0,0,0,0,0
"209,3","431,540076","441,145038",,0,0,0,0,0
"209,302","429,540076","442,145038",,0,0,0,0,0
"209,304","429,540076","441,145038",,0,0,0,0,0
"209,306","431,540076","443,145038",,0,0,0,0,0
"209,308","429,540076","442,145038",,0,0,0,0,0
"209,31","429,540076","442,145038",,0,0,0,0,0
"209,312","430,540076","442,145038",,0,0,0,0,0
"209,314","431,540076","443,145038",,0,0,0,0,0
"209,316","428,540076","443,145038",,0,0,0,0,0
"209,318","429,540076","443,145038",,0,0,0,0,0
"209,32","429,540076","443,145038",,0,0,0,0,0
"209,322","429,540076","441,145038",,0,0,0,0,0
"209,324","430,540076","443,145038",,0,0,0,0,0
"209,326","431,540076","443,145038",,0,0,0,0,0
"209,328","430,540076","444,145038",,0,0,0,0,0
"209,33","431,540076","444,145038",,0,0,0,0,0
"209,332","430,540076","442,145038",,0,0,0,0,0
"209,334","430,540076","443,145038",,0,0,0,0,0
"209,336","431,540076","445,145038",,0,0,0,0,0
"209,338","431,540076","444,145038",,0,0,0,0,0
"209,34","430,540076","446,145038",,0,0,0,0,0
"209,342","430,540076","445,145038",,0,0,0,0,0
"209,344","431,540076","445,145038",,0,0,0,0,0
"209,346","430,540076","445,145038",,0,0,0,0,0
"209,348","430,540076","443,145038",,0,0,0,0,0
"209,35","429,540076","444,145038",,0,0,0,0,0
"209,352","431,540076","441,145038",,0,0,0,0,0
"209,354","433,540076","443,145038",,0,0,0,0,0
"209,356","435,540076","441,145038",,0,0,0,0,0
"209,358","434,540076","440,145038",,0,0,0,0,0
"209,36","436,540076","442,145038",,0,0,0,0,0
"209,362","435,540076","437,145038",,0,0,0,0,0
"209,364","436,540076","439,145038",,0,0,0,0,0
"209,366","436,540076","436,145038",,0,0,0,0,0
"209,368","438,540076","436,145038",,0,0,0,0,0
"209,37","438,540076","437,145038",,0,0,0,0,0
"209,372","438,540076","435,145038",,0,0,0,0,0
"209,374","440,540076","435,145038",,0,0,0,0,0
"209,376","439,540076","434,145038",,0,0,0,0,0
"209,378","441,540076","431,145038",,0,0,0,0,0
"209,38","441,540076","431,145038",,0,0,0,0,0
"209,382","442,540076","431,145038",,0,0,0,0,0
"209,384","442,540076","429,145038",,0,0,0,0,0
"209,386","443,540076","430,145038",,0,0,0,0,0
"209,388","445,540076","427,145038",,0,0,0,0,0
"209,39","445,540076","428,145038",,0,0,0,0,0
"209,392","443,540076","429,145038",,0,0,0,0,0
"209,394","445,540076","427,145038",,0,0,0,0,0
"209,396","445,540076","427,145038",,0,0,0,0,0
"209,398","447,540076","425,145038",,0,0,0,0,0
"209,4","447,540076","425,145038",,0,0,0,0,0
"209,402","446,540076","425,145038",,0,0,0,0,0
"209,404","449,540076","425,145038",,0,0,0,0,0
"209,406","450,540076","424,145038",,0,0,0,0,0
"209,408","451,540076","423,145038",,0,0,0,0,0
"209,41","453,540076","423,145038",,0,0,0,0,0
"209,412","454,540076","425,145038",,0,0,0,0,0
"209,414","455,540076","422,145038",,0,0,0,0,0
"209,416","455,540076","424,145038",,0,0,0,0,0
"209,418","458,540076","422,145038",,0,0,0,0,0
"209,42","460,540076","420,145038",,0,0,0,0,0
"209,422","462,540076","421,145038",,0,0,0,0,0
"209,424","462,540076","419,145038",,0,0,0,0,0
"209,426","464,540076","418,145038",,0,0,0,0,0
"209,428","467,540076","416,145038",,0,0,0,0,0
"209,43","466,540076","418,145038",,0,0,0,0,0
"209,432","471,540076","418,145038",,0,0,0,0,0
"209,434","472,540076","413,145038",,0,0,0,0,0
"209,436","472,540076","413,145038",,0,0,0,0,0
"209,438","474,540076","413,145038",,0,0,0,0,0
"209,44","474,540076","411,145038",,0,0,0,0,0
"209,442","476,540076","412,145038",,0,0,0,0,0
"209,444","476,540076","411,145038",,0,0,0,0,0
"209,446","479,540076","409,145038",,0,0,0,0,0
"209,448","477,540076","408,145038",,0,0,0,0,0
"209,45","478,540076","409,145038",,0,0,0,0,0
"209,452","479,540076","407,145038",,0,0,0,0,0
"209,454","480,540076","407,145038",,0,0,0,0,0
"209,456","478,540076","407,145038",,0,0,0,0,0
"209,458","479,540076","407,145038",,0,0,0,0,0
"209,46","477,540076","408,145038",,0,0,0,0,0
"209,462","479,540076","407,145038",,0,0,0,0,0
"209,464","476,540076","407,145038",,0,0,0,0,0
"209,466","474,540076","408,145038",,0,0,0,0,0
"209,468","472,540076","405,145038",,0,0,0,0,0
"209,47","472,540076","406,145038",,0,0,0,0,0
"209,472","468,540076","405,145038",,0,0,0,0,0
"209,474","467,540076","404,145038",,0,0,0,0,0
"209,476","466,540076","404,145038",,0,0,0,0,0
"209,478","464,540076","404,145038",,0,0,0,0,0
"209,48","464,540076","403,145038",,0,0,0,0,0
"209,482","462,540076","400,145038",,0,0,0,0,0
"209,484","462,540076","398,145038",,0,0,0,0,0
"209,486","461,540076","398,145038",,0,0,0,0,0
"209,488","460,540076","398,145038",,0,0,0,0,0
"209,49","462,540076","394,145038",,0,0,0,0,0
"209,492","460,540076","392,145038",,0,0,0,0,0
"209,494","463,540076","390,145038",,"-0,18983",0,0,0,0
"209,496","460,540076","387,145038",,"-0,25742","-0,00045",0,"0,37913","-0,0397"
"209,498","459,540076","384,145038",,"-0,30248","-0,00101",0,"0,84972","-0,0894"
"209,5","460,540076","382,145038",,"-0,31375","-0,00162",0,"1,368","-0,14411"
"209,502","461,540076","376,145038",,"-0,37007","-0,00231",-1E-05,"1,9327","-0,20481"
"209,504","463,540076","373,145038",,"-0,38134","-0,00306",-1E-05,"2,55909","-0,27151"
"209,506","463,540076","373,145038",,"-0,38134","-0,00382",-2E-05,"3,1972","-0,33921"
"209,508","461,540076","368,145038",,"-0,46019","-0,00466",-3E-05,"3,86866","-0,41392"
"209,51","462,540076","365,145038",,"-0,48272","-0,00561",-4E-05,"4,63977","-0,49762"
"209,512","462,540076","363,145038",,"-0,50525","-0,00659",-5E-05,"5,44431","-0,58532"
"209,514","460,540076","362,145038",,"-0,53905","-0,00764",-7E-05,"6,28366","-0,67802"
"209,516","461,540076","359,145038",,"-0,56158","-0,00874",-8E-05,"7,17165","-0,77573"
"209,518","460,540076","356,145038",,"-0,60664","-0,00991","-0,0001","8,09076","-0,87943"
"209,52","459,540076","355,145038",,"-0,62917","-0,01114","-0,00012","9,07774","-0,98913"
"209,522","455,540076","351,145038",,"-0,71929","-0,01249","-0,00015","10,07637","-1,10883"
"209,524","457,540076","350,145038",,"-0,70802","-0,01392","-0,00017","11,24168","-1,23554"
"209,526","455,540076","352,145038",,"-0,70802","-0,01533","-0,0002","12,3854","-1,36124"
"209,528","451,540076","347,145038",,"-0,80941","-0,01685","-0,00023","13,45934","-1,49594"
"209,53","450,540076","345,145038",,"-0,8432","-0,0185","-0,00027","14,72375","-1,64264"
"209,532","445,540076","344,145038",,"-0,91079","-0,02026","-0,00031","15,99783","-1,79835"
"209,534","444,540076","342,145038",,"-0,94459","-0,02211","-0,00035","17,39665","-1,96305"
"209,536","442,540076","340,145038",,"-0,98965","-0,02405","-0,0004","18,8221","-2,13475"
"209,538","439,540076","338,145038",,"-1,04598","-0,02608","-0,00045","20,28493","-2,31545"
"209,54","436,540076","335,145038",,"-1,11357","-0,02824","-0,0005","21,79491","-2,50716"
"209,542","433,540076","335,145038",,"-1,14736","-0,0305","-0,00056","23,44813","-2,70786"
"209,544","429,540076","332,145038",,"-1,22622","-0,03288","-0,00062","25,04251","-2,91856"
"209,546","427,540076","333,145038",,"-1,23748","-0,03534","-0,00069","26,88373","-3,13726"
"209,548","425,540076","333,145038",,"-1,26001","-0,03784","-0,00076","28,70786","-3,35897"
"209,55","421,540076","330,145038",,"-1,33887","-0,04044","-0,00084","30,39653","-3,58967"
"209,552","414,540076","327,145038",,"-1,45152","-0,04323","-0,00093","32,06173","-3,83737"
"209,554","413,540076","323,145038",,"-1,50784","-0,04619","-0,00102","34,02571","-4,10007"
"209,556","407,540076","323,145038",,"-1,57543","-0,04927","-0,00111","36,00149","-4,37377"
"209,558","403,540076","321,145038",,"-1,64302","-0,05249","-0,00121","38,03823","-4,65948"
"209,56","401,540076","319,145038",,"-1,68808","-0,05582","-0,00132","40,22895","-4,95518"
"209,562","394,540076","318,145038",,"-1,7782","-0,05929","-0,00144","42,25276","-5,26288"
"209,564","390,540076","316,145038",,"-1,84579","-0,06291","-0,00156","44,45807","-5,58458"
"209,566","383,540076","313,145038",,"-1,95845","-0,06671","-0,00169","46,47932","-5,92229"
"209,568","377,540076","313,145038",,"-2,02604","-0,0707","-0,00183","48,83105","-6,27599"
"209,57","371,540076","309,145038",,"-2,13869","-0,07486","-0,00197","50,95892","-6,64569"
"209,572","367,540076","309,145038",,"-2,18375","-0,07919","-0,00212","53,58439","-7,02939"
"209,574","358,540076","302,145038",,"-2,36399","-0,08373","-0,00229","55,32203","-7,4331"
"209,576","353,540076","302,145038",,"-2,42031","-0,08852","-0,00246","58,04035","-7,8578"
"209,578","346,540076","298,145038",,"-2,54423","-0,09348","-0,00264","60,26721","-8,2985"
"209,58","338,540076","294,145038",,"-2,67941","-0,09871","-0,00283","62,45033","-8,7622"
"209,582","333,540076","292,145038",,"-2,75827","-0,10414","-0,00304","65,16166","-9,24491"
"209,584","327,540076","288,145038",,"-2,87092","-0,10977","-0,00325","67,58601","-9,74461"
"209,586","320,540076","285,145038",,"-2,98357","-0,11563","-0,00348","70,03425","-10,26431"
"209,588","316,540076","283,145038",,"-3,05116","-0,12166","-0,00371","72,95942","-10,80001"
"209,59","308,540076","282,145038",,"-3,15254","-0,12787","-0,00396","75,52888","-11,35072"
"209,592","302,540076","277,145038",,"-3,27646","-0,1343","-0,00423","77,84915","-11,92142"
"209,594","296,540076","271,145038",,"-3,41164","-0,14098","-0,0045","80,03433","-12,51512"
"209,596","287,540076","268,145038",,"-3,54682","-0,14794","-0,00479","82,20924","-13,13282"
"209,598","281,540076","266,145038",,"-3,63694","-0,15513","-0,00509","84,96014","-13,77053"
"209,6","276,540076","259,145038",,"-3,77212","-0,16253","-0,00541","87,06756","-14,42823"
"209,602","268,540076","255,145038",,"-3,9073","-0,17021","-0,00574","89,13874","-15,10993"
"209,604","261,540076","251,145038",,"-4,03122","-0,17815","-0,00609","91,33634","-15,81463"
"209,606","256,540076","245,145038",,"-4,15513","-0,18634","-0,00646","93,48363","-16,54134"
"209,608","249,540076","241,145038",,"-4,27905","-0,19477","-0,00684","95,57242","-17,29004"
"209,61","242,540076","238,145038",,"-4,3917","-0,20344","-0,00724","97,79259","-18,05974"
"209,612","235,540076","234,145038",,"-4,51562","-0,21235","-0,00765","99,73834","-18,85044"
"209,614","229,540076","229,145038",,"-4,63953","-0,22151","-0,00808","101,6018","-19,66314"
"209,616","223,540076","223,145038",,"-4,77471","-0,23092","-0,00854","103,14892","-20,49885"
"209,618","216,540076","220,145038",,"-4,88736","-0,24058","-0,00901","105,059","-21,35655"
"209,62","207,540076","213,145038",,"-5,0676","-0,25054","-0,0095","105,39758","-22,24025"
"209,622","202,540076","210,145038",,"-5,15772","-0,26076","-0,01001","107,61311","-23,14795"
"209,624","196,540076","205,145038",,"-5,28164","-0,2712","-0,01054","108,93806","-24,07466"
"209,626","187,540076","203,145038",,"-5,40556","-0,28189","-0,0111","110,13016","-25,02336"
"209,628","181,540076","197,145038",,"-5,54074","-0,29284","-0,01167","110,89268","-25,99506"
"209,63","178,540076","189,145038",,"-5,66465","-0,30404","-0,01227","111,79153","-26,98976"
"209,632","171,540076","185,145038",,"-5,78857","-0,31549","-0,01289","112,53227","-28,00647"
"209,634","166,540076","178,145038",,"-5,92375","-0,32721","-0,01353","112,7834","-29,04617"
"209,636","161,540076","175,145038",,"-6,01387","-0,33914","-0,0142","114,18496","-30,10587"
"209,638","155,540076","171,145038",,"-6,12652","-0,35129","-0,01489","114,7596","-31,18357"
"209,64","150,540076","163,145038",,"-6,27297","-0,36368","-0,0156","114,08242","-32,28428"
"209,642","142,540076","158,145038",,"-6,41941","-0,37638","-0,01634","113,17093","-33,41098"
"209,644","138,540076","153,145038",,"-6,5208","-0,38932","-0,01711","113,55801","-34,55968"
"209,646","129,540076","149,145038",,"-6,66724","-0,40251","-0,0179","112,1722","-35,73038"
"209,648","126,540076","143,145038",,"-6,76863","-0,41594","-0,01872","112,17311","-36,92309"
"209,65","124,540076","139,145038",,"-6,83622","-0,42955","-0,01956","113,26486","-38,13079"
"209,652","119,540076","135,145038",,"-6,93761","-0,44332","-0,02044","112,90693","-39,35349"
"209,654","112,540076","129,145038",,"-7,08405","-0,45734","-0,02134","110,5326","-40,59819"
"209,656","110,540076","126,145038",,"-7,14038","-0,47157","-0,02227","111,6126","-41,8609"
"209,658","106,540076","125,145038",,"-7,1967","-0,4859","-0,02322","112,57646","-43,1336"
"209,66","100,540076","118,145038",,"-7,34315","-0,50044","-0,02421","109,43937","-44,4243"
"209,662","96,540076","115,145038",,"-7,422","-0,51521","-0,02523","109,06184","-45,735"
"209,664","93,540076","114,145038",,"-7,46706","-0,5301","-0,02627","110,09324","-47,05671"
"209,666","91,540076","108,145038",,"-7,55718","-0,54512","-0,02735","108,85259","-48,39041"
"209,668","89,540076","108,145038",,"-7,57971","-0,56026","-0,02845","110,75468","-49,73411"
"209,67","85,540076","102,145038",,"-7,69236","-0,57553","-0,02959","108,01844","-51,08981"
"209,672","84,540076","100,145038",,"-7,72616","-0,59095","-0,03075","109,13943","-52,45851"
"209,674","80,540076","101,145038",,"-7,75996","-0,60643","-0,03195","110,18018","-53,83322"
"209,676","76,540076","96,145038",,"-7,86134","-0,62206","-0,03318","107,41983","-55,21992"
"209,678","77,540076","98,145038",,"-7,82755","-0,63774","-0,03444","112,0423","-56,61262"
"209,68","75,540076","96,145038",,"-7,87261","-0,65345","-0,03573","112,1868","-58,00632"
"209,682","74,540076","96,145038",,"-7,88387","-0,6692","-0,03705","114,22275","-59,40503"
"209,684","73,540076","95,145038",,"-7,9064","-0,68499","-0,03841","115,54793","-60,80673"
"209,686","72,540076","96,145038",,"-7,9064","-0,7008","-0,03979","118,21532","-62,21043"
"209,688","70,540076","99,145038",,"-7,89514","-0,71661","-0,04121","121,59741","-63,61313"
"209,69","72,540076","98,145038",,"-7,88387","-0,73239","-0,04266","125,00726","-65,01384"
"209,692","70,540076","98,145038",,"-7,9064","-0,74818","-0,04414","126,20607","-66,41554"
"209,694","69,540076","100,145038",,"-7,89514","-0,76398","-0,04565","129,63553","-67,81824"
"209,696","68,540076","102,145038",,"-7,88387","-0,77976","-0,0472","133,09275","-69,21894"
"209,698","70,540076","108,145038",,"-7,79375","-0,79543","-0,04877","142,13215","-70,61065"
"209,7","73,540076","109,145038",,"-7,74869","-0,81098","-0,05038","148,15326","-71,99035"
"209,702","74,540076","117,145038",,"-7,6473","-0,82637","-0,05201","158,40323","-73,35705"
"209,704","75,540076","120,145038",,"-7,60224","-0,84162","-0,05368","164,69283","-74,71075"
"209,706","76,540076","127,145038",,"-7,51212","-0,85674","-0,05538","174,50437","-76,05246"
"209,708","77,540076","133,145038",,"-7,43327","-0,87168","-0,05711","183,6503","-77,37916"
"209,71","77,540076","137,145038",,"-7,38821","-0,8865","-0,05887","190,31897","-78,69486"
"209,712","77,540076","144,145038",,"-7,30935","-0,9012","-0,06066","199,78272","-79,99956"
"209,714","80,540076","155,145038",,"-7,15164","-0,91566","-0,06247","215,80777","-81,28327"
"209,716","81,540076","162,145038",,"-7,06152","-0,92987","-0,06432","226,5966","-82,54497"
"209,718","85,540076","172,145038",,"-6,90381","-0,94384","-0,06619","243,2135","-83,78467"
"209,72","87,540076","182,145038",,"-6,76863","-0,95751","-0,06809","258,22683","-84,99837"
"209,722","87,540076","188,145038",,"-6,70104","-0,97098","-0,07002","267,68529","-86,19408"
"209,724","94,540076","200,145038",,"-6,487","-0,98417","-0,07198","290,02027","-87,36478"
"209,726","97,540076","208,145038",,"-6,36309","-0,99702","-0,07396","304,77422","-88,50548"
"209,728","103,540076","215,145038",,"-6,21664","-1,0096","-0,07596","321,74446","-89,62218"
"209,73","108,540076","224,145038",,"-6,05893","-1,02188","-0,078","339,96275","-90,71188"
"209,732","115,540076","229,145038",,"-5,92375","-1,03386","-0,08005","356,35551","-91,77559"
"209,734","119,540076","236,145038",,"-5,79983","-1,04558","-0,08213","371,89785","-92,81629"
"209,736","126,540076","243,145038",,"-5,64212","-1,05702","-0,08423","390,76592","-93,83199"
"209,738","132,540076","247,145038",,"-5,52947","-1,0682","-0,08636","405,57784","-94,82369"
"209,74","139,540076","251,145038",,"-5,40556","-1,07913","-0,08851","421,60014","-95,7944"
"209,742","144,540076","256,145038",,"-5,29291","-1,08983","-0,09068","436,67816","-96,7441"
"209,744","147,540076","259,145038",,"-5,22531","-1,10035","-0,09287","447,49474","-97,6778"
"209,746","153,540076","263,145038",,"-5,11266","-1,11068","-0,09508","462,80589","-98,5955"
"209,748","157,540076","269,145038",,"-5,00001","-1,1208","-0,09731","478,22767","-99,49321"
"209,75","161,540076","275,145038",,"-4,88736","-1,13069","-0,09956","493,75332","-100,37091"
"209,752","163,540076","283,145038",,"-4,77471","-1,14035","-0,10183","509,37607","-101,22861"
"209,754","163,540076","295,145038",,"-4,63953","-1,14976","-0,10412","527,37841","-102,06431"
"209,756","164,540076","305,145038",,"-4,51562","-1,15892","-0,10643","544,32582","-102,87702"
"209,758","164,540076","313,145038",,"-4,4255","-1,16786","-0,10876","557,86819","-103,67072"
"209,76","166,540076","327,145038",,"-4,24525","-1,17653","-0,1111","580,83453","-104,44042"
"209,762","166,540076","343,145038",,"-4,06501","-1,18484","-0,11346","603,8946","-105,17812"
"209,764","165,540076","353,145038",,"-3,96363","-1,19287","-0,11584","618,72249","-105,89083"
"209,766","169,540076","365,145038",,"-3,78339","-1,20061","-0,11823","641,95057","-106,57853"
"209,768","173,540076","378,145038",,"-3,59188","-1,20799","-0,12064","666,42984","-107,23323"
"209,77","177,540076","387,145038",,"-3,44543","-1,21503","-0,12306","686,10757","-107,85793"
"209,772","180,540076","397,145038",,"-3,29899","-1,22177","-0,1255","705,79907","-108,45664"
"209,774","185,540076","407,145038",,"-3,13001","-1,2282","-0,12795","727,93602","-109,02734"
"209,776","192,540076","413,145038",,"-2,98357","-1,23431","-0,13041","747,60552","-109,57004"
"209,778","196,540076","421,145038",,"-2,84839","-1,24015","-0,13289","766,0196","-110,08774"
"209,78","204,540076","427,145038",,"-2,69067","-1,24568","-0,13537","786,88058","-110,57945"
"209,782","212,540076","435,145038",,"-2,51043","-1,25089","-0,13787","810,18022","-111,04115"
"209,784","218,540076","441,145038",,"-2,37525","-1,25577","-0,14038","828,41387","-111,47485"
"209,786","228,540076","445,145038",,"-2,21754","-1,26036","-0,14289","849,08877","-111,88255"
"209,788","239,540076","451,145038",,"-2,02604","-1,26461","-0,14542","873,44594","-112,25925"
"209,79","250,540076","457,145038",,"-1,83453","-1,26847","-0,14795","897,67634","-112,60196"
"209,792","261,540076","463,145038",,"-1,64302","-1,27195","-0,15049","921,76044","-112,91066"
"209,794","273,540076","470,145038",,"-1,42899","-1,27502","-0,15304","948,21202","-113,18336"
"209,796","285,540076","475,145038",,"-1,23748","-1,27768","-0,15559","971,91568","-113,42006"
"209,798","301,540076","482,145038",,"-0,97838","-1,2799","-0,15815","1003,03896","-113,61677"
"209,8","315,540076","488,145038",,"-0,75308","-1,28163","-0,16071","1030,02853","-113,77047"
"209,802","332,540076","497,145038",,"-0,46019","-1,28285","-0,16328","1064,3576","-113,87817"
"209,804","343,540076","508,145038",,"-0,21236","-1,28352","-0,16584","1093,15299","-113,93787"
"209,806","359,540076","519,145038",,"0,0918","-1,28364","-0,16841","1127,91391","-113,94858"
"209,808","371,540076","527,145038",,"0,3171","-1,28323","-0,17098","1153,21921","-113,91228"
"209,81","385,540076","542,145038",,"0,64378","-1,28227","-0,17354","1189,54147","-113,82698"
"209,812","396,540076","552,145038",,"0,88035","-1,28074","-0,1761","1215,02318","-113,69168"
"209,814","410,540076","566,145038",,"1,19577","-1,27867","-0,17866","1248,85631","-113,50739"
"209,816","419,540076","580,145038",,"1,45487","-1,27602","-0,18122","1275,61587","-113,27209"
"209,818","432,540076","593,145038",,"1,74776","-1,27282","-0,18377","1305,50744","-112,98779"
"209,82","443,540076","610,145038",,"2,06318","-1,269","-0,18631","1337,13072","-112,64949"
"209,822","450,540076","625,145038",,"2,31101","-1,26463","-0,18884","1360,34355","-112,2612"
"209,824","459,540076","642,145038",,"2,60391","-1,25971","-0,19137","1387,80923","-111,8249"
"209,826","472,540076","658,145038",,"2,93059","-1,25418","-0,19388","1418,08319","-111,3336"
"209,828","483,540076","677,145038",,"3,26855","-1,24798","-0,19638","1448,51336","-110,7833"
"209,83","498,540076","694,145038",,"3,62903","-1,24108","-0,19887","1480,22213","-110,17101"
"209,832","510,540076","711,145038",,"3,95571","-1,2335","-0,20135","1506,94739","-109,49771"
"209,834","524,540076","726,145038",,"4,2824","-1,22526","-0,20381","1532,41557","-108,76641"
"209,836","534,540076","743,145038",,"4,58656","-1,21639","-0,20625","1554,16588","-107,97911"
"209,838","549,540076","755,145038",,"4,89072","-1,20691","-0,20867","1574,6436","-107,13782"
"209,84","561,540076","767,145038",,"5,16108","-1,19686","-0,21107","1590,25389","-106,24552"
"209,842","575,540076","776,145038",,"5,42017","-1,18628","-0,21346","1603,47921","-105,30622"
"209,844","587,540076","786,145038",,"5,668","-1,17519","-0,21582","1614,34574","-104,32192"
"209,846","600,540076","792,145038",,"5,88204","-1,16364","-0,21816","1620,58884","-103,29662"
"209,848","610,540076","801,145038",,"6,09608","-1,15167","-0,22047","1625,78874","-102,23333"
"209,85","624,540076","806,145038",,"6,31011","-1,13926","-0,22276","1629,92102","-101,13203"
"209,852","637,540076","813,145038",,"6,53542","-1,12641","-0,22503","1634,07139","-99,99173"
"209,854","646,540076","818,145038",,"6,69313","-1,11319","-0,22727","1630,46553","-98,81743"
"209,856","656,540076","824,145038",,"6,87337","-1,09962","-0,22948","1628,18879","-97,61314"
"209,858","669,540076","827,145038",,"7,05361","-1,08569","-0,23167","1624,93839","-96,37684"
"209,86","674,540076","830,145038",,"7,14373","-1,07149","-0,23382","1612,2614","-95,11654"
"209,862","685,540076","837,145038",,"7,3465","-1,057","-0,23595","1609,48424","-93,83024"
"209,864","693,540076","840,145038",,"7,47042","-1,04219","-0,23805","1598,3868","-92,51495"
"209,866","698,540076","844,145038",,"7,5718","-1,02714","-0,24012","1584,56108","-91,17965"
"209,868","709,540076","846,145038",,"7,71825","-1,01185","-0,24216","1574,12746","-89,82235"
"209,87","717,540076","850,145038",,"7,85343","-0,99628","-0,24417","1561,85824","-88,44005"
"209,872","722,540076","856,145038",,"7,97734","-0,98045","-0,24615","1547,82555","-87,03476"
"209,874","728,540076","858,145038",,"8,06746","-0,96441","-0,24809","1530,21111","-85,61046"
"209,876","734,540076","859,145038",,"8,14632","-0,94819","-0,25","1511,1223","-84,17116"
"209,878","739,540076","869,145038",,"8,3153","-0,93173","-0,25188","1498,86365","-82,70986"
"209,88","741,540076","873,145038",,"8,38289","-0,91503","-0,25373","1477,49173","-81,22757"
"209,882","748,540076","881,145038",,"8,55186","-0,8981","-0,25554","1463,61894","-79,72427"
"209,884","756,540076","889,145038",,"8,7321","-0,88082","-0,25732","1449,54456","-78,18997"
"209,886","761,540076","898,145038",,"8,88981","-0,86319","-0,25907","1432,62914","-76,62567"
"209,888","767,540076","910,145038",,"9,09259","-0,84521","-0,26077","1417,99782","-75,02938"
"209,89","773,540076","923,145038",,"9,30662","-0,82681","-0,26245","1402,83916","-73,39608"
"209,892","774,540076","933,145038",,"9,43054","-0,80807","-0,26408","1379,93693","-71,73278"
"209,894","782,540076","944,145038",,"9,64457","-0,789","-0,26568","1362,35363","-70,03948"
"209,896","786,540076","956,145038",,"9,82481","-0,76953","-0,26724","1341,04861","-68,31119"
"209,898","790,540076","965,145038",,"9,97126","-0,74973","-0,26876","1316,29683","-66,55389"
"209,9","798,540076","977,145038",,"10,19656","-0,72957","-0,27023","1295,47981","-64,76359"
"209,902","804,540076","984,145038",,"10,34301","-0,70903","-0,27167","1268,22534","-62,94029"
"209,904","810,540076","994,145038",,"10,52325","-0,68816","-0,27307","1241,91275","-61,08799"
"209,906","819,540076","1004,145038",,"10,73729","-0,6669","-0,27443","1216,21528","-59,2007"
"209,908","823,540076","1011,145038",,"10,8612","-0,6453","-0,27574","1183,92475","-57,2834"
"209,91","831,540076","1018,145038",,"11,03018","-0,62341","-0,27701","1153,11212","-55,3401"
"209,912","843,540076","1024,145038",,"11,23295","-0,60115","-0,27823","1122,75299","-53,3638"
"209,914","851,540076","1030,145038",,"11,39066","-0,57852","-0,27941","1088,59854","-51,35551"
"209,916","858,540076","1037,145038",,"11,54837","-0,55558","-0,28054","1053,21269","-49,31921"
"209,918","867,540076","1045,145038",,"11,73988","-0,5323","-0,28163","1018,11454","-47,25191"
"209,92","877,540076","1054,145038",,"11,95391","-0,5086","-0,28267","982,45923","-45,14861"
"209,922","887,540076","1063,145038",,"12,16795","-0,48448","-0,28367","945,06851","-43,00732"
"209,924","897,540076","1074,145038",,"12,40451","-0,45991","-0,28461","906,79344","-40,82602"
"209,926","909,540076","1087,145038",,"12,68614","-0,43482","-0,28551","868,19299","-38,59872"
"209,928","915,540076","1097,145038",,"12,86638","-0,40926","-0,28635","823,72088","-36,33042"
"209,93","926,540076","1105,145038",,"13,08042","-0,38332","-0,28714","778,78118","-34,02713"
"209,932","934,540076","1120,145038",,"13,33952","-0,3569","-0,28788","733,31285","-31,68183"
"209,934","943,540076","1129,145038",,"13,54229","-0,33002","-0,28857","684,0195","-29,29553"
"209,936","951,540076","1142,145038",,"13,77885","-0,30269","-0,2892","633,74797","-26,87023"
"209,938","961,540076","1150,145038",,"13,98162","-0,27493","-0,28978","580,57509","-24,40594"
"209,94","971,540076","1160,145038",,"14,20693","-0,24675","-0,2903","525,98467","-21,90364"
"209,942","979,540076","1171,145038",,"14,42096","-0,21812","-0,29077","469,10327","-19,36234"
"209,944","988,540076","1180,145038",,"14,62373","-0,18907","-0,29117","410,0406","-16,78404"
"209,946","995,540076","1188,145038",,"14,79271","-0,15966","-0,29152","348,64045","-14,17275"
"209,948","1002,540076","1197,145038",,"14,97295","-0,12989","-0,29181","285,71989","-11,53045"
"209,95","1011,540076","1205,145038",,"15,16446","-0,09975","-0,29204","221,1229","-8,85515"
"209,952","1017,540076","1210,145038",,"15,28837","-0,0693","-0,29221","154,38088","-6,15185"
"209,954","1025,540076","1222,145038",,"15,51367","-0,0385","-0,29232","86,5336","-3,41755"
"209,956","1030,540076","1225,145038",,"15,60379","-0,00738","-0,29236","16,65038","-0,65526"
"209,958","1037,540076","1232,145038",,"15,7615","0,02398","-0,29235","54,43563","2,12904"
"209,96","1043,540076","1235,145038",,"15,86289","0,05561","-0,29227","126,71352","4,93634"
"209,962","1047,540076","1240,145038",,"15,96428","0,08744","-0,29213","200,02453","7,76164"
"209,964","1050,540076","1244,145038",,"16,04313","0,11944","-0,29192","274,0835","10,60293"
"209,966","1055,540076","1245,145038",,"16,11072","0,1516","-0,29165","348,77605","13,45723"
"209,968","1060,540076","1250,145038",,"16,22337","0,18393","-0,29131","425,00593","16,32753"
"209,97","1061,540076","1254,145038",,"16,2797","0,21643","-0,29091","501,19246","19,21283"
"209,972","1064,540076","1255,145038",,"16,32476","0,24904","-0,29045","577,69026","22,10712"
"209,974","1066,540076","1257,145038",,"16,36982","0,28173","-0,28992","654,65832","25,00942"
"209,976","1069,540076","1258,145038",,"16,41488","0,31452","-0,28932","732,0977","27,91972"
"209,978","1067,540076","1259,145038",,"16,40361","0,34734","-0,28866","808,14148","30,83302"
"209,98","1071,540076","1259,145038",,"16,44867","0,38019","-0,28793","886,09917","33,74931"
"209,982","1069,540076","1259,145038",,"16,42614","0,41306","-0,28714","961,89389","36,66761"
"209,984","1069,540076","1257,145038",,"16,40361","0,44589","-0,28628","1037,45227","39,58191"
"209,986","1071,540076","1257,145038",,"16,42614","0,47872","-0,28535","1114,79422","42,49621"
"209,988","1071,540076","1257,145038",,"16,42614","0,51157","-0,28436","1191,29686","45,4125"
"209,99","1072,540076","1252,145038",,"16,38108","0,54438","-0,28331","1265,51703","48,3248"
"209,992","1070,540076","1252,145038",,"16,35855","0,57712","-0,28218","1340,47213","51,2311"
"209,994","1076,540076","1249,145038",,"16,39235","0,60987","-0,281","1418,37179","54,1384"
"209,996","1070,540076","1245,145038",,"16,2797","0,64254","-0,27975","1487,93123","57,03869"
"209,998","1072,540076","1244,145038",,"16,29096","0,67512","-0,27843","1564,02974","59,92999"
210,"1072,540076","1244,145038",,"16,29096","0,7077","-0,27705","1639,51181","62,82229"
"210,002","1070,540076","1240,145038",,"16,22337","0,74021","-0,2756","1710,39601","65,70859"
"210,004","1071,540076","1240,145038",,"16,23464","0,77267","-0,27408","1786,16892","68,58988"
"210,006","1072,540076","1236,145038",,"16,20084","0,80511","-0,27251","1858,73423","71,46918"
"210,008","1068,540076","1233,145038",,"16,12199","0,83743","-0,27086","1927,49547","74,33848"
"210,01","1070,540076","1228,145038",,"16,08819","0,86964","-0,26916","1999,02424","77,19778"
"210,012","1070,540076","1227,145038",,"16,07693","0,9018","-0,26739","2072,05992","80,05308"
"210,014","1068,540076","1223,145038",,"16,00934","0,93389","-0,26555","2140,18071","82,90137"
"210,016","1064,540076","1221,145038",,"15,94175","0,96584","-0,26365","2207,60749","85,73767"
"210,018","1066,540076","1218,145038",,"15,93048","0,99771","-0,26169","2279,45965","88,56697"
"210,02","1064,540076","1213,145038",,"15,85163","1,02949","-0,25966","2344,86529","91,38827"
"210,022","1066,540076","1211,145038",,"15,85163","1,0612","-0,25757","2417,07531","94,20256"
"210,024","1065,540076","1206,145038",,"15,78404","1,09283","-0,25541","2482,57438","97,01086"
"210,026","1064,540076","1202,145038",,"15,72771","1,12435","-0,2532","2548,53741","99,80816"
"210,028","1064,540076","1202,145038",,"15,72771","1,1558","-0,25092","2619,83695","102,60046"
"210,03","1063,540076","1198,145038",,"15,67138","1,1872","-0,24857","2685,0728","105,38775"
"210,032","1061,540076","1194,145038",,"15,60379","1,21848","-0,24617","2748,49656","108,16405"
"210,034","1060,540076","1192,145038",,"15,57","1,24965","-0,2437","2815,06587","110,93135"
"210,036","1061,540076","1186,145038",,"15,51367","1,28073","-0,24117","2878,68393","113,69065"
"210,038","1059,540076","1185,145038",,"15,47988","1,31173","-0,23858","2944,4125","116,44194"
"210,04","1056,540076","1182,145038",,"15,41229","1,34262","-0,23592","3005,69997","119,18424"
"210,042","1057,540076","1178,145038",,"15,37849","1,37341","-0,23321","3070,51061","121,91754"
"210,044","1056,540076","1175,145038",,"15,33343","1,40412","-0,23043","3133,55632","124,64384"
"210,046","1056,540076","1171,145038",,"15,28837","1,43474","-0,22759","3196,15557","127,36213"
"210,048","1055,540076","1169,145038",,"15,25458","1,46529","-0,22469","3259,79979","130,07343"
"210,05","1057,540076","1167,145038",,"15,25458","1,4958","-0,22173","3327,67305","132,78173"
"210,052","1053,540076","1164,145038",,"15,17572","1,52623","-0,21871","3384,6873","135,48303"
"210,054","1053,540076","1159,145038",,"15,1194","1,55652","-0,21562","3444,08973","138,17232"
"210,056","1053,540076","1158,145038",,"15,10813","1,58675","-0,21248","3509,38698","140,85562"
"210,058","1051,540076","1157,145038",,"15,07434","1,61693","-0,20928","3571,2903","143,53492"
"210,06","1050,540076","1152,145038",,"15,00675","1,64701","-0,20601","3627,84787","146,20522"
"210,062","1051,540076","1150,145038",,"14,99548","1,67701","-0,20269","3692,25631","148,86851"
"210,064","1051,540076","1146,145038",,"14,95042","1,70696","-0,19931","3751,35992","151,52681"
"210,066","1050,540076","1145,145038",,"14,92789","1,73684","-0,19586","3813,54936","154,17911"
"210,068","1049,540076","1143,145038",,"14,89409","1,76666","-0,19236","3873,72907","156,82641"
"210,07","1047,540076","1140,145038",,"14,83777","1,79639","-0,1888","3929,93972","159,46571"
"210,072","1047,540076","1136,145038",,"14,79271","1,82602","-0,18517","3987,45779","162,096"
"210,074","1046,540076","1135,145038",,"14,77018","1,85559","-0,18149","4048,30266","164,7203"
"210,076","1047,540076","1132,145038",,"14,74765","1,8851","-0,17775","4108,93106","167,3406"
"210,078","1046,540076","1129,145038",,"14,70259","1,91455","-0,17395","4165,46509","169,9549"
"210,08","1045,540076","1128,145038",,"14,68006","1,94394","-0,17009","4225,50461","172,56319"
"210,082","1046,540076","1125,145038",,"14,65753","1,97327","-0,16618","4285,32873","175,16749"
"210,084","1042,540076","1124,145038",,"14,6012","2,00253","-0,1622","4338,85682","177,76479"
"210,086","1044,540076","1121,145038",,"14,58994","2,03172","-0,15817","4400,07311","180,35609"
"210,088","1043,540076","1118,145038",,"14,54488","2,06086","-0,15407","4454,92652","182,94238"
"210,09","1041,540076","1115,145038",,"14,48855","2,08989","-0,14992","4507,23819","185,51968"
"210,092","1042,540076","1113,145038",,"14,47729","2,11886","-0,14571","4567,58953","188,09098"
"210,094","1040,540076","1111,145038",,"14,43223","2,14777","-0,14145","4621,31827","190,65728"
"210,096","1041,540076","1108,145038",,"14,4097","2,17661","-0,13712","4679,02379","193,21757"
"210,098","1040,540076","1107,145038",,"14,38717","2,20541","-0,13274","4736,51717","195,77387"
"210,1","1038,540076","1106,145038",,"14,35337","2,23415","-0,1283","4791,54036","198,32517"
"210,102","1037,540076","1104,145038",,"14,31958","2,26282","-0,1238","4846,24634","200,87047"
"210,104","1036,540076","1100,145038",,"14,26325","2,2914","-0,11925","4896,00475","203,40776"
"210,106","1036,540076","1100,145038",,"14,26325","2,31993","-0,11464","4956,9569","205,94006"
"210,108","1035,540076","1096,145038",,"14,20693","2,3484","-0,10997","5006,04671","208,46736"
"210,11","1034,540076","1097,145038",,"14,20693","2,37681","-0,10524","5066,61609","210,98966"
"210,112","1032,540076","1093,145038",,"14,13934","2,40516","-0,10046","5112,61044","213,50595"
"210,114","1031,540076","1091,145038",,"14,10554","2,4334","-0,09562","5165,34994","216,01325"
"210,116","1030,540076","1089,145038",,"14,07174","2,46158","-0,09073","5217,7767","218,51455"
"210,118","1029,540076","1086,145038",,"14,02668","2,48968","-0,08578","5267,37781","221,00885"
"210,12","1028,540076","1083,145038",,"13,98162","2,51769","-0,08077","5316,56382","223,49514"
"210,122","1027,540076","1084,145038",,"13,98162","2,54565","-0,07571","5375,61339","225,97744"
"210,124","1023,540076","1080,145038",,"13,8915","2,57352","-0,07059","5413,88447","228,45174"
"210,126","1020,540076","1077,145038",,"13,82391","2,60124","-0,06541","5456,58154","230,91204"
"210,128","1016,540076","1073,145038",,"13,73379","2,6288","-0,06018","5493,35856","233,35834"
"210,13","1012,540076","1069,145038",,"13,64367","2,65617","-0,0549","5529,31944","235,78863"
"210,132","1006,540076","1067,145038",,"13,55355","2,68337","-0,04956","5564,46852","238,20293"
"210,134","999,540076","1061,145038",,"13,40711","2,71033","-0,04417","5585,14211","240,59623"
"210,136","990,540076","1056,145038",,"13,24939","2,73699","-0,03872","5601,75492","242,96253"
"210,138","981,540076","1052,145038",,"13,10295","2,76334","-0,03322","5619,76643","245,30182"
"210,14","972,540076","1045,145038",,"12,92271","2,78937","-0,02766","5628,06455","247,61212"
"210,142","960,540076","1038,145038",,"12,70867","2,815","-0,02206","5626,29563","249,88742"
"210,144","945,540076","1029,145038",,"12,43831","2,84015","-0,01641","5608,39303","252,11972"
"210,146","931,540076","1018,145038",,"12,15668","2,86474","-0,0107","5585,34189","254,30301"
"210,148","911,540076","1006,145038",,"11,7962","2,88869","-0,00495","5539,60429","256,42931"
"210,15","891,540076","992,145038",,"11,41319","2,9119","0,00085","5485,10789","258,48961"
"210,152","866,540076","975,145038",,"10,94006","2,93426","0,0067","5403,97562","260,47391"
"210,154","837,540076","955,145038",,"10,38807","2,95558","0,01259","5298,43168","262,3672"
"210,156","804,540076","934,145038",,"9,77975","2,97575","0,01852","5173,89563","264,1575"
"210,158","763,540076","902,145038",,"8,9574","2,99449","0,02449","4987,87595","265,8208"
"210,16","711,540076","868,145038",,"7,98861","3,01144","0,0305","4757,11925","267,3251"
"210,162","648,540076","830,145038",,"6,85084","3,02627","0,03653","4474,90717","268,64239"
"210,164","575,540076","778,145038",,"5,4427","3,03857","0,0426","4113,26443","269,73369"
"210,166","500,540076","716,145038",,"3,89939","3,04791","0,04869","3708,34698","270,56299"
"210,168","426,540076","645,145038",,"2,26595","3,05408","0,05479","3273,00731","271,11029"
"210,17","363,540076","574,145038",,"0,75644","3,0571","0,0609","2866,59523","271,37858"
"210,172","295,540076","507,145038",,"-0,76435","3,05709","0,06701","2453,88066","271,37788"
"210,174","216,540076","452,145038",,"-2,27387","3,05405","0,07312","2042,19899","271,10818"
"210,176","137,540076","390,145038",,"-3,86224","3,04792","0,07923","1608,33975","270,56348"
"210,178","68,540076","324,145038",,"-5,38303","3,03867","0,08531","1193,24065","269,74277"
"210,18","14,540076","247,145038",,"-6,85875","3,02643","0,09138","791,97133","268,65607"
"210,182","-4,459924","170,145038",,"-7,9402","3,01163","0,09742","498,98221","267,34237"
"210,184","-10,459924","103,145038",,"-8,76255","2,99493","0,10342","277,58515","265,85967"
"210,186","-10,459924","47,145038",,"-9,39339","2,97677","0,10939","109,20318","264,24797"
"210,188","-8,459924","8,145038",,"-9,8102","2,95757","0,11533","0,9313","262,54326"
"210,19","-5,459924","-6,854962",,"-9,94538","2,93781","0,12122","36,17882","260,78956"
"210,192","-3,459924","-3,854962",,"-9,88905","2,91798","0,12708","21,34467","259,02886"
"210,194","-1,459924","0,145038",,"-9,82146","2,89827","0,1329","3,81089","257,27916"
"210,196","0,540076","2,145038",,"-9,7764","2,87867","0,13867","7,72955","255,53945"
"210,198","3,540076","6,145038",,"-9,69755","2,8592","0,14441","27,69163","253,81075"
"210,2","5,540076","6,145038",,"-9,67502","2,83982","0,15011","33,18365","252,09105"
"210,202","2,540076","1,145038",,"-9,76514","2,82038","0,15577","10,39343","250,36535"
"210,204","-0,459924","0,145038",,"-9,8102","2,80081","0,16139","0,88193","248,62764"
"210,206","-3,459924","0,145038",,"-9,84399","2,78115","0,16697","9,2192","246,88294"
"210,208","-3,459924","-3,854962",,"-9,88905","2,76142","0,17252","20,19947","245,13124"
"210,21","-3,459924","-4,854962",,"-9,90032","2,74163","0,17802","22,79634","243,37454"
"210,212","-1,459924","-4,854962",,"-9,87779","2,72185","0,18348","17,18819","241,61883"
"210,214","-1,459924","0,145038",,"-9,82146","2,70215","0,18891","3,55302","239,87013"
"210,216","1,540076","3,145038",,"-9,75387","2,68258","0,19429","12,56818","238,13243"
"210,218","1,540076","3,145038",,"-9,75387","2,66307","0,19964","12,47679","236,40073"
"210,22","2,540076","3,145038",,"-9,74261","2,64357","0,20494","15,02902","234,67002"
"210,222","0,540076","2,145038",,"-9,7764","2,62405","0,21021","7,04589","232,93732"
"210,224","-1,459924","2,145038",,"-9,79893","2,60448","0,21544","1,78437","231,19962"
"210,226","-1,459924","-0,854962",,"-9,83273","2,58485","0,22063","5,98363","229,45692"
"210,228","-3,459924","-2,854962",,"-9,87779","2,56514","0,22578","16,19855","227,70721"
"210,23","-2,459924","-2,854962",,"-9,86652","2,54539","0,23089","13,52847","225,95451"
"210,232","-2,459924","-1,854962",,"-9,85526","2,52567","0,23596","10,89798","224,20381"
"210,234","-0,459924","0,145038",,"-9,8102","2,50601","0,24099","0,78911","222,45811"
"210,236","-0,459924","0,145038",,"-9,8102","2,48639","0,24598","0,78293","220,7164"
"210,238","-0,459924","2,145038",,"-9,78767","2,46679","0,25094","4,15682","218,9767"
"210,24","-0,459924","0,145038",,"-9,8102","2,44719","0,25585","0,77059","217,237"
"210,242","1,540076","1,145038",,"-9,7764","2,4276","0,26073","6,51839","215,4983"
"210,244","0,540076","0,145038",,"-9,79893","2,40803","0,26556","1,64977","213,7606"
"210,246","-2,459924","-0,854962",,"-9,84399","2,38838","0,27036","7,91722","212,01689"
"210,248","-1,459924","-1,854962",,"-9,84399","2,3687","0,27512","7,85196","210,26919"
"210,25","-1,459924","-1,854962",,"-9,84399","2,34901","0,27983","7,7867","208,52149"
"210,252","-1,459924","-0,854962",,"-9,83273","2,32933","0,28451","5,39214","206,77479"
"210,254","-3,459924","0,145038",,"-9,84399","2,30966","0,28915","7,65624","205,02808"
"210,256","0,540076","-0,854962",,"-9,8102","2,29","0,29375","0,72109","203,28338"
"210,258","1,540076","1,145038",,"-9,7764","2,27041","0,29831","6,09632","201,54468"
"210,26","-0,459924","0,145038",,"-9,8102","2,25083","0,30283","0,70875","199,80598"
"210,262","-0,459924","-1,854962",,"-9,83273","2,23118","0,30731","5,16494","198,06227"
"210,264","-0,459924","0,145038",,"-9,8102","2,21154","0,31176","0,69638","196,31857"
"210,266","-2,459924","0,145038",,"-9,83273","2,1919","0,31616","5,074","194,57487"
"210,268","-2,459924","0,145038",,"-9,83273","2,17223","0,32052","5,02847","192,82917"
"210,27","-2,459924","-2,854962",,"-9,86652","2,15253","0,32485","11,44047","191,08046"
"210,272","-1,459924","0,145038",,"-9,82146","2,13285","0,32913","2,80445","189,33276"
"210,274","-1,459924","0,145038",,"-9,82146","2,1132","0,33338","2,77862","187,58906"
"210,276","0,540076","1,145038",,"-9,78767","2,09359","0,33759","3,52794","185,84836"
"210,278","0,540076","1,145038",,"-9,78767","2,07402","0,34176","3,49496","184,11065"
"210,28","-2,459924","-0,854962",,"-9,84399","2,05439","0,34588","6,81006","182,36795"
"210,282","-0,459924","0,145038",,"-9,8102","2,03473","0,34997","0,64071","180,62325"
"210,284","0,540076","-2,854962",,"-9,83273","2,01509","0,35402","4,6647","178,87955"
"210,286","0,540076","0,145038",,"-9,79893","1,99546","0,35803","1,36712","177,13684"
"210,288","-2,459924","0,145038",,"-9,83273","1,97583","0,362","4,57381","175,39414"
"210,29","-1,459924","0,145038",,"-9,82146","1,95617","0,36594","2,57214","173,64944"
"210,292","-0,459924","0,145038",,"-9,8102","1,93654","0,36983","0,60979","171,90674"
"210,294","1,540076","4,145038",,"-9,74261","1,91699","0,37368","10,8983","170,17103"
"210,296","-2,459924","0,145038",,"-9,83273","1,89741","0,3775","4,39229","168,43333"
"210,298","-3,459924","-0,854962",,"-9,85526","1,87772","0,38127","8,10217","166,68563"
"210,3","-1,459924","-0,854962",,"-9,83273","1,85804","0,38501","4,30114","164,93793"
"210,302","-2,459924","-0,854962",,"-9,84399","1,83836","0,3887","6,09395","163,19123"
"210,304","-1,459924","0,145038",,"-9,82146","1,81869","0,39236","2,39138","161,44552"
"210,306","-2,459924","0,145038",,"-9,83273","1,79904","0,39598","4,16457","159,70082"
"210,308","-0,459924","0,145038",,"-9,8102","1,7794","0,39956","0,56031","157,95712"
"210,31","-2,459924","0,145038",,"-9,83273","1,75975","0,4031","4,07363","156,21342"
"210,312","-0,459924","0,145038",,"-9,8102","1,74011","0,4066","0,54794","154,46971"
"210,314","-1,459924","2,145038",,"-9,79893","1,7205","0,41006","1,17874","152,72901"
"210,316","-2,459924","0,145038",,"-9,83273","1,70087","0,41348","3,93732","150,98631"
"210,318","-0,459924","1,145038",,"-9,79893","1,68124","0,41686","1,15184","149,24361"
"210,32","-0,459924","-1,854962",,"-9,83273","1,66161","0,4202","3,84643","147,5009"
"210,322","-0,459924","-0,854962",,"-9,82146","1,64195","0,42351","2,15898","145,7562"
"210,324","-3,459924","0,145038",,"-9,84399","1,62229","0,42677","5,3777","144,0105"
"210,326","-0,459924","1,145038",,"-9,79893","1,60264","0,43","1,09799","142,2668"
"210,328","0,540076","-0,854962",,"-9,8102","1,58304","0,43318","0,49848","140,52609"
"210,33","1,540076","-1,854962",,"-9,8102","1,56342","0,43633","0,4923","138,78439"
"210,332","0,540076","1,145038",,"-9,78767","1,54382","0,43944","2,60151","137,04469"
"210,334","-0,459924","0,145038",,"-9,8102","1,52422","0,4425","0,47996","135,30499"
"210,336","-0,459924","-1,854962",,"-9,83273","1,50458","0,44553","3,48292","133,56128"
"210,338","-1,459924","0,145038",,"-9,82146","1,48492","0,44852","1,9525","131,81658"
"210,34","-1,459924","0,145038",,"-9,82146","1,46528","0,45147","1,92668","130,07288"
"210,342","-0,459924","0,145038",,"-9,8102","1,44565","0,45438","0,45521","128,33018"
"210,344","0,540076","-0,854962",,"-9,8102","1,42603","0,45725","0,44904","126,58847"
"210,346","-0,459924","0,145038",,"-9,8102","1,40641","0,46009","0,44286","124,84677"
"210,348","-0,459924","0,145038",,"-9,8102","1,38679","0,46288","0,43668","123,10507"
"210,35","-0,459924","0,145038",,"-9,8102","1,36717","0,46563","0,4305","121,36337"
"210,352","-1,459924","0,145038",,"-9,82146","1,34753","0,46835","1,77185","119,62066"
"210,354","0,540076","-0,854962",,"-9,8102","1,3279","0,47102","0,41814","117,87796"
"210,356","-2,459924","-0,854962",,"-9,84399","1,30825","0,47366","4,3367","116,13326"
"210,358","-2,459924","-2,854962",,"-9,86652","1,28854","0,47626","6,84843","114,38356"
"210,36","-1,459924","-0,854962",,"-9,83273","1,26884","0,47881","2,93722","112,63486"
"210,362","0,540076","0,145038",,"-9,79893","1,24921","0,48133","0,85585","110,89215"
"210,364","-0,459924","-0,854962",,"-9,82146","1,22959","0,48381","1,61677","109,15045"
"210,366","-1,459924","1,145038",,"-9,8102","1,20996","0,48625","0,381","107,40775"
"210,368","2,540076","-0,854962",,"-9,78767","1,19036","0,48865","2,00589","105,66805"
"210,37","-2,459924","-1,854962",,"-9,85526","1,17071","0,49101","5,0515","103,92434"
"210,372","-0,459924","-0,854962",,"-9,82146","1,15104","0,49333","1,51348","102,17764"
"210,374","-1,459924","0,145038",,"-9,82146","1,1314","0,49562","1,48766","100,43394"
"210,376","-3,459924","0,145038",,"-9,84399","1,11173","0,49786","3,68526","98,68824"
"210,378","-3,459924","-0,854962",,"-9,85526","1,09203","0,50006","4,71199","96,93953"
"210,38","-0,459924","-1,854962",,"-9,83273","1,07234","0,50223","2,48235","95,19183"
"210,382","-0,459924","1,145038",,"-9,79893","1,05271","0,50435","0,72123","93,44913"
"210,384","-0,459924","-0,854962",,"-9,82146","1,03309","0,50644","1,3584","91,70743"
"210,386","-1,459924","-1,854962",,"-9,84399","1,01342","0,50849","3,35939","89,96172"
"210,388","-1,459924","-1,854962",,"-9,84399","0,99374","0,51049","3,29412","88,21402"
"210,39","-3,459924","0,145038",,"-9,84399","0,97405","0,51246","3,22886","86,46632"
"210,392","-1,459924","-0,854962",,"-9,83273","0,95437","0,51439","2,20926","84,71962"
"210,394","-1,459924","-1,854962",,"-9,84399","0,9347","0,51628","3,09841","82,97291"
"210,396","0,540076","1,145038",,"-9,78767","0,91506","0,51813","1,54199","81,23021"
"210,398","-0,459924","1,145038",,"-9,79893","0,89548","0,51994","0,6135","79,49151"
"210,4","-1,459924","-0,854962",,"-9,83273","0,87585","0,52171","2,02748","77,74881"
"210,402","-2,459924","0,145038",,"-9,83273","0,85618","0,52344","1,98196","76,0031"
"210,404","-0,459924","-0,854962",,"-9,82146","0,83653","0,52513","1,09994","74,2584"
"210,406","-1,459924","1,145038",,"-9,8102","0,81689","0,52679","0,25723","72,5157"
"210,408","-1,459924","0,145038",,"-9,82146","0,79726","0,5284","1,04831","70,773"
"210,41","-0,459924","0,145038",,"-9,8102","0,77763","0,52998","0,24487","69,03029"
"210,412","-0,459924","-0,854962",,"-9,82146","0,758","0,53151","0,99668","67,28759"
"210,414","-0,459924","1,145038",,"-9,79893","0,73838","0,53301","0,50587","65,54589"
"210,416","1,540076","-1,854962",,"-9,8102","0,71877","0,53447","0,22633","63,80519"
"210,418","-1,459924","-0,854962",,"-9,83273","0,69913","0,53588","1,6184","62,06149"
"210,42","-3,459924","-0,854962",,"-9,85526","0,67944","0,53726","2,9317","60,31378"
"210,422","0,540076","0,145038",,"-9,79893","0,65978","0,5386","0,45203","58,56908"
"210,424","-1,459924","0,145038",,"-9,82146","0,64016","0,5399","0,84174","56,82738"
"210,426","1,540076","-0,854962",,"-9,79893","0,62054","0,54116","0,42514","55,08568"
"210,428","-2,459924","0,145038",,"-9,83273","0,60091","0,54238","1,39104","53,34297"
"210,43","-0,459924","-0,854962",,"-9,82146","0,58126","0,54357","0,76429","51,59827"
"210,432","-0,459924","-0,854962",,"-9,82146","0,56162","0,54471","0,73846","49,85457"
"210,434","-0,459924","0,145038",,"-9,8102","0,54198","0,54581","0,17066","48,11187"
"210,436","-0,459924","0,145038",,"-9,8102","0,52236","0,54688","0,16448","46,37016"
"210,438","1,540076","0,145038",,"-9,78767","0,50277","0,5479","0,84722","44,63046"
"210,44","0,540076","-0,854962",,"-9,8102","0,48317","0,54889","0,15214","42,89076"
"210,442","-0,459924","-1,854962",,"-9,83273","0,46352","0,54983","1,07301","41,14706"
"210,444","-2,459924","-1,854962",,"-9,85526","0,44384","0,55074","1,9151","39,39935"
"210,446","-1,459924","-1,854962",,"-9,84399","0,42414","0,55161","1,40597","37,65065"
"210,448","-1,459924","1,145038",,"-9,8102","0,40448","0,55244","0,12737","35,90595"
"210,45","-3,459924","0,145038",,"-9,84399","0,38483","0,55323","1,27566","34,16125"
"210,452","-3,459924","0,145038",,"-9,84399","0,36514","0,55398","1,2104","32,41354"
"210,454","-0,459924","-0,854962",,"-9,82146","0,34548","0,55469","0,45426","30,66784"
"210,456","0,540076","0,145038",,"-9,79893","0,32585","0,55536","0,22325","28,92614"
"210,458","0,540076","-1,854962",,"-9,82146","0,30623","0,55599","0,40266","27,18444"
"210,46","0,540076","1,145038",,"-9,78767","0,28663","0,55658","0,483","25,44373"
"210,462","-1,459924","-2,854962",,"-9,85526","0,26698","0,55714","1,152","23,70003"
"210,464","0,540076","0,145038",,"-9,79893","0,24733","0,55765","0,16945","21,95533"
"210,466","-0,459924","0,145038",,"-9,8102","0,22772","0,55813","0,07171","20,21463"
"210,468","-0,459924","-2,854962",,"-9,84399","0,20806","0,55856","0,68971","18,46992"
"210,47","0,540076","-1,854962",,"-9,82146","0,1884","0,55896","0,24772","16,72422"
"210,472","0,540076","-1,854962",,"-9,82146","0,16876","0,55932","0,2219","14,98052"
"210,474","-0,459924","2,145038",,"-9,78767","0,14915","0,55963","0,25133","13,23982"
"210,476","-0,459924","-0,854962",,"-9,82146","0,12954","0,55991","0,17033","11,49912"
"210,478","-2,459924","0,145038",,"-9,83273","0,10988","0,56015","0,25437","9,75441"
"210,48","-1,459924","0,145038",,"-9,82146","0,09023","0,56035","0,11864","8,00971"
"210,482","0,540076","-0,854962",,"-9,8102","0,0706","0,56051","0,02223","6,26701"
"210,484","-1,459924","-0,854962",,"-9,83273","0,05096","0,56064","0,11796","4,52331"
"210,486","-1,459924","-1,854962",,"-9,84399","0,03128","0,56072","0,10369","2,7766"
"210,488","-0,459924","-1,854962",,"-9,83273","0,0116","0,56076","0,02686","1,0299"
"210,49","-1,459924","-0,854962",,"-9,83273","-0,00806","0,56076","0,01867","-0,7158"
"210,492","0,540076","0,145038",,"-9,79893","-0,0277","0,56073","0,01897","-2,4585"
"210,494","-0,459924","0,145038",,"-9,8102","-0,0473","0,56065","0,0149","-4,19921"
"210,496","-2,459924","-0,854962",,"-9,84399","-0,06696","0,56054","0,22196","-5,94391"
"210,498","-0,459924","0,145038",,"-9,8102","-0,08661","0,56039","0,02727","-7,68861"
"210,5","0,540076","0,145038",,"-9,79893","-0,10622","0,56019","0,07277","-9,42931"
"210,502","-1,459924","1,145038",,"-9,8102","-0,12583","0,55996","0,03962","-11,17002"
"210,504","-0,459924","1,145038",,"-9,79893","-0,14544","0,55969","0,09964","-12,91072"
"210,506","-0,459924","1,145038",,"-9,79893","-0,16504","0,55938","0,11307","-14,65042"
"210,508","-2,459924","-0,854962",,"-9,84399","-0,18468","0,55903","0,6122","-16,39412"
"210,51","0,540076","-0,854962",,"-9,8102","-0,20434","0,55864","0,06434","-18,13883"
"210,512","-1,459924","1,145038",,"-9,8102","-0,22396","0,55821","0,07052","-19,88053"
"210,514","-1,459924","1,145038",,"-9,8102","-0,24358","0,55774","0,0767","-21,62223"
"210,516","-0,459924","-1,854962",,"-9,83273","-0,26322","0,55724","0,60932","-23,36593"
"210,518","-1,459924","0,145038",,"-9,82146","-0,28287","0,55669","0,37195","-25,11064"
"210,52","-2,459924","0,145038",,"-9,83273","-0,30253","0,55611","0,70032","-26,85534"
"210,522","-0,459924","-1,854962",,"-9,83273","-0,32219","0,55548","0,74584","-28,60104"
"210,524","-1,459924","-0,854962",,"-9,83273","-0,34186","0,55482","0,79136","-30,34674"
"210,526","-0,459924","0,145038",,"-9,8102","-0,3615","0,55411","0,11383","-32,09045"
"210,528","-3,459924","0,145038",,"-9,84399","-0,38116","0,55337","1,26349","-33,83515"
"210,53","-0,459924","-0,854962",,"-9,82146","-0,40082","0,55259","0,52703","-35,58085"
"210,532","-0,459924","-0,854962",,"-9,82146","-0,42046","0,55177","0,55286","-37,32455"
"210,534","-2,459924","-0,854962",,"-9,84399","-0,44013","0,55091","1,45898","-39,07025"
"210,536","1,540076","0,145038",,"-9,78767","-0,45976","0,55001","0,77475","-40,81296"
"210,538","-1,459924","-0,854962",,"-9,83273","-0,47938","0,54907","1,10971","-42,55466"
"210,54","-2,459924","0,145038",,"-9,83273","-0,49905","0,54809","1,15524","-44,30036"
"210,542","-2,459924","0,145038",,"-9,83273","-0,51871","0,54707","1,20076","-46,04606"
"210,544","-2,459924","-0,854962",,"-9,84399","-0,53839","0,54601","1,7847","-47,79277"
"210,546","-2,459924","-1,854962",,"-9,85526","-0,55809","0,54492","2,40809","-49,54147"
"210,548","-3,459924","0,145038",,"-9,84399","-0,57779","0,54378","1,9153","-51,29017"
"210,55","0,540076","0,145038",,"-9,79893","-0,59743","0,54261","0,40931","-53,03387"
"210,552","-0,459924","0,145038",,"-9,8102","-0,61704","0,54139","0,1943","-54,77458"
"210,554","0,540076","0,145038",,"-9,79893","-0,63665","0,54014","0,43618","-56,51528"
"210,556","-0,459924","-1,854962",,"-9,83273","-0,65628","0,53885","1,51921","-58,25798"
"210,558","-1,459924","0,145038",,"-9,82146","-0,67593","0,53751","0,88878","-60,00268"
"210,56","-0,459924","-0,854962",,"-9,82146","-0,69558","0,53614","0,9146","-61,74639"
"210,562","-0,459924","0,145038",,"-9,8102","-0,71521","0,53473","0,22521","-63,48909"
"210,564","0,540076","0,145038",,"-9,79893","-0,73482","0,53328","0,50343","-65,22979"
"210,566","-0,459924","0,145038",,"-9,8102","-0,75443","0,53179","0,23756","-66,97049"
"210,568","-3,459924","0,145038",,"-9,84399","-0,77408","0,53026","2,56599","-68,7152"
"210,57","-1,459924","-0,854962",,"-9,83273","-0,79376","0,5287","1,83746","-70,4619"
"210,572","-0,459924","0,145038",,"-9,8102","-0,8134","0,52709","0,25613","-72,2056"
"210,574","-2,459924","-0,854962",,"-9,84399","-0,83306","0,52544","2,76148","-73,9503"
"210,576","-0,459924","0,145038",,"-9,8102","-0,85271","0,52376","0,26851","-75,69501"
"210,578","-0,459924","0,145038",,"-9,8102","-0,87233","0,52203","0,27468","-77,43671"
"210,58","-2,459924","0,145038",,"-9,83273","-0,89197","0,52027","2,06481","-79,18041"
"210,582","-0,459924","0,145038",,"-9,8102","-0,91162","0,51846","0,28705","-80,92411"
"210,584","-1,459924","0,145038",,"-9,82146","-0,93125","0,51662","1,22448","-82,66682"
"210,586","-1,459924","0,145038",,"-9,82146","-0,95089","0,51474","1,25031","-84,41052"
"210,588","0,540076","-1,854962",,"-9,82146","-0,97053","0,51282","1,27614","-86,15422"
"210,59","-0,459924","-1,854962",,"-9,83273","-0,99019","0,51086","2,29217","-87,89892"
"210,592","-0,459924","-0,854962",,"-9,82146","-1,00984","0,50886","1,32783","-89,64362"
"210,594","-0,459924","-0,854962",,"-9,82146","-1,02948","0,50682","1,35365","-91,38733"
"210,596","-1,459924","-0,854962",,"-9,83273","-1,04914","0,50474","2,42864","-93,13203"
"210,598","-2,459924","-0,854962",,"-9,84399","-1,06882","0,50262","3,543","-94,87873"
"210,6","0,540076","0,145038",,"-9,79893","-1,08846","0,50046","0,74572","-96,62243"
"210,602","0,540076","0,145038",,"-9,79893","-1,10806","0,49827","0,75914","-98,36214"
"210,604","-1,459924","-0,854962",,"-9,83273","-1,12769","0,49603","2,61047","-100,10484"
"210,606","-2,459924","0,145038",,"-9,83273","-1,14735","0,49376","2,65599","-101,85054"
"210,608","-3,459924","0,145038",,"-9,84399","-1,16703","0,49144","3,86857","-103,59724"
"210,61","-1,459924","-0,854962",,"-9,83273","-1,18671","0,48909","2,74709","-105,34395"
"210,612","-0,459924","-0,854962",,"-9,82146","-1,20636","0,48669","1,58623","-107,08865"
"210,614","-2,459924","-0,854962",,"-9,84399","-1,22603","0,48426","4,06414","-108,83435"
"210,616","-0,459924","-1,854962",,"-9,83273","-1,2457","0,48179","2,88366","-110,58105"
"210,618","-2,459924","-0,854962",,"-9,84399","-1,26538","0,47928","4,19459","-112,32776"
"210,62","0,540076","-0,854962",,"-9,8102","-1,28503","0,47673","0,40464","-114,07246"
"210,622","-0,459924","0,145038",,"-9,8102","-1,30465","0,47414","0,41082","-115,81416"
"210,624","-1,459924","0,145038",,"-9,82146","-1,32429","0,47151","1,74129","-117,55686"
"210,626","0,540076","0,145038",,"-9,79893","-1,34391","0,46884","0,92073","-119,29857"
"210,628","-0,459924","0,145038",,"-9,8102","-1,36352","0,46614","0,42935","-121,03927"
"210,63","0,540076","0,145038",,"-9,79893","-1,38312","0,46339","0,9476","-122,77997"
"210,632","-0,459924","0,145038",,"-9,8102","-1,40273","0,4606","0,4417","-124,52067"
"210,634","-2,459924","0,145038",,"-9,83273","-1,42238","0,45778","3,29264","-126,26438"
"210,636","-1,459924","-0,854962",,"-9,83273","-1,44204","0,45491","3,33816","-128,01008"
"210,638","0,540076","-0,854962",,"-9,8102","-1,46169","0,45201","0,46026","-129,75378"
"210,64","-0,459924","-0,854962",,"-9,82146","-1,48132","0,44907","1,94776","-131,49648"
"210,642","-1,459924","0,145038",,"-9,82146","-1,50096","0,44608","1,97359","-133,24019"
"210,644","-2,459924","-0,854962",,"-9,84399","-1,52063","0,44306","5,0407","-134,98589"
"210,646","-1,459924","-0,854962",,"-9,83273","-1,5403","0,44","3,56562","-136,73259"
"210,648","-1,459924","0,145038",,"-9,82146","-1,55996","0,4369","2,05116","-138,47729"
"210,65","-2,459924","-0,854962",,"-9,84399","-1,57962","0,43376","5,23626","-140,22299"
"210,652","-2,459924","0,145038",,"-9,83273","-1,5993","0,43058","3,70219","-141,9697"
"210,654","-1,459924","0,145038",,"-9,82146","-1,61895","0,42736","2,12874","-143,7144"
"210,656","0,540076","0,145038",,"-9,79893","-1,63857","0,42411","1,12261","-145,4561"
"210,658","0,540076","0,145038",,"-9,79893","-1,65817","0,42081","1,13604","-147,1958"
"210,66","-0,459924","-1,854962",,"-9,83273","-1,6778","0,41747","3,88392","-148,93851"
"210,662","-2,459924","-1,854962",,"-9,85526","-1,69749","0,4141","7,32448","-150,68621"
"210,664","-2,459924","0,145038",,"-9,83273","-1,71718","0,41068","3,97507","-152,43391"
"210,666","-0,459924","-0,854962",,"-9,82146","-1,73683","0,40723","2,28374","-154,17861"
"210,668","-1,459924","-1,854962",,"-9,84399","-1,7565","0,40374","5,82259","-155,92432"
"210,67","-0,459924","-0,854962",,"-9,82146","-1,77616","0,4002","2,33545","-157,67002"
"210,672","0,540076","0,145038",,"-9,79893","-1,79578","0,39663","1,23032","-159,41172"
"210,674","-1,459924","-0,854962",,"-9,83273","-1,81542","0,39302","4,20248","-161,15442"
"210,676","-1,459924","0,145038",,"-9,82146","-1,83507","0,38937","2,41291","-162,89913"
"210,678","0,540076","0,145038",,"-9,79893","-1,85469","0,38568","1,27067","-164,64083"
"210,68","-0,459924","0,145038",,"-9,8102","-1,8743","0,38195","0,59019","-166,38153"
"210,682","0,540076","0,145038",,"-9,79893","-1,89391","0,37818","1,29754","-168,12223"
"210,684","0,540076","0,145038",,"-9,79893","-1,91351","0,37438","1,31097","-169,86194"
"210,686","-0,459924","0,145038",,"-9,8102","-1,93312","0,37053","0,60871","-171,60264"
"210,688","-2,459924","1,145038",,"-9,82146","-1,95275","0,36664","2,56764","-173,34534"
"210,69","-0,459924","0,145038",,"-9,8102","-1,97238","0,36272","0,62107","-175,08804"
"210,692","-0,459924","-1,854962",,"-9,83273","-1,99202","0,35875","4,6113","-176,83175"
"210,694","0,540076","0,145038",,"-9,79893","-2,01165","0,35475","1,37821","-178,57445"
"210,696","2,540076","1,145038",,"-9,76514","-2,03122","0,35071","7,48527","-180,31115"
"210,698","-1,459924","0,145038",,"-9,82146","-2,0508","0,34663","2,69657","-182,04985"
"210,7","-1,459924","2,145038",,"-9,79893","-2,07042","0,3425","1,41848","-183,79156"
"210,702","-0,459924","0,145038",,"-9,8102","-2,09003","0,33834","0,65812","-185,53226"
"210,704","-3,459924","-0,854962",,"-9,85526","-2,1097","0,33414","9,10311","-187,27796"
"210,706","-0,459924","0,145038",,"-9,8102","-2,12936","0,32991","0,67051","-189,02366"
"210,708","-1,459924","-0,854962",,"-9,83273","-2,14901","0,32563","4,97471","-190,76736"
"210,71","-0,459924","-0,854962",,"-9,82146","-2,16866","0,32131","2,85154","-192,51207"
"210,712","-1,459924","-1,854962",,"-9,84399","-2,18833","0,31695","7,25405","-194,25777"
"210,714","-0,459924","0,145038",,"-9,8102","-2,20798","0,31256","0,69526","-196,00247"
"210,716","-0,459924","0,145038",,"-9,8102","-2,2276","0,30812","0,70144","-197,74417"
"210,718","-0,459924","1,145038",,"-9,79893","-2,24721","0,30365","1,5396","-199,48488"
"210,72","0,540076","0,145038",,"-9,79893","-2,26681","0,29913","1,55302","-201,22458"
"210,722","-1,459924","0,145038",,"-9,82146","-2,28643","0,29458","3,00639","-202,96628"
"210,724","-0,459924","0,145038",,"-9,8102","-2,30606","0,28999","0,72615","-204,70898"
"210,726","-1,459924","-1,854962",,"-9,84399","-2,32571","0,28535","7,70948","-206,45369"
"210,728","-0,459924","0,145038",,"-9,8102","-2,34537","0,28068","0,73852","-208,19839"
"210,73","-0,459924","-1,854962",,"-9,83273","-2,36501","0,27597","5,47473","-209,94209"
"210,732","-0,459924","0,145038",,"-9,8102","-2,38465","0,27122","0,75089","-211,68579"
"210,734","0,540076","-2,854962",,"-9,83273","-2,4043","0,26643","5,56567","-213,4295"
"210,736","-0,459924","0,145038",,"-9,8102","-2,42394","0,26161","0,76326","-215,1732"
"210,738","0,540076","0,145038",,"-9,79893","-2,44355","0,25674","1,67411","-216,9139"
"210,74","0,540076","-0,854962",,"-9,8102","-2,46316","0,25183","0,77561","-218,6546"
"210,742","-2,459924","-0,854962",,"-9,84399","-2,48281","0,24689","8,23024","-220,39931"
"210,744","-0,459924","2,145038",,"-9,78767","-2,50244","0,2419","4,2169","-222,14201"
"210,746","-0,459924","0,145038",,"-9,8102","-2,52204","0,23688","0,79416","-223,88171"
"210,748","0,540076","2,145038",,"-9,7764","-2,54163","0,23181","6,82456","-225,62041"
"210,75","-0,459924","0,145038",,"-9,8102","-2,56122","0,22671","0,80649","-227,35912"
"210,752","-0,459924","-1,854962",,"-9,83273","-2,58086","0,22157","5,97439","-229,10282"
"210,754","1,540076","-0,854962",,"-9,79893","-2,60049","0,21639","1,78163","-230,84552"
"210,756","-1,459924","-1,854962",,"-9,84399","-2,62013","0,21117","8,68544","-232,58922"
"210,758","1,540076","1,145038",,"-9,7764","-2,63975","0,20591","7,08804","-234,33093"
"210,76","-2,459924","1,145038",,"-9,82146","-2,65935","0,20061","3,49674","-236,07063"
"210,762","-1,459924","0,145038",,"-9,82146","-2,67899","0,19527","3,52257","-237,81433"
"210,764","2,540076","0,145038",,"-9,7764","-2,69859","0,18989","7,24603","-239,55403"
"210,766","-1,459924","-1,854962",,"-9,84399","-2,71821","0,18447","9,01056","-241,29573"
"210,768","-0,459924","1,145038",,"-9,79893","-2,73786","0,17902","1,87574","-243,03944"
"210,77","0,540076","0,145038",,"-9,79893","-2,75745","0,17352","1,88917","-244,77914"
"210,772","0,540076","2,145038",,"-9,7764","-2,77703","0,16799","7,45664","-246,51684"
"210,774","-1,459924","-0,854962",,"-9,83273","-2,79664","0,16241","6,4739","-248,25754"
"210,776","-0,459924","0,145038",,"-9,8102","-2,81628","0,1568","0,88681","-250,00125"
"210,778","-1,459924","0,145038",,"-9,82146","-2,83591","0,15115","3,7289","-251,74395"
"210,78","-2,459924","0,145038",,"-9,83273","-2,85557","0,14546","6,61031","-253,48865"
"210,782","-2,459924","-0,854962",,"-9,84399","-2,87524","0,13973","9,5311","-255,23535"
"210,784","0,540076","1,145038",,"-9,78767","-2,89488","0,13396","4,87819","-256,97806"
"210,786","-0,459924","2,145038",,"-9,78767","-2,91445","0,12815","4,91118","-258,71576"
"210,788","-1,459924","-0,854962",,"-9,83273","-2,93407","0,1223","6,79204","-260,45746"
"210,79","-0,459924","0,145038",,"-9,8102","-2,95371","0,11641","0,93008","-262,20116"
"210,792","0,540076","0,145038",,"-9,79893","-2,97332","0,11048","2,03707","-263,94187"
"210,794","-0,459924","0,145038",,"-9,8102","-2,99293","0,10452","0,94243","-265,68257"
"210,796","-0,459924","-1,854962",,"-9,83273","-3,01257","0,09851","6,97377","-267,42627"
"210,798","-0,459924","-0,854962",,"-9,82146","-3,03223","0,09247","3,98704","-269,17097"
"210,8","-1,459924","1,145038",,"-9,8102","-3,05186","0,08638","0,96099","-270,91368"
"210,802","-2,459924","0,145038",,"-9,83273","-3,0715","0,08026","7,11018","-272,65738"
"210,804","11,540076","35,145038",,"-9,28074","-3,09062","0,0741","144,28581","-274,35408"
"210,806","138,540076","281,145038",,"-5,07887","-3,10498","0,0679","1303,11251","-275,62878"
"210,808","218,540076","146,145038",,"-5,69845","-3,11575","0,06168","1136,26911","-276,58549"
"210,81","315,540076","538,145038",,"-0,18983","-3,12164","0,05544","2664,89957","-277,10819"
"210,812","492,540076","2283,145038",,"21,46163","-3,10037","0,04922","8605,65227","-275,21989"
"210,814","1574,540076","1356,145038",,"23,20771","-3,0557","0,04307","8955,29792","-271,25459"
"210,816","1903,540076","1068,145038",,"23,66958","-3,00882","0,037","8941,27711","-267,09329"
"210,818","1043,540076","1323,145038",,"16,85422","-2,9683","0,03102","7025,03159","-263,496"
"210,82","932,540076","1611,145038",,"18,84813","-2,9326","0,02512","7459,60517","-260,3267"
"210,822","943,540076","1461,145038",,"17,28229","-2,89647","0,01929","6965,0918","-257,1194"
"210,824","751,540076","1240,145038",,"12,62982","-2,86656","0,01353","5709,27531","-254,4641"
"210,826","750,540076","1192,145038",,"12,07783","-2,84185","0,00782","5520,81493","-252,27081"
"210,828","628,540076","1254,145038",,"11,40192","-2,81837","0,00216","5306,0991","-250,18651"
"210,83","586,540076","1272,145038",,"11,13156","-2,79583","-0,00345","5196,57562","-248,18621"
"210,832","641,540076","1335,145038",,"12,46084","-2,77224","-0,00902","5479,84931","-246,09191"
"210,834","696,540076","1446,145038",,"14,33084","-2,74545","-0,01454","5882,63533","-243,71362"
"210,836","797,540076","1571,145038",,"16,87675","-2,71424","-0,02","6429,18614","-240,94332"
"210,838","909,540076","1639,145038",,"18,90446","-2,67846","-0,02539","6826,55479","-237,76702"
"210,84","966,540076","1634,145038",,"19,49024","-2,64007","-0,03071","6865,98225","-234,35872"
"210,842","931,540076","1656,145038",,"19,3438","-2,60123","-0,03595","6731,17112","-230,91143"
"210,844","887,540076","1657,145038",,"18,8594","-2,56303","-0,04111","6522,10302","-227,52013"
"210,846","863,540076","1618,145038",,"18,1497","-2,52602","-0,0462","6268,78723","-224,23483"
"210,848","869,540076","1592,145038",,"17,9244","-2,48995","-0,05122","6129,46376","-221,03253"
"210,85","889,540076","1601,145038",,"18,25108","-2,45377","-0,05616","6111,57046","-217,82124"
"210,852","939,540076","1600,145038",,"18,80307","-2,41672","-0,06103","6137,69934","-214,53194"
"210,854","1012,540076","1581,145038",,"19,41139","-2,3785","-0,06583","6169,08577","-211,13964"
"210,856","1080,540076","1577,145038",,"20,13235","-2,33896","-0,07055","6216,2151","-207,62934"
"210,858","1117,540076","1555,145038",,"20,30133","-2,29852","-0,07518","6143,23299","-204,04005"
"210,86","1133,540076","1504,145038",,"19,90705","-2,25832","-0,07974","5956,72759","-200,47075"
"210,862","1109,540076","1450,145038",,"19,02837","-2,21938","-0,08422","5680,91648","-197,01445"
"210,864","1074,540076","1400,145038",,"18,07084","-2,18228","-0,08862","5400,46022","-193,72115"
"210,866","1042,540076","1356,145038",,"17,2147","-2,147","-0,09295","5149,9679","-190,58886"
"210,868","1029,540076","1312,145038",,"16,57259","-2,11321","-0,09721","4948,46992","-187,58956"
"210,87","1022,540076","1285,145038",,"16,18958","-2,08045","-0,1014","4801,01605","-184,68126"
"210,872","1030,540076","1270,145038",,"16,11072","-2,04815","-0,10553","4712,14011","-181,81396"
"210,874","1045,540076","1259,145038",,"16,15578","-2,01588","-0,1096","4645,96856","-178,94966"
"210,876","1056,540076","1231,145038",,"15,96428","-1,98376","-0,11359","4538,21802","-176,09837"
"210,878","1058,540076","1194,145038",,"15,57","-1,95223","-0,11753","4397,74963","-173,29907"
"210,88","1047,540076","1149,145038",,"14,93916","-1,92172","-0,1214","4221,40599","-170,59077"
"210,882","1026,540076","1099,145038",,"14,13934","-1,89264","-0,12522","4023,15241","-168,00947"
"210,884","1008,540076","1046,145038",,"13,33952","-1,86516","-0,12898","3832,31472","-165,57018"
"210,886","993,540076","1001,145038",,"12,66361","-1,83916","-0,13268","3668,53713","-163,26188"
"210,888","977,540076","967,145038",,"12,10036","-1,81439","-0,13633","3528,4212","-161,06358"
"210,89","964,540076","942,145038",,"11,67229","-1,79062","-0,13994","3414,14736","-158,95328"
"210,892","951,540076","925,145038",,"11,33433","-1,76761","-0,1435","3317,2526","-156,91099"
"210,894","938,540076","905,145038",,"10,96259","-1,74532","-0,14701","3217,81287","-154,93169"
"210,896","917,540076","884,145038",,"10,48945","-1,72386","-0,15048","3105,85979","-153,02739"
"210,898","888,540076","860,145038",,"9,89241","-1,70348","-0,15391","2978,85355","-151,21809"
"210,9","853,540076","832,145038",,"9,18271","-1,68441","-0,1573","2839,37956","-149,5248"
"210,902","819,540076","809,145038",,"8,5406","-1,66668","-0,16065","2714,50269","-147,9515"
"210,904","792,540076","791,145038",,"8,03367","-1,65011","-0,16396","2613,25351","-146,4802"
"210,906","772,540076","781,145038",,"7,69572","-1,63438","-0,16725","2539,31172","-145,0839"
"210,908","758,540076","778,145038",,"7,50421","-1,61918","-0,1705","2488,16976","-143,73461"
"210,91","751,540076","783,145038",,"7,48168","-1,60419","-0,17372","2461,93277","-142,40431"
"210,912","746,540076","793,145038",,"7,53801","-1,58917","-0,17692","2446,82816","-141,07101"
"210,914","738,540076","804,145038",,"7,5718","-1,57406","-0,18008","2428,286","-139,72971"
"210,916","732,540076","810,145038",,"7,5718","-1,55892","-0,18321","2404,92419","-138,38542"
"210,918","720,540076","825,145038",,"7,6056","-1,54374","-0,18632","2386,14148","-137,03812"
"210,92","706,540076","838,145038",,"7,59433","-1,52854","-0,18939","2361,11863","-135,68882"
"210,922","689,540076","849,145038",,"7,52674","-1,51342","-0,19243","2328,6808","-134,34652"
"210,924","675,540076","867,145038",,"7,5718","-1,49832","-0,19544","2311,4422","-133,00623"
"210,926","666,540076","889,145038",,"7,71825","-1,48303","-0,19842","2307,13391","-131,64893"
"210,928","659,540076","906,145038",,"7,8309","-1,46748","-0,20137","2297,61918","-130,26863"
"210,93","657,540076","927,145038",,"8,04493","-1,45161","-0,20429","2300,3432","-128,85933"
"210,932","659,540076","946,145038",,"8,2815","-1,43528","-0,20718","2304,61188","-127,41003"
"210,934","658,540076","966,145038",,"8,49554","-1,41851","-0,21003","2304,62485","-125,92074"
"210,936","656,540076","979,145038",,"8,61945","-1,40139","-0,21285","2292,23367","-124,40144"
"210,938","653,540076","994,145038",,"8,75463","-1,38402","-0,21564","2280,42334","-122,85914"
"210,94","649,540076","1008,145038",,"8,86728","-1,36639","-0,21839","2265,05191","-121,29484"
"210,942","648,540076","1022,145038",,"9,01373","-1,34851","-0,22111","2252,9415","-119,70755"
"210,944","650,540076","1042,145038",,"9,26156","-1,33024","-0,22378","2251,67448","-118,08525"
"210,946","653,540076","1057,145038",,"9,46433","-1,31151","-0,22643","2243,58466","-116,42295"
"210,948","660,540076","1075,145038",,"9,74596","-1,2923","-0,22903","2243,02946","-114,71765"
"210,95","667,540076","1090,145038",,"9,99379","-1,27256","-0,23159","2236,76384","-112,96536"
"210,952","676,540076","1100,145038",,"10,20783","-1,25236","-0,23412","2225,05061","-111,17206"
"210,954","684,540076","1112,145038",,"10,43313","-1,23172","-0,2366","2213,01252","-109,33976"
"210,956","690,540076","1121,145038",,"10,6021","-1,21068","-0,23905","2193,3791","-107,47246"
"210,958","695,540076","1126,145038",,"10,71475","-1,18937","-0,24145","2166,65334","-105,58017"
"210,96","707,540076","1133,145038",,"10,92879","-1,16772","-0,2438","2149,41238","-103,65887"
"210,962","716,540076","1136,145038",,"11,06397","-1,14573","-0,24612","2122,6794","-101,70657"
"210,964","731,540076","1141,145038",,"11,28927","-1,12338","-0,24839","2103,73344","-99,72227"
"210,966","743,540076","1140,145038",,"11,41319","-1,10068","-0,25061","2073,32631","-97,70698"
"210,968","758,540076","1140,145038",,"11,58217","-1,07768","-0,25279","2046,1755","-95,66568"
"210,97","773,540076","1134,145038",,"11,68355","-1,05441","-0,25492","2011,49097","-93,60038"
"210,972","784,540076","1125,145038",,"11,70608","-1,03102","-0,25701","1968,93296","-91,52408"
"210,974","792,540076","1110,145038",,"11,62723","-1,00769","-0,25904","1917,31986","-89,45279"
"210,976","802,540076","1095,145038",,"11,5709","-0,98449","-0,26104","1868,25866","-87,39349"
"210,978","807,540076","1078,145038",,"11,43572","-0,96149","-0,26298","1813,0615","-85,35119"
"210,98","815,540076","1056,145038",,"11,27801","-0,93877","-0,26488","1757,08774","-83,33489"
"210,982","823,540076","1038,145038",,"11,16536","-0,91633","-0,26674","1705,91753","-81,3426"
"210,984","829,540076","1021,145038",,"11,04144","-0,89412","-0,26855","1654,7401","-79,3713"
"210,986","837,540076","1004,145038",,"10,94006","-0,87214","-0,27031","1606,21","-77,42"
"210,988","840,540076","987,145038",,"10,78235","-0,85042","-0,27204","1554,29831","-75,4917"
"210,99","845,540076","972,145038",,"10,66969","-0,82897","-0,27372","1506,80106","-73,5874"
"210,992","845,540076","955,145038",,"10,47819","-0,80782","-0,27535","1454,62795","-71,71011"
"210,994","845,540076","939,145038",,"10,29795","-0,78704","-0,27695","1404,62398","-69,86581"
"210,996","844,540076","931,145038",,"10,19656","-0,76655","-0,2785","1361,1488","-68,04651"
"210,998","842,540076","918,145038",,"10,02759","-0,74632","-0,28001","1314,04221","-66,25121"
211,"836,540076","911,145038",,"9,88114","-0,72642","-0,28149","1269,54581","-64,48392"
"211,002","835,540076","905,145038",,"9,80228","-0,70673","-0,28292","1230,19826","-62,73662"
"211,004","827,540076","904,145038",,"9,7009","-0,68723","-0,28431","1190,0643","-61,00532"
"211,006","820,540076","904,145038",,"9,62204","-0,66791","-0,28567","1151,9277","-59,29002"
"211,008","811,540076","901,145038",,"9,48686","-0,6488","-0,28699","1111,18529","-57,59373"
"211,01","798,540076","901,145038",,"9,34042","-0,62997","-0,28826","1070,75048","-55,92243"
"211,012","790,540076","906,145038",,"9,30662","-0,61132","-0,28951","1037,22242","-54,26713"
"211,014","774,540076","915,145038",,"9,22777","-0,59279","-0,29071","1001,62588","-52,62183"
"211,016","766,540076","923,145038",,"9,22777","-0,57433","-0,29188","970,44184","-50,98354"
"211,018","754,540076","932,145038",,"9,19397","-0,55591","-0,29301","937,64717","-49,34824"
"211,02","743,540076","940,145038",,"9,16018","-0,53756","-0,2941","905,07684","-47,71894"
"211,022","733,540076","953,145038",,"9,19397","-0,5192","-0,29516","875,73184","-46,08964"
"211,024","718,540076","961,145038",,"9,11512","-0,50089","-0,29618","841,34392","-44,46435"
"211,026","706,540076","973,145038",,"9,11512","-0,48266","-0,29716","810,72288","-42,84605"
"211,028","694,540076","980,145038",,"9,05879","-0,46449","-0,29811","777,87399","-41,23275"
"211,03","685,540076","988,145038",,"9,04752","-0,44638","-0,29902","747,10523","-39,62545"
"211,032","674,540076","998,145038",,"9,03626","-0,4283","-0,29989","716,41037","-38,02016"
"211,034","665,540076","1005,145038",,"9,01373","-0,41025","-0,30073","685,39792","-36,41786"
"211,036","661,540076","1013,145038",,"9,05879","-0,39218","-0,30154","656,77314","-34,81356"
"211,038","652,540076","1019,145038",,"9,02499","-0,37409","-0,3023","625,36621","-33,20826"
"211,04","650,540076","1029,145038",,"9,11512","-0,35595","-0,30303","597,88929","-31,59797"
"211,042","647,540076","1032,145038",,"9,11512","-0,33772","-0,30373","567,26824","-29,97967"
"211,044","647,540076","1038,145038",,"9,18271","-0,31943","-0,30438","538,45021","-28,35537"
"211,046","646,540076","1041,145038",,"9,20524","-0,30104","-0,305","508,05601","-26,72307"
"211,048","646,540076","1043,145038",,"9,22777","-0,2826","-0,30559","477,51211","-25,08677"
"211,05","646,540076","1046,145038",,"9,26156","-0,26411","-0,30613","447,06331","-23,44548"
"211,052","649,540076","1046,145038",,"9,29536","-0,24556","-0,30664","416,38897","-21,79818"
"211,054","654,540076","1046,145038",,"9,35168","-0,22691","-0,30712","385,90402","-20,14288"
"211,056","656,540076","1046,145038",,"9,37421","-0,20819","-0,30755","354,47354","-18,48058"
"211,058","660,540076","1045,145038",,"9,40801","-0,1894","-0,30795","323,06154","-16,81329"
"211,06","665,540076","1039,145038",,"9,39674","-0,1706","-0,30831","290,81597","-15,14399"
"211,062","669,540076","1037,145038",,"9,41927","-0,15178","-0,30863","259,04415","-13,47369"
"211,064","674,540076","1030,145038",,"9,39674","-0,13297","-0,30892","226,66521","-11,80339"
"211,066","681,540076","1027,145038",,"9,4418","-0,11413","-0,30916","195,00793","-10,1311"
"211,068","688,540076","1021,145038",,"9,45307","-0,09523","-0,30937","162,81778","-8,4538"
"211,07","692,540076","1015,145038",,"9,43054","-0,07635","-0,30954","130,38006","-6,7775"
"211,072","698,540076","1012,145038",,"9,46433","-0,05745","-0,30968","98,28594","-5,1002"
"211,074","706,540076","1004,145038",,"9,46433","-0,03853","-0,30977","65,90495","-3,41991"
"211,076","713,540076","997,145038",,"9,46433","-0,0196","-0,30983","33,52397","-1,73961"
"211,078","719,540076","992,145038",,"9,4756","-0,00066","-0,30985","1,12437","-0,05831"
"211,08","726,540076","987,145038",,"9,49813","0,01832","-0,30983","31,38931","1,62599"
"211,082","729,540076","983,145038",,"9,48686","0,0373","-0,30978","63,8863","3,31128"
"211,084","734,540076","975,145038",,"9,45307","0,05624","-0,30968","96,15571","4,99258"
"211,086","736,540076","970,145038",,"9,41927","0,07511","-0,30955","128,19613","6,66788"
"211,088","739,540076","963,145038",,"9,37421","0,09391","-0,30938","159,89506","8,33618"
"211,09","741,540076","959,145038",,"9,35168","0,11263","-0,30918","191,55409","9,99847"
"211,092","744,540076","955,145038",,"9,34042","0,13133","-0,30893","223,21214","11,65777"
"211,094","740,540076","949,145038",,"9,22777","0,14989","-0,30865","253,27326","13,30607"
"211,096","742,540076","945,145038",,"9,20524","0,16833","-0,30833","284,08258","14,94237"
"211,098","738,540076","939,145038",,"9,09259","0,18662","-0,30798","313,0973","16,56666"
"211,1","737,540076","936,145038",,"9,04752","0,20476","-0,30759","342,71163","18,17696"
"211,102","733,540076","928,145038",,"8,91234","0,22272","-0,30716","370,0981","19,77126"
"211,104","729,540076","922,145038",,"8,79969","0,24044","-0,3067","397,12556","21,34356"
"211,106","722,540076","918,145038",,"8,67578","0,25791","-0,3062","423,15251","22,89486"
"211,108","717,540076","912,145038",,"8,55186","0,27514","-0,30567","448,3911","24,42415"
"211,11","710,540076","907,145038",,"8,41668","0,29211","-0,3051","472,53918","25,93045"
"211,112","701,540076","900,145038",,"8,23644","0,30876","-0,3045","494,53851","27,40875"
"211,114","691,540076","894,145038",,"8,0562","0,32505","-0,30386","515,43332","28,85505"
"211,116","684,540076","887,145038",,"7,89849","0,34101","-0,3032","535,95831","30,27134"
"211,118","674,540076","884,145038",,"7,75204","0,35666","-0,3025","555,91945","31,66064"
"211,12","664,540076","877,145038",,"7,56054","0,37197","-0,30177","573,46341","33,01994"
"211,122","655,540076","873,145038",,"7,41409","0,38695","-0,30101","591,51927","34,34924"
"211,124","645,540076","866,145038",,"7,22258","0,40158","-0,30022","607,06722","35,64853"
"211,126","639,540076","860,145038",,"7,0874","0,41589","-0,29941","623,7087","36,91883"
"211,128","629,540076","855,145038",,"6,91843","0,4299","-0,29856","638,26455","38,16213"
"211,13","621,540076","850,145038",,"6,77198","0,44359","-0,29769","652,82384","39,37743"
"211,132","612,540076","844,145038",,"6,60301","0,45696","-0,29679","665,65314","40,56472"
"211,134","605,540076","837,145038",,"6,44529","0,47001","-0,29586","678,08023","41,72302"
"211,136","597,540076","832,145038",,"6,29885","0,48276","-0,29491","690,19018","42,85432"
"211,138","590,540076","823,145038",,"6,11861","0,49517","-0,29393","700,02044","43,95662"
"211,14","584,540076","818,145038",,"5,99469","0,50729","-0,29293","711,56467","45,03191"
"211,142","579,540076","813,145038",,"5,88204","0,51916","-0,2919","723,03234","46,08621"
"211,144","574,540076","805,145038",,"5,7356","0,53078","-0,29085","732,31189","47,11751"
"211,146","567,540076","802,145038",,"5,62294","0,54214","-0,28978","742,56169","48,12581"
"211,148","564,540076","795,145038",,"5,51029","0,55327","-0,28868","752,27798","49,1141"
"211,15","557,540076","785,145038",,"5,31879","0,5641","-0,28756","757,41238","50,0754"
"211,152","556,540076","781,145038",,"5,26246","0,57468","-0,28643","768,74625","51,0147"
"211,154","553,540076","772,145038",,"5,12728","0,58507","-0,28527","775,62357","51,937"
"211,156","552,540076","767,145038",,"5,05969","0,59526","-0,28409","785,55672","52,84129"
"211,158","549,540076","761,145038",,"4,95831","0,60528","-0,28289","793,32981","53,73059"
"211,16","549,540076","755,145038",,"4,89072","0,61513","-0,28166","802,54801","54,60489"
"211,162","549,540076","745,145038",,"4,77806","0,6248","-0,28042","808,91476","55,46319"
"211,164","548,540076","741,145038",,"4,72174","0,6343","-0,27917","818,04253","56,30649"
"211,166","549,540076","737,145038",,"4,68794","0,64371","-0,27789","828,24694","57,14178"
"211,168","548,540076","730,145038",,"4,59782","0,65299","-0,27659","834,97087","57,96608"
"211,17","549,540076","724,145038",,"4,5415","0,66213","-0,27528","843,34653","58,77738"
"211,172","547,540076","717,145038",,"4,44011","0,67111","-0,27394","848,74626","59,57468"
"211,174","548,540076","710,145038",,"4,37252","0,67993","-0,27259","855,81191","60,35697"
"211,176","548,540076","704,145038",,"4,30493","0,6886","-0,27122","862,60248","61,12727"
"211,178","547,540076","698,145038",,"4,22608","0,69713","-0,26984","868,40921","61,88457"
"211,18","548,540076","692,145038",,"4,16975","0,70553","-0,26843","875,34012","62,62987"
"211,182","549,540076","686,145038",,"4,11343","0,71381","-0,26702","882,04787","63,36516"
"211,184","548,540076","682,145038",,"4,0571","0,72198","-0,26558","888,53415","64,09046"
"211,186","550,540076","677,145038",,"4,02331","0,73006","-0,26413","896,28839","64,80776"
"211,188","548,540076","671,145038",,"3,93318","0,73802","-0,26266","900,15229","65,51406"
"211,19","546,540076","664,145038",,"3,8318","0,74579","-0,26118","902,91106","66,20335"
"211,192","548,540076","662,145038",,"3,8318","0,75345","-0,25968","912,18927","66,88365"
"211,194","543,540076","655,145038",,"3,69662","0,76098","-0,25816","912,17208","67,55195"
"211,196","545,540076","650,145038",,"3,66282","0,76834","-0,25663","918,68872","68,20525"
"211,198","541,540076","646,145038",,"3,5727","0,77557","-0,25509","921,13556","68,84754"
"211,2","540,540076","640,145038",,"3,49385","0,78264","-0,25353","924,04992","69,47484"
"211,202","538,540076","636,145038",,"3,42626","0,78956","-0,25196","927,48303","70,08914"
"211,204","533,540076","632,145038",,"3,32487","0,79631","-0,25037","928,24669","70,68844"
"211,206","533,540076","627,145038",,"3,26855","0,8029","-0,24877","931,91802","71,27373"
"211,208","527,540076","622,145038",,"3,14463","0,80932","-0,24716","930,45921","71,84303"
"211,21","527,540076","617,145038",,"3,0883","0,81555","-0,24554","933,54738","72,39633"
"211,212","524,540076","611,145038",,"2,98692","0,82162","-0,2439","933,10697","72,93563"
"211,214","519,540076","610,145038",,"2,91933","0,82753","-0,24225","934,84943","73,45992"
"211,216","519,540076","604,145038",,"2,85174","0,8333","-0,24059","936,3691","73,97222"
"211,218","514,540076","601,145038",,"2,76162","0,83892","-0,23892","935,96542","74,47052"
"211,22","510,540076","598,145038",,"2,68276","0,84436","-0,23723","936,12912","74,95382"
"211,222","506,540076","593,145038",,"2,58138","0,84962","-0,23554","934,31877","75,42112"
"211,224","502,540076","590,145038",,"2,50252","0,85471","-0,23384","933,92651","75,87241"
"211,226","498,540076","586,145038",,"2,4124","0,85962","-0,23212","932,41999","76,30871"
"211,228","494,540076","583,145038",,"2,33355","0,86437","-0,2304","931,51726","76,73001"
"211,23","484,540076","582,145038",,"2,20963","0,86891","-0,22866","926,85534","77,13331"
"211,232","479,540076","576,145038",,"2,08571","0,87321","-0,22692","921,83184","77,5146"
"211,234","472,540076","574,145038",,"1,98433","0,87728","-0,22517","918,23303","77,8759"
"211,236","461,540076","570,145038",,"1,81535","0,88108","-0,22341","908,99394","78,2132"
"211,238","458,540076","567,145038",,"1,74776","0,88464","-0,22165","907,36211","78,5295"
"211,24","449,540076","564,145038",,"1,61258","0,888","-0,21987","900,15276","78,82779"
"211,242","444,540076","560,145038",,"1,5112","0,89112","-0,2181","895,29917","79,10509"
"211,244","440,540076","557,145038",,"1,43234","0,89407","-0,21631","891,99802","79,36639"
"211,246","431,540076","554,145038",,"1,29716","0,8968","-0,21452","883,95964","79,60869"
"211,248","426,540076","550,145038",,"1,19577","0,89929","-0,21272","878,32327","79,82998"
"211,25","420,540076","546,145038",,"1,08312","0,90157","-0,21092","871,53335","80,03228"
"211,252","418,540076","545,145038",,"1,04933","0,9037","-0,20912","870,88365","80,22158"
"211,254","411,540076","541,145038",,"0,92541","0,90568","-0,20731","862,82424","80,39688"
"211,256","407,540076","537,145038",,"0,83529","0,90744","-0,20549","857,24214","80,55317"
"211,258","401,540076","532,145038",,"0,71138","0,90898","-0,20368","848,70443","80,69047"
"211,26","398,540076","528,145038",,"0,63252","0,91033","-0,20186","843,58691","80,80977"
"211,262","397,540076","525,145038",,"0,58746","0,91155","-0,20004","841,07126","80,91807"
"211,264","393,540076","519,145038",,"0,47481","0,91261","-0,19821","832,9253","81,01236"
"211,266","391,540076","516,145038",,"0,41848","0,9135","-0,19639","829,17308","81,09166"
"211,268","388,540076","509,145038",,"0,30583","0,91423","-0,19456","820,68826","81,15596"
"211,27","385,540076","503,145038",,"0,20445","0,91474","-0,19273","812,91369","81,20126"
"211,272","383,540076","495,145038",,"0,0918","0,91503","-0,1909","804,02662","81,22755"
"211,274","381,540076","490,145038",,"0,01294","0,91514","-0,18907","797,71268","81,23685"
"211,276","377,540076","486,145038",,"-0,07718","0,91507","-0,18724","790,33609","81,23115"
"211,278","376,540076","480,145038",,"-0,15603","0,91484","-0,18541","783,73078","81,21045"
"211,28","376,540076","472,145038",,"-0,24616","0,91444","-0,18358","776,07072","81,17475"
"211,282","372,540076","466,145038",,"-0,35881","0,91383","-0,18175","766,41896","81,12104"
"211,284","372,540076","465,145038",,"-0,37007","0,91311","-0,17993","764,89456","81,05634"
"211,286","374,540076","458,145038",,"-0,4264","0,91231","-0,1781","759,66582","80,98564"
"211,288","373,540076","454,145038",,"-0,48272","0,9114","-0,17628","754,35182","80,90494"
"211,29","372,540076","453,145038",,"-0,50525","0,91041","-0,17445","751,71326","80,81723"
"211,292","373,540076","453,145038",,"-0,49399","0,90941","-0,17263","751,79762","80,72853"
"211,294","371,540076","453,145038",,"-0,51652","0,9084","-0,17082","749,14545","80,63883"
"211,296","371,540076","451,145038",,"-0,53905","0,90735","-0,169","746,46025","80,54513"
"211,298","370,540076","452,145038",,"-0,53905","0,90627","-0,16719","745,57331","80,44942"
"211,3","371,540076","452,145038",,"-0,52778","0,9052","-0,16538","745,60085","80,35472"
"211,302","367,540076","447,145038",,"-0,62917","0,90404","-0,16357","736,51149","80,25202"
"211,304","367,540076","446,145038",,"-0,64043","0,90277","-0,16176","734,57439","80,13932"
"211,306","366,540076","443,145038",,"-0,68549","0,90145","-0,15996","729,88971","80,02161"
"211,308","363,540076","440,145038",,"-0,75308","0,90001","-0,15815","723,32485","79,89391"
"211,31","362,540076","437,145038",,"-0,79814","0,89846","-0,15636","718,48432","79,75621"
"211,312","358,540076","435,145038",,"-0,86573","0,8968","-0,15456","711,77297","79,60851"
"211,314","356,540076","432,145038",,"-0,92206","0,89501","-0,15277","705,87899","79,4498"
"211,316","351,540076","429,145038",,"-1,01218","0,89307","-0,15098","697,2089","79,2781"
"211,318","346,540076","427,145038",,"-1,09104","0,89097","-0,1492","689,33016","79,0914"
"211,32","344,540076","426,145038",,"-1,12483","0,88875","-0,14742","684,94952","78,8947"
"211,322","337,540076","427,145038",,"-1,19242","0,88644","-0,14564","677,84502","78,68899"
"211,324","333,540076","428,145038",,"-1,22622","0,88402","-0,14387","673,34347","78,47429"
"211,326","327,540076","426,145038",,"-1,31634","0,88148","-0,14211","664,35504","78,24859"
"211,328","325,540076","425,145038",,"-1,35013","0,87881","-0,14035","659,70894","78,01189"
"211,33","318,540076","424,145038",,"-1,44025","0,87602","-0,13859","650,60609","77,76418"
"211,332","313,540076","423,145038",,"-1,50784","0,87307","-0,13684","643,17816","77,50248"
"211,334","306,540076","425,145038",,"-1,56417","0,87","-0,1351","636,56506","77,22978"
"211,336","301,540076","422,145038",,"-1,65429","0,86678","-0,13336","627,27592","76,94408"
"211,338","296,540076","419,145038",,"-1,74441","0,86338","-0,13163","617,90928","76,64238"
"211,34","291,540076","420,145038",,"-1,78947","0,85985","-0,12991","611,94075","76,32867"
"211,342","285,540076","417,145038",,"-1,89086","0,85617","-0,12819","601,61601","76,00197"
"211,344","278,540076","415,145038",,"-1,99224","0,85228","-0,12648","591,21686","75,65727"
"211,346","276,540076","414,145038",,"-2,02604","0,84827","-0,12478","585,88464","75,30057"
"211,348","272,540076","409,145038",,"-2,12742","0,84411","-0,12309","575,4189","74,93186"
"211,35","264,540076","406,145038",,"-2,25134","0,83973","-0,12141","563,19689","74,54316"
"211,352","259,540076","404,145038",,"-2,33019","0,83515","-0,11973","554,27806","74,13646"
"211,354","254,540076","401,145038",,"-2,42031","0,8304","-0,11807","544,48201","73,71476"
"211,356","244,540076","396,145038",,"-2,58929","0,82539","-0,11641","528,81641","73,27005"
"211,358","237,540076","396,145038",,"-2,66814","0,82013","-0,11477","519,70711","72,80335"
"211,36","231,540076","394,145038",,"-2,75827","0,81471","-0,11313","509,75081","72,32165"
"211,362","223,540076","390,145038",,"-2,89345","0,80906","-0,11151","496,50594","71,81995"
"211,364","213,540076","388,145038",,"-3,02863","0,80313","-0,10989","483,23403","71,29424"
"211,366","202,540076","386,145038",,"-3,17507","0,79693","-0,10829","469,14126","70,74354"
"211,368","192,540076","382,145038",,"-3,33278","0,79042","-0,10671","454,24426","70,16584"
"211,37","183,540076","377,145038",,"-3,49049","0,7836","-0,10513","439,35263","69,56014"
"211,372","173,540076","372,145038",,"-3,65947","0,77645","-0,10357","423,69701","68,92543"
"211,374","163,540076","366,145038",,"-3,83971","0,76895","-0,10203","407,30161","68,25973"
"211,376","154,540076","361,145038",,"-3,99742","0,76111","-0,1005","392,49481","67,56403"
"211,378","141,540076","355,145038",,"-4,21146","0,7529","-0,09898","373,95643","66,83533"
"211,38","131,540076","350,145038",,"-4,38043","0,74431","-0,09749","358,52427","66,07262"
"211,382","115,540076","345,145038",,"-4,617","0,73532","-0,09601","338,74872","65,27392"
"211,384","108,540076","338,145038",,"-4,77471","0,72592","-0,09455","324,25917","64,44022"
"211,386","93,540076","333,145038",,"-5,00001","0,71615","-0,0931","305,56998","63,57252"
"211,388","82,540076","331,145038",,"-5,14646","0,706","-0,09168","292,0626","62,67181"
"211,39","73,540076","328,145038",,"-5,28164","0,69557","-0,09028","279,40176","61,74611"
"211,392","63,540076","328,145038",,"-5,39429","0,6849","-0,0889","268,26442","60,79841"
"211,394","48,540076","329,145038",,"-5,552","0,67395","-0,08754","254,54159","59,82671"
"211,396","40,540076","332,145038",,"-5,60833","0,66279","-0,0862","247,01254","58,83601"
"211,398","32,540076","340,145038",,"-5,60833","0,65157","-0,08489","242,83226","57,8403"
"211,4","25,540076","352,145038",,"-5,552","0,64041","-0,0836","241,87505","56,8496"
"211,402","17,540076","368,145038",,"-5,46188","0,6294","-0,08233","242,75047","55,8719"
"211,404","10,540076","387,145038",,"-5,3267","0,61861","-0,08108","246,01282","54,9142"
"211,406","7,540076","414,145038",,"-5,05634","0,60823","-0,07985","256,48114","53,99249"
"211,408","6,540076","440,145038",,"-4,77471","0,5984","-0,07865","267,29548","53,11979"
"211,41","2,540076","468,145038",,"-4,50435","0,58912","-0,07746","277,28952","52,29609"
"211,412","1,540076","493,145038",,"-4,23399","0,58038","-0,07629","287,10564","51,52039"
"211,414","0,540076","516,145038",,"-3,98616","0,57216","-0,07514","295,62679","50,79068"
"211,416","1,540076","527,145038",,"-3,85098","0,56432","-0,074","298,34934","50,09498"
"211,418","2,540076","533,145038",,"-3,77212","0,5567","-0,07288","298,21602","49,41828"
"211,42","2,540076","531,145038",,"-3,79465","0,54913","-0,07177","293,06435","48,74658"
"211,422","1,540076","530,145038",,"-3,81718","0,54152","-0,07068","287,91898","48,07087"
"211,424","-1,459924","525,145038",,"-3,9073","0,5338","-0,06961","279,54161","47,38517"
"211,426","-0,459924","526,145038",,"-3,88477","0,52601","-0,06855","276,51303","46,69347"
"211,428","-2,459924","526,145038",,"-3,9073","0,51821","-0,0675","271,38043","46,00177"
"211,43","-3,459924","528,145038",,"-3,89604","0,51041","-0,06647","267,80434","45,30906"
"211,432","-1,459924","536,145038",,"-3,78339","0,50273","-0,06546","268,80237","44,62736"
"211,434","-1,459924","542,145038",,"-3,7158","0,49523","-0,06446","267,76405","43,96166"
"211,436","0,540076","549,145038",,"-3,61441","0,4879","-0,06348","268,19183","43,31096"
"211,438","-0,459924","553,145038",,"-3,58062","0,48071","-0,06251","265,67894","42,67225"
"211,44","2,540076","560,145038",,"-3,46796","0,47366","-0,06156","266,51987","42,04655"
"211,442","-1,459924","567,145038",,"-3,43417","0,46676","-0,06062","264,03641","41,43385"
"211,444","-1,459924","570,145038",,"-3,40037","0,45992","-0,05969","261,54997","40,82715"
"211,446","-2,459924","574,145038",,"-3,36658","0,45315","-0,05878","259,06117","40,22644"
"211,448","-1,459924","584,145038",,"-3,24266","0,44654","-0,05788","260,19475","39,63974"
"211,45","-3,459924","588,145038",,"-3,22013","0,44008","-0,05699","257,30914","39,06604"
"211,452","-2,459924","596,145038",,"-3,11875","0,43374","-0,05612","257,50657","38,50334"
"211,454","0,540076","603,145038",,"-3,0061","0,42762","-0,05526","258,14652","37,95964"
"211,456","-0,459924","613,145038",,"-2,90471","0,42171","-0,05441","258,37362","37,43493"
"211,458","-0,459924","626,145038",,"-2,75827","0,41604","-0,05357","260,31257","36,93223"
"211,46","-1,459924","638,145038",,"-2,63435","0,41065","-0,05274","261,45566","36,45353"
"211,462","-2,459924","655,145038",,"-2,45411","0,40556","-0,05193","264,70492","36,00183"
"211,464","-1,459924","672,145038",,"-2,25134","0,40086","-0,05112","268,84918","35,58412"
"211,466","0,540076","689,145038",,"-2,0373","0,39657","-0,05032","273,50766","35,20342"
"211,468","-0,459924","703,145038",,"-1,89086","0,39264","-0,04953","275,9028","34,85472"
"211,47","-0,459924","719,145038",,"-1,71061","0,38904","-0,04875","279,59673","34,53502"
"211,472","0,540076","731,145038",,"-1,56417","0,38576","-0,04798","282,25813","34,24431"
"211,474","-2,459924","745,145038",,"-1,44025","0,38276","-0,04721","284,2702","33,97761"
"211,476","-1,459924","756,145038",,"-1,30507","0,38001","-0,04644","286,79147","33,73391"
"211,478","-1,459924","768,145038",,"-1,16989","0,37754","-0,04569","289,45413","33,51421"
"211,48","0,540076","776,145038",,"-1,05724","0,37531","-0,04493","291,49975","33,3165"
"211,482","-1,459924","787,145038",,"-0,95585","0,3733","-0,04419","293,2959","33,1378"
"211,484","-0,459924","790,145038",,"-0,91079","0,37143","-0,04344","293,31504","32,9721"
"211,486","-0,459924","794,145038",,"-0,86573","0,36966","-0,0427","293,39076","32,8144"
"211,488","-2,459924","796,145038",,"-0,86573","0,36792","-0,04196","292,01652","32,66069"
"211,49","-0,459924","799,145038",,"-0,80941","0,36625","-0,04123","292,51824","32,51199"
"211,492","0,540076","797,145038",,"-0,82067","0,36462","-0,0405","290,85169","32,36729"
"211,494","0,540076","796,145038",,"-0,83194","0,36297","-0,03977","289,17046","32,22059"
"211,496","-2,459924","795,145038",,"-0,877","0,36126","-0,03905","286,36395","32,06888"
"211,498","-1,459924","792,145038",,"-0,89953","0,35948","-0,03832","284,23675","31,91118"
"211,5","-0,459924","789,145038",,"-0,92206","0,35766","-0,03761","282,08113","31,74948"
"211,502","-0,459924","787,145038",,"-0,94459","0,35579","-0,03689","279,89735","31,58378"
"211,504","-0,459924","782,145038",,"-1,00091","0,35385","-0,03618","276,59761","31,41107"
"211,506","-2,459924","779,145038",,"-1,05724","0,35179","-0,03548","273,22983","31,22837"
"211,508","-3,459924","776,145038",,"-1,1023","0,34963","-0,03478","270,15403","31,03667"
"211,51","-0,459924","770,145038",,"-1,1361","0,34739","-0,03408","267,38228","30,83797"
"211,512","0,540076","765,145038",,"-1,18116","0,34507","-0,03339","264,21842","30,63227"
"211,514","2,540076","761,145038",,"-1,20369","0,34269","-0,0327","261,70701","30,42056"
"211,516","-0,459924","753,145038",,"-1,3276","0,34016","-0,03202","256,03216","30,19586"
"211,518","2,540076","747,145038",,"-1,3614","0,33747","-0,03134","252,99578","29,95716"
"211,52","-1,459924","739,145038",,"-1,49658","0,33461","-0,03067","246,83786","29,70346"
"211,522","-1,459924","731,145038",,"-1,5867","0,33153","-0,03","241,91115","29,42975"
"211,524","-0,459924","721,145038",,"-1,68808","0,32825","-0,02934","236,56731","29,13905"
"211,526","-0,459924","710,145038",,"-1,812","0,32475","-0,02869","230,47257","28,82835"
"211,528","-0,459924","699,145038",,"-1,93592","0,32101","-0,02804","224,28167","28,49565"
"211,53","-0,459924","692,145038",,"-2,01477","0,31705","-0,0274","219,302","28,14494"
"211,532","-2,459924","681,145038",,"-2,16122","0,31288","-0,02677","212,34611","27,77424"
"211,534","-0,459924","671,145038",,"-2,25134","0,30847","-0,02615","206,88364","27,38254"
"211,536","-1,459924","661,145038",,"-2,37525","0,30384","-0,02554","200,43842","26,97184"
"211,538","-0,459924","648,145038",,"-2,51043","0,29895","-0,02494","193,62796","26,53813"
"211,54","0,540076","635,145038",,"-2,64561","0,2938","-0,02435","186,76289","26,08043"
"211,542","-2,459924","626,145038",,"-2,7808","0,28837","-0,02376","179,85295","25,59873"
"211,544","-1,459924","615,145038",,"-2,89345","0,2827","-0,02319","173,48704","25,09503"
"211,546","-0,459924","601,145038",,"-3,03989","0,27676","-0,02263","166,24791","24,56832"
"211,548","-0,459924","593,145038",,"-3,13001","0,27059","-0,02209","160,37699","24,02062"
"211,55","-0,459924","579,145038",,"-3,28772","0,26418","-0,02155","152,87482","23,45092"
"211,552","0,540076","566,145038",,"-3,4229","0,25747","-0,02103","145,9019","22,85522"
"211,554","0,540076","553,145038",,"-3,56935","0,25047","-0,02052","138,68334","22,23451"
"211,556","1,540076","544,145038",,"-3,65947","0,24324","-0,02003","132,73489","21,59281"
"211,558","-0,459924","533,145038",,"-3,80592","0,23578","-0,01955","125,59601","20,93011"
"211,56","-1,459924","525,145038",,"-3,9073","0,22807","-0,01908","119,4347","20,24541"
"211,562","-1,459924","513,145038",,"-4,04248","0,22012","-0,01864","112,63012","19,5397"
"211,564","-0,459924","509,145038",,"-4,07628","0,212","-0,0182","107,83988","18,819"
"211,566","-2,459924","502,145038",,"-4,17766","0,20374","-0,01779","101,80754","18,0863"
"211,568","-3,459924","499,145038",,"-4,22272","0,19534","-0,01739","96,82862","17,3406"
"211,57","-0,459924","495,145038",,"-4,23399","0,18689","-0,01701","92,44986","16,5899"
"211,572","-1,459924","491,145038",,"-4,29031","0,17836","-0,01664","87,34121","15,83319"
"211,574","-2,459924","488,145038",,"-4,33537","0,16974","-0,01629","82,43839","15,06749"
"211,576","-0,459924","484,145038",,"-4,3579","0,16104","-0,01596","77,89411","14,29579"
"211,578","0,540076","484,145038",,"-4,34664","0,15234","-0,01565","73,83619","13,52309"
"211,58","0,540076","485,145038",,"-4,33537","0,14366","-0,01535","69,7718","12,75238"
"211,582","-2,459924","482,145038",,"-4,40297","0,13492","-0,01508","64,71821","11,97668"
"211,584","-1,459924","479,145038",,"-4,4255","0,12609","-0,01481","60,23115","11,19298"
"211,586","-1,459924","475,145038",,"-4,47056","0,11719","-0,01457","55,51286","10,40328"
"211,588","-2,459924","478,145038",,"-4,44803","0,10828","-0,01435","51,50482","9,61157"
"211,59","-0,459924","474,145038",,"-4,47056","0,09936","-0,01414","47,06367","8,81987"
"211,592","-0,459924","472,145038",,"-4,49309","0,09039","-0,01395","42,63694","8,02417"
"211,594","-4,459924","471,145038",,"-4,54941","0,08135","-0,01378","37,96498","7,22147"
"211,596","-0,459924","471,145038",,"-4,50435","0,0723","-0,01362","34,02891","6,41776"
"211,598","-0,459924","472,145038",,"-4,49309","0,0633","-0,01349","29,85725","5,61906"
"211,6","-0,459924","471,145038",,"-4,50435","0,0543","-0,01337","25,55899","4,82036"
"211,602","0,540076","472,145038",,"-4,48182","0,04532","-0,01327","21,41996","4,02266"
"211,604","-1,459924","474,145038",,"-4,48182","0,03635","-0,01319","17,18298","3,22695"
"211,606","-0,459924","473,145038",,"-4,48182","0,02739","-0,01312","12,946","2,43125"
"211,608","-1,459924","474,145038",,"-4,48182","0,01842","-0,01308","8,70902","1,63555"
"211,61","-1,459924","469,145038",,"-4,53815","0,0094","-0,01305","4,3984","0,83485"
"211,612","-0,459924","469,145038",,"-4,52688","0,00034","-0,01304","0,15916","0,03014"
"211,614","-1,459924","470,145038",,"-4,52688","-0,00871","-0,01305","4,08421","-0,77356"
"211,616","0,540076","468,145038",,"-4,52688","-0,01777","-0,01308","8,32757","-1,57726"
"211,618","0,540076","466,145038",,"-4,54941","-0,02684","-0,01312","12,5278","-2,38296"
"211,62","-0,459924","469,145038",,"-4,52688","-0,03592","-0,01318","16,83542","-3,18867"
"211,622","-1,459924","466,145038",,"-4,57194","-0,04502","-0,01326","20,91982","-3,99637"
"211,624","0,540076","465,145038",,"-4,56068","-0,05415","-0,01336","25,21776","-4,80707"
"211,626","-1,459924","466,145038",,"-4,57194","-0,06328","-0,01348","29,4074","-5,61777"
"211,628","-2,459924","466,145038",,"-4,58321","-0,07244","-0,01362","33,58922","-6,43047"
"211,63","-1,459924","467,145038",,"-4,56068","-0,08158","-0,01377","37,99227","-7,24218"
"211,632","-2,459924","467,145038",,"-4,57194","-0,09072","-0,01394","42,15448","-8,05288"
"211,634","0,540076","470,145038",,"-4,50435","-0,09979","-0,01413","46,97085","-8,85858"
"211,636","-1,459924","473,145038",,"-4,49309","-0,10879","-0,01434","51,3146","-9,65728"
"211,638","-1,459924","479,145038",,"-4,4255","-0,11771","-0,01457","56,22762","-10,44899"
"211,64","-0,459924","485,145038",,"-4,34664","-0,12648","-0,01481","61,3033","-11,22769"
"211,642","-1,459924","491,145038",,"-4,29031","-0,13512","-0,01507","66,16509","-11,99439"
"211,644","-0,459924","501,145038",,"-4,1664","-0,14357","-0,01535","71,88553","-12,74509"
"211,646","-2,459924","511,145038",,"-4,07628","-0,15182","-0,01565","77,22706","-13,4768"
"211,648","-0,459924","515,145038",,"-4,00869","-0,1599","-0,01596","82,29917","-14,1945"
"211,65","-1,459924","524,145038",,"-3,91857","-0,16783","-0,01629","87,72184","-14,8982"
"211,652","1,540076","533,145038",,"-3,78339","-0,17553","-0,01663","93,85391","-15,5819"
"211,654","0,540076","540,145038",,"-3,7158","-0,18303","-0,01699","98,9618","-16,24761"
"211,656","-2,459924","544,145038",,"-3,70453","-0,19045","-0,01736","103,16431","-16,90631"
"211,658","-0,459924","553,145038",,"-3,58062","-0,19774","-0,01775","109,28566","-17,55301"
"211,66","-0,459924","561,145038",,"-3,49049","-0,20481","-0,01815","114,83221","-18,18071"
"211,662","-2,459924","567,145038",,"-3,44543","-0,21174","-0,01857","119,56805","-18,79642"
"211,664","-1,459924","573,145038",,"-3,36658","-0,21855","-0,019","124,94458","-19,40112"
"211,666","-1,459924","581,145038",,"-3,27646","-0,2252","-0,01944","130,54389","-19,99082"
"211,668","-0,459924","589,145038",,"-3,17507","-0,23165","-0,0199","136,36859","-20,56352"
"211,67","-3,459924","597,145038",,"-3,11875","-0,23794","-0,02037","141,26339","-21,12223"
"211,672","-0,459924","605,145038",,"-2,99483","-0,24406","-0,02085","147,57755","-21,66493"
"211,674","1,540076","613,145038",,"-2,88218","-0,24993","-0,02135","153,63063","-22,18663"
"211,676","0,540076","620,145038",,"-2,81459","-0,25563","-0,02185","158,66614","-22,69233"
"211,678","0,540076","626,145038",,"-2,747","-0,26119","-0,02237","163,68529","-23,18603"
"211,68","-0,459924","635,145038",,"-2,65688","-0,2666","-0,0229","169,20459","-23,66574"
"211,682","-0,459924","637,145038",,"-2,63435","-0,27189","-0,02344","173,10663","-24,13544"
"211,684","0,540076","644,145038",,"-2,54423","-0,27707","-0,02398","178,62028","-24,59514"
"211,686","-1,459924","648,145038",,"-2,5217","-0,28213","-0,02454","182,45047","-25,04484"
"211,688","0,540076","651,145038",,"-2,46537","-0,28712","-0,02511","187,11113","-25,48755"
"211,69","0,540076","654,145038",,"-2,43158","-0,29202","-0,02569","191,17845","-25,92225"
"211,692","-1,459924","655,145038",,"-2,44284","-0,29689","-0,02628","194,07277","-26,35495"
"211,694","-1,459924","657,145038",,"-2,42031","-0,30175","-0,02688","197,85525","-26,78665"
"211,696","-0,459924","660,145038",,"-2,37525","-0,30655","-0,02749","202,22583","-27,21236"
"211,698","0,540076","657,145038",,"-2,39778","-0,31132","-0,02811","204,75188","-27,63606"
"211,7","-0,459924","656,145038",,"-2,42031","-0,31614","-0,02873","207,28839","-28,06376"
"211,702","-0,459924","654,145038",,"-2,44284","-0,321","-0,02937","209,83509","-28,49546"
"211,704","-2,459924","650,145038",,"-2,51043","-0,32596","-0,03002","211,11723","-28,93517"
"211,706","-0,459924","647,145038",,"-2,5217","-0,33099","-0,03067","214,04548","-29,38187"
"211,708","-1,459924","642,145038",,"-2,58929","-0,3361","-0,03134","215,33408","-29,83557"
"211,71","0,540076","632,145038",,"-2,67941","-0,34137","-0,03202","215,97871","-30,30327"
"211,712","-0,459924","623,145038",,"-2,79206","-0,34684","-0,03271","215,97203","-30,78898"
"211,714","-0,459924","610,145038",,"-2,93851","-0,35257","-0,03341","214,95695","-31,29768"
"211,716","-1,459924","601,145038",,"-3,05116","-0,35856","-0,03412","215,02316","-31,82938"
"211,718","-2,459924","587,145038",,"-3,22013","-0,36483","-0,03484","213,31149","-32,38608"
"211,72","-0,459924","574,145038",,"-3,34405","-0,3714","-0,03558","213,06412","-32,96879"
"211,722","-2,459924","563,145038",,"-3,49049","-0,37823","-0,03633","212,068","-33,57549"
"211,724","-2,459924","550,145038",,"-3,63694","-0,38536","-0,03709","211,0546","-34,20819"
"211,726","1,540076","539,145038",,"-3,7158","-0,39271","-0,03787","212,33261","-34,86089"
"211,728","1,540076","529,145038",,"-3,82845","-0,40025","-0,03866","212,40913","-35,5306"
"211,73","0,540076","521,145038",,"-3,92983","-0,40801","-0,03947","212,85421","-36,2193"
"211,732","-0,459924","512,145038",,"-4,04248","-0,41599","-0,04029","212,8534","-36,927"
"211,734","-0,459924","508,145038",,"-4,08754","-0,42412","-0,04113","215,31695","-37,6487"
"211,736","-0,459924","499,145038",,"-4,18893","-0,43239","-0,04199","215,62727","-38,3834"
"211,738","-3,459924","493,145038",,"-4,29031","-0,44087","-0,04286","215,8879","-39,13611"
"211,74","-2,459924","485,145038",,"-4,36917","-0,44953","-0,04375","216,98161","-39,90481"
"211,742","-2,459924","484,145038",,"-4,38043","-0,45828","-0,04466","220,74664","-40,68151"
"211,744","-3,459924","483,145038",,"-4,40297","-0,46706","-0,04559","224,04334","-41,46121"
"211,746","-2,459924","481,145038",,"-4,41423","-0,47588","-0,04653","227,79694","-42,24392"
"211,748","0,540076","480,145038",,"-4,3917","-0,48469","-0,04749","232,98158","-43,02562"
"211,75","-2,459924","482,145038",,"-4,40297","-0,49348","-0,04847","236,71556","-43,80632"
"211,752","-1,459924","486,145038",,"-4,34664","-0,50223","-0,04946","243,42377","-44,58302"
"211,754","-0,459924","487,145038",,"-4,32411","-0,5109","-0,05048","248,64816","-45,35273"
"211,756","-0,459924","489,145038",,"-4,30158","-0,51953","-0,05151","253,88521","-46,11843"
"211,758","-1,459924","494,145038",,"-4,25652","-0,52809","-0,05256","260,17976","-46,87813"
"211,76","-2,459924","494,145038",,"-4,26778","-0,53661","-0,05362","263,84295","-47,63483"
"211,762","-2,459924","496,145038",,"-4,24525","-0,54512","-0,0547","269,11893","-48,39054"
"211,764","0,540076","496,145038",,"-4,21146","-0,55358","-0,0558","274,95462","-49,14124"
"211,766","-1,459924","495,145038",,"-4,24525","-0,56204","-0,05692","277,46884","-49,89194"
"211,768","1,540076","498,145038",,"-4,17766","-0,57046","-0,05805","285,04986","-50,63964"
"211,77","-0,459924","500,145038",,"-4,17766","-0,57881","-0,0592","289,22489","-51,38135"
"211,772","2,540076","503,145038",,"-4,11007","-0,5871","-0,06036","296,88876","-52,11705"
"211,774","-1,459924","500,145038",,"-4,18893","-0,5954","-0,06155","296,91764","-52,85375"
"211,776","0,540076","499,145038",,"-4,17766","-0,60377","-0,06275","301,6937","-53,59645"
"211,778","-1,459924","494,145038",,"-4,25652","-0,6122","-0,06396","301,62272","-54,34516"
"211,78","-0,459924","490,145038",,"-4,29031","-0,62075","-0,06519","303,97138","-55,10386"
"211,782","0,540076","487,145038",,"-4,31284","-0,62935","-0,06644","306,92551","-55,86756"
"211,784","-0,459924","482,145038",,"-4,38043","-0,63805","-0,06771","307,33682","-56,63926"
"211,786","-3,459924","475,145038",,"-4,49309","-0,64692","-0,069","305,14188","-57,42697"
"211,788","-1,459924","468,145038",,"-4,54941","-0,65596","-0,0703","306,12729","-58,22967"
"211,79","0,540076","460,145038",,"-4,617","-0,66513","-0,07162","306,41435","-59,04337"
"211,792","-0,459924","452,145038",,"-4,71839","-0,67446","-0,07296","304,64486","-59,87207"
"211,794","0,540076","441,145038",,"-4,83104","-0,68401","-0,07432","302,11807","-60,71977"
"211,796","-2,459924","431,145038",,"-4,97748","-0,69382","-0,0757","297,43067","-61,59048"
"211,798","-0,459924","426,145038",,"-5,01128","-0,70381","-0,07709","299,60128","-62,47718"
"211,8","-0,459924","415,145038",,"-5,13519","-0,71396","-0,07851","296,06696","-63,37788"
"211,802","-2,459924","405,145038",,"-5,27038","-0,72436","-0,07995","291,68966","-64,30158"
