ForceDecks Raw Data Export,1.0
Weight,"90,34"
Frequency,1000
Recording Date,2025-11-10T11:11:26
Recording Info,ForceDecks.iOS;2.3.0
Data Source,"ForceDecks;FDL2-220804-FW2R6-HW3R6,6126,FDL2-FW2R6-HW3R6,6125 (Post-analysis Trial 1)"
Analysis Date,2025-11-10T11:11:45
AthleteId,54beb9bc-3055-4eb8-9c30-886be73894a6

Time,Left,Right,,Acceleration,Velocity,Height,Power,Impulse
"14,209","0,238458","892,757258",,0,0,0,0,0
"14,21","-0,761542","892,757258",,0,0,0,0,0
"14,211","1,238458","893,757258",,0,0,0,0,0
"14,212","-0,761542","892,757258",,0,0,0,0,0
"14,213","-0,761542","892,757258",,0,0,0,0,0
"14,214","0,238458","891,757258",,0,0,0,0,0
"14,215","0,238458","889,757258",,0,0,0,0,0
"14,216","0,238458","892,757258",,0,0,0,0,0
"14,217","1,238458","891,757258",,0,0,0,0,0
"14,218","0,238458","890,757258",,0,0,0,0,0
"14,219","-0,761542","890,757258",,0,0,0,0,0
"14,22","-0,761542","892,757258",,0,0,0,0,0
"14,221","-0,761542","890,757258",,0,0,0,0,0
"14,222","-1,761542","891,757258",,0,0,0,0,0
"14,223","1,238458","893,757258",,0,0,0,0,0
"14,224","1,238458","888,757258",,0,0,0,0,0
"14,225","1,238458","889,757258",,0,0,0,0,0
"14,226","-0,761542","888,757258",,0,0,0,0,0
"14,227","0,238458","892,757258",,0,0,0,0,0
"14,228","-0,761542","891,757258",,0,0,0,0,0
"14,229","1,238458","890,757258",,0,0,0,0,0
"14,23","0,238458","889,757258",,0,0,0,0,0
"14,231","0,238458","889,757258",,0,0,0,0,0
"14,232","-0,761542","891,757258",,0,0,0,0,0
"14,233","-0,761542","890,757258",,0,0,0,0,0
"14,234","1,238458","893,757258",,0,0,0,0,0
"14,235","-0,761542","892,757258",,0,0,0,0,0
"14,236","-1,761542","892,757258",,0,0,0,0,0
"14,237","0,238458","892,757258",,0,0,0,0,0
"14,238","-0,761542","893,757258",,0,0,0,0,0
"14,239","0,238458","893,757258",,0,0,0,0,0
"14,24","1,238458","893,757258",,0,0,0,0,0
"14,241","-0,761542","894,757258",,0,0,0,0,0
"14,242","0,238458","894,757258",,0,0,0,0,0
"14,243","0,238458","895,757258",,0,0,0,0,0
"14,244","-0,761542","895,757258",,0,0,0,0,0
"14,245","1,238458","895,757258",,0,0,0,0,0
"14,246","0,238458","897,757258",,0,0,0,0,0
"14,247","1,238458","895,757258",,0,0,0,0,0
"14,248","-0,761542","894,757258",,0,0,0,0,0
"14,249","-0,761542","898,757258",,0,0,0,0,0
"14,25","-0,761542","898,757258",,0,0,0,0,0
"14,251","-0,761542","897,757258",,0,0,0,0,0
"14,252","0,238458","897,757258",,0,0,0,0,0
"14,253","0,238458","897,757258",,0,0,0,0,0
"14,254","0,238458","897,757258",,0,0,0,0,0
"14,255","1,238458","898,757258",,0,0,0,0,0
"14,256","-1,761542","897,757258",,0,0,0,0,0
"14,257","1,238458","898,757258",,0,0,0,0,0
"14,258","1,238458","898,757258",,0,0,0,0,0
"14,259","0,238458","899,757258",,0,0,0,0,0
"14,26","0,238458","897,757258",,0,0,0,0,0
"14,261","2,238458","899,757258",,0,0,0,0,0
"14,262","3,238458","900,757258",,0,0,0,0,0
"14,263","-0,761542","897,757258",,0,0,0,0,0
"14,264","-0,761542","899,757258",,0,0,0,0,0
"14,265","-0,761542","900,757258",,0,0,0,0,0
"14,266","1,238458","901,757258",,0,0,0,0,0
"14,267","-0,761542","903,757258",,0,0,0,0,0
"14,268","-0,761542","902,757258",,0,0,0,0,0
"14,269","0,238458","901,757258",,0,0,0,0,0
"14,27","-0,761542","903,757258",,0,0,0,0,0
"14,271","-0,761542","902,757258",,0,0,0,0,0
"14,272","0,238458","902,757258",,0,0,0,0,0
"14,273","-0,761542","901,757258",,0,0,0,0,0
"14,274","-0,761542","901,757258",,0,0,0,0,0
"14,275","-1,761542","901,757258",,0,0,0,0,0
"14,276","-0,761542","901,757258",,0,0,0,0,0
"14,277","-1,761542","902,757258",,0,0,0,0,0
"14,278","-0,761542","902,757258",,0,0,0,0,0
"14,279","0,238458","902,757258",,0,0,0,0,0
"14,28","1,238458","902,757258",,0,0,0,0,0
"14,281","-0,761542","900,757258",,0,0,0,0,0
"14,282","-0,761542","901,757258",,0,0,0,0,0
"14,283","1,238458","899,757258",,0,0,0,0,0
"14,284","-0,761542","902,757258",,0,0,0,0,0
"14,285","1,238458","900,757258",,0,0,0,0,0
"14,286","-0,761542","898,757258",,0,0,0,0,0
"14,287","2,238458","898,757258",,0,0,0,0,0
"14,288","0,238458","899,757258",,0,0,0,0,0
"14,289","0,238458","897,757258",,0,0,0,0,0
"14,29","0,238458","897,757258",,0,0,0,0,0
"14,291","0,238458","895,757258",,0,0,0,0,0
"14,292","1,238458","894,757258",,0,0,0,0,0
"14,293","-0,761542","896,757258",,0,0,0,0,0
"14,294","0,238458","894,757258",,0,0,0,0,0
"14,295","-0,761542","895,757258",,0,0,0,0,0
"14,296","-0,761542","892,757258",,0,0,0,0,0
"14,297","0,238458","888,757258",,0,0,0,0,0
"14,298","-0,761542","891,757258",,0,0,0,0,0
"14,299","0,238458","886,757258",,0,0,0,0,0
"14,3","0,238458","888,757258",,0,0,0,0,0
"14,301","-0,761542","888,757258",,0,0,0,0,0
"14,302","-0,761542","885,757258",,0,0,0,0,0
"14,303","-0,761542","885,757258",,0,0,0,0,0
"14,304","-0,761542","885,757258",,0,0,0,0,0
"14,305","0,238458","882,757258",,0,0,0,0,0
"14,306","1,238458","881,757258",,0,0,0,0,0
"14,307","0,238458","880,757258",,0,0,0,0,0
"14,308","1,238458","881,757258",,0,0,0,0,0
"14,309","0,238458","880,757258",,0,0,0,0,0
"14,31","-1,761542","876,757258",,0,0,0,0,0
"14,311","-0,761542","877,757258",,0,0,0,0,0
"14,312","0,238458","875,757258",,0,0,0,0,0
"14,313","2,238458","877,757258",,0,0,0,0,0
"14,314","-0,761542","876,757258",,0,0,0,0,0
"14,315","-0,761542","875,757258",,0,0,0,0,0
"14,316","-0,761542","872,757258",,0,0,0,0,0
"14,317","0,238458","873,757258",,0,0,0,0,0
"14,318","1,238458","872,757258",,0,0,0,0,0
"14,319","0,238458","873,757258",,0,0,0,0,0
"14,32","0,238458","872,757258",,0,0,0,0,0
"14,321","1,238458","869,757258",,0,0,0,0,0
"14,322","-0,761542","871,757258",,0,0,0,0,0
"14,323","-1,761542","869,757258",,0,0,0,0,0
"14,324","-1,761542","867,757258",,0,0,0,0,0
"14,325","0,238458","867,757258",,0,0,0,0,0
"14,326","-0,761542","869,757258",,0,0,0,0,0
"14,327","-0,761542","869,757258",,0,0,0,0,0
"14,328","0,238458","871,757258",,0,0,0,0,0
"14,329","-0,761542","868,757258",,0,0,0,0,0
"14,33","-0,761542","869,757258",,0,0,0,0,0
"14,331","1,238458","868,757258",,0,0,0,0,0
"14,332","-0,761542","868,757258",,0,0,0,0,0
"14,333","-0,761542","866,757258",,0,0,0,0,0
"14,334","0,238458","865,757258",,0,0,0,0,0
"14,335","1,238458","867,757258",,0,0,0,0,0
"14,336","-0,761542","866,757258",,0,0,0,0,0
"14,337","1,238458","867,757258",,0,0,0,0,0
"14,338","0,238458","866,757258",,0,0,0,0,0
"14,339","1,238458","865,757258",,0,0,0,0,0
"14,34","0,238458","867,757258",,0,0,0,0,0
"14,341","1,238458","865,757258",,0,0,0,0,0
"14,342","1,238458","867,757258",,0,0,0,0,0
"14,343","1,238458","867,757258",,0,0,0,0,0
"14,344","2,238458","866,757258",,0,0,0,0,0
"14,345","0,238458","866,757258",,0,0,0,0,0
"14,346","-0,761542","864,757258",,0,0,0,0,0
"14,347","-0,761542","865,757258",,0,0,0,0,0
"14,348","-0,761542","866,757258",,0,0,0,0,0
"14,349","-0,761542","865,757258",,0,0,0,0,0
"14,35","1,238458","866,757258",,0,0,0,0,0
"14,351","0,238458","865,757258",,0,0,0,0,0
"14,352","0,238458","866,757258",,0,0,0,0,0
"14,353","1,238458","867,757258",,0,0,0,0,0
"14,354","0,238458","866,757258",,0,0,0,0,0
"14,355","0,238458","866,757258",,0,0,0,0,0
"14,356","-1,761542","867,757258",,0,0,0,0,0
"14,357","-0,761542","867,757258",,0,0,0,0,0
"14,358","-0,761542","866,757258",,0,0,0,0,0
"14,359","-0,761542","864,757258",,0,0,0,0,0
"14,36","1,238458","866,757258",,0,0,0,0,0
"14,361","-0,761542","866,757258",,0,0,0,0,0
"14,362","-0,761542","868,757258",,0,0,0,0,0
"14,363","-0,761542","869,757258",,0,0,0,0,0
"14,364","-0,761542","868,757258",,0,0,0,0,0
"14,365","1,238458","867,757258",,0,0,0,0,0
"14,366","0,238458","870,757258",,0,0,0,0,0
"14,367","-1,761542","869,757258",,0,0,0,0,0
"14,368","2,238458","871,757258",,0,0,0,0,0
"14,369","-0,761542","871,757258",,0,0,0,0,0
"14,37","1,238458","870,757258",,0,0,0,0,0
"14,371","0,238458","872,757258",,0,0,0,0,0
"14,372","0,238458","872,757258",,0,0,0,0,0
"14,373","0,238458","872,757258",,0,0,0,0,0
"14,374","0,238458","874,757258",,0,0,0,0,0
"14,375","0,238458","875,757258",,0,0,0,0,0
"14,376","-0,761542","876,757258",,0,0,0,0,0
"14,377","1,238458","876,757258",,0,0,0,0,0
"14,378","0,238458","876,757258",,0,0,0,0,0
"14,379","-0,761542","878,757258",,0,0,0,0,0
"14,38","1,238458","880,757258",,0,0,0,0,0
"14,381","-1,761542","879,757258",,0,0,0,0,0
"14,382","-1,761542","879,757258",,0,0,0,0,0
"14,383","-0,761542","877,757258",,0,0,0,0,0
"14,384","0,238458","881,757258",,0,0,0,0,0
"14,385","-0,761542","880,757258",,0,0,0,0,0
"14,386","-0,761542","880,757258",,0,0,0,0,0
"14,387","-0,761542","882,757258",,0,0,0,0,0
"14,388","-2,761542","879,757258",,0,0,0,0,0
"14,389","-0,761542","883,757258",,0,0,0,0,0
"14,39","0,238458","886,757258",,0,0,0,0,0
"14,391","1,238458","884,757258",,0,0,0,0,0
"14,392","-0,761542","884,757258",,0,0,0,0,0
"14,393","-0,761542","884,757258",,0,0,0,0,0
"14,394","0,238458","885,757258",,0,0,0,0,0
"14,395","0,238458","883,757258",,0,0,0,0,0
"14,396","-0,761542","887,757258",,0,0,0,0,0
"14,397","-0,761542","886,757258",,0,0,0,0,0
"14,398","-0,761542","887,757258",,0,0,0,0,0
"14,399","0,238458","886,757258",,0,0,0,0,0
"14,4","-0,761542","890,757258",,0,0,0,0,0
"14,401","-0,761542","888,757258",,0,0,0,0,0
"14,402","-0,761542","888,757258",,0,0,0,0,0
"14,403","-0,761542","891,757258",,0,0,0,0,0
"14,404","0,238458","888,757258",,0,0,0,0,0
"14,405","-0,761542","890,757258",,0,0,0,0,0
"14,406","0,238458","890,757258",,0,0,0,0,0
"14,407","-0,761542","891,757258",,0,0,0,0,0
"14,408","0,238458","892,757258",,0,0,0,0,0
"14,409","0,238458","890,757258",,0,0,0,0,0
"14,41","1,238458","891,757258",,0,0,0,0,0
"14,411","0,238458","891,757258",,0,0,0,0,0
"14,412","-1,761542","893,757258",,0,0,0,0,0
"14,413","-0,761542","891,757258",,0,0,0,0,0
"14,414","-0,761542","891,757258",,0,0,0,0,0
"14,415","0,238458","893,757258",,0,0,0,0,0
"14,416","-0,761542","894,757258",,0,0,0,0,0
"14,417","0,238458","891,757258",,0,0,0,0,0
"14,418","0,238458","893,757258",,0,0,0,0,0
"14,419","1,238458","893,757258",,0,0,0,0,0
"14,42","1,238458","894,757258",,0,0,0,0,0
"14,421","-0,761542","894,757258",,0,0,0,0,0
"14,422","-0,761542","891,757258",,0,0,0,0,0
"14,423","-0,761542","895,757258",,0,0,0,0,0
"14,424","-0,761542","893,757258",,0,0,0,0,0
"14,425","2,238458","894,757258",,0,0,0,0,0
"14,426","1,238458","892,757258",,0,0,0,0,0
"14,427","2,238458","892,757258",,0,0,0,0,0
"14,428","0,238458","895,757258",,0,0,0,0,0
"14,429","-0,761542","893,757258",,0,0,0,0,0
"14,43","-0,761542","894,757258",,0,0,0,0,0
"14,431","-0,761542","891,757258",,0,0,0,0,0
"14,432","-0,761542","894,757258",,0,0,0,0,0
"14,433","-0,761542","892,757258",,0,0,0,0,0
"14,434","0,238458","892,757258",,0,0,0,0,0
"14,435","-0,761542","893,757258",,0,0,0,0,0
"14,436","-0,761542","894,757258",,0,0,0,0,0
"14,437","0,238458","893,757258",,0,0,0,0,0
"14,438","-0,761542","892,757258",,0,0,0,0,0
"14,439","-0,761542","894,757258",,0,0,0,0,0
"14,44","-0,761542","890,757258",,0,0,0,0,0
"14,441","-0,761542","893,757258",,0,0,0,0,0
"14,442","0,238458","891,757258",,0,0,0,0,0
"14,443","0,238458","891,757258",,0,0,0,0,0
"14,444","-0,761542","891,757258",,0,0,0,0,0
"14,445","-0,761542","889,757258",,0,0,0,0,0
"14,446","0,238458","888,757258",,0,0,0,0,0
"14,447","-0,761542","888,757258",,0,0,0,0,0
"14,448","-0,761542","889,757258",,0,0,0,0,0
"14,449","-0,761542","889,757258",,0,0,0,0,0
"14,45","-0,761542","888,757258",,0,0,0,0,0
"14,451","0,238458","886,757258",,0,0,0,0,0
"14,452","0,238458","887,757258",,0,0,0,0,0
"14,453","-0,761542","887,757258",,0,0,0,0,0
"14,454","-0,761542","886,757258",,0,0,0,0,0
"14,455","-0,761542","886,757258",,0,0,0,0,0
"14,456","1,238458","883,757258",,0,0,0,0,0
"14,457","0,238458","883,757258",,0,0,0,0,0
"14,458","1,238458","880,757258",,0,0,0,0,0
"14,459","-0,761542","885,757258",,0,0,0,0,0
"14,46","0,238458","881,757258",,0,0,0,0,0
"14,461","-0,761542","881,757258",,0,0,0,0,0
"14,462","-0,761542","882,757258",,0,0,0,0,0
"14,463","-0,761542","880,757258",,0,0,0,0,0
"14,464","-0,761542","879,757258",,0,0,0,0,0
"14,465","0,238458","879,757258",,0,0,0,0,0
"14,466","0,238458","879,757258",,0,0,0,0,0
"14,467","-0,761542","876,757258",,0,0,0,0,0
"14,468","-0,761542","875,757258",,0,0,0,0,0
"14,469","-0,761542","877,757258",,0,0,0,0,0
"14,47","0,238458","877,757258",,0,0,0,0,0
"14,471","-0,761542","875,757258",,0,0,0,0,0
"14,472","0,238458","873,757258",,0,0,0,0,0
"14,473","0,238458","873,757258",,0,0,0,0,0
"14,474","0,238458","873,757258",,0,0,0,0,0
"14,475","-0,761542","873,757258",,0,0,0,0,0
"14,476","0,238458","871,757258",,0,0,0,0,0
"14,477","-2,761542","872,757258",,0,0,0,0,0
"14,478","0,238458","869,757258",,0,0,0,0,0
"14,479","1,238458","869,757258",,0,0,0,0,0
"14,48","-0,761542","870,757258",,0,0,0,0,0
"14,481","0,238458","871,757258",,0,0,0,0,0
"14,482","-0,761542","868,757258",,0,0,0,0,0
"14,483","1,238458","870,757258",,0,0,0,0,0
"14,484","-0,761542","870,757258",,0,0,0,0,0
"14,485","0,238458","867,757258",,0,0,0,0,0
"14,486","3,238458","867,757258",,0,0,0,0,0
"14,487","-0,761542","867,757258",,0,0,0,0,0
"14,488","1,238458","868,757258",,0,0,0,0,0
"14,489","-0,761542","866,757258",,0,0,0,0,0
"14,49","-0,761542","864,757258",,0,0,0,0,0
"14,491","0,238458","863,757258",,0,0,0,0,0
"14,492","-0,761542","864,757258",,0,0,0,0,0
"14,493","-0,761542","863,757258",,0,0,0,0,0
"14,494","-0,761542","864,757258",,0,0,0,0,0
"14,495","-0,761542","863,757258",,0,0,0,0,0
"14,496","3,238458","863,757258",,0,0,0,0,0
"14,497","-0,761542","860,757258",,0,0,0,0,0
"14,498","-0,761542","860,757258",,0,0,0,0,0
"14,499","0,238458","862,757258",,0,0,0,0,0
"14,5","-0,761542","861,757258",,0,0,0,0,0
"14,501","-0,761542","860,757258",,0,0,0,0,0
"14,502","1,238458","859,757258",,0,0,0,0,0
"14,503","2,238458","861,757258",,0,0,0,0,0
"14,504","-0,761542","859,757258",,0,0,0,0,0
"14,505","-0,761542","859,757258",,0,0,0,0,0
"14,506","0,238458","857,757258",,0,0,0,0,0
"14,507","0,238458","855,757258",,0,0,0,0,0
"14,508","1,238458","858,757258",,0,0,0,0,0
"14,509","0,238458","855,757258",,0,0,0,0,0
"14,51","2,238458","858,757258",,0,0,0,0,0
"14,511","-0,761542","853,757258",,0,0,0,0,0
"14,512","-0,761542","854,757258",,0,0,0,0,0
"14,513","0,238458","854,757258",,0,0,0,0,0
"14,514","-0,761542","854,757258",,0,0,0,0,0
"14,515","-0,761542","854,757258",,0,0,0,0,0
"14,516","0,238458","855,757258",,0,0,0,0,0
"14,517","0,238458","859,757258",,0,0,0,0,0
"14,518","-0,761542","856,757258",,0,0,0,0,0
"14,519","2,238458","858,757258",,0,0,0,0,0
"14,52","0,238458","859,757258",,0,0,0,0,0
"14,521","-0,761542","859,757258",,0,0,0,0,0
"14,522","-0,761542","861,757258",,0,0,0,0,0
"14,523","0,238458","863,757258",,0,0,0,0,0
"14,524","1,238458","864,757258",,0,0,0,0,0
"14,525","0,238458","864,757258",,0,0,0,0,0
"14,526","-0,761542","868,757258",,0,0,0,0,0
"14,527","-0,761542","868,757258",,0,0,0,0,0
"14,528","-0,761542","871,757258",,0,0,0,0,0
"14,529","1,238458","873,757258",,0,0,0,0,0
"14,53","0,238458","875,757258",,0,0,0,0,0
"14,531","1,238458","878,757258",,0,0,0,0,0
"14,532","-0,761542","878,757258",,0,0,0,0,0
"14,533","1,238458","881,757258",,0,0,0,0,0
"14,534","0,238458","881,757258",,0,0,0,0,0
"14,535","1,238458","884,757258",,0,0,0,0,0
"14,536","0,238458","884,757258",,0,0,0,0,0
"14,537","1,238458","886,757258",,0,0,0,0,0
"14,538","0,238458","889,757258",,0,0,0,0,0
"14,539","1,238458","890,757258",,0,0,0,0,0
"14,54","0,238458","891,757258",,0,0,0,0,0
"14,541","1,238458","893,757258",,0,0,0,0,0
"14,542","1,238458","895,757258",,0,0,0,0,0
"14,543","1,238458","897,757258",,0,0,0,0,0
"14,544","0,238458","900,757258",,0,0,0,0,0
"14,545","-0,761542","901,757258",,0,0,0,0,0
"14,546","-0,761542","902,757258",,0,0,0,0,0
"14,547","0,238458","903,757258",,0,0,0,0,0
"14,548","0,238458","906,757258",,0,0,0,0,0
"14,549","-0,761542","904,757258",,0,0,0,0,0
"14,55","-0,761542","907,757258",,0,0,0,0,0
"14,551","0,238458","909,757258",,0,0,0,0,0
"14,552","2,238458","911,757258",,0,0,0,0,0
"14,553","-0,761542","909,757258",,0,0,0,0,0
"14,554","-0,761542","913,757258",,0,0,0,0,0
"14,555","1,238458","913,757258",,0,0,0,0,0
"14,556","1,238458","910,757258",,0,0,0,0,0
"14,557","-0,761542","910,757258",,0,0,0,0,0
"14,558","-0,761542","912,757258",,0,0,0,0,0
"14,559","-0,761542","914,757258",,0,0,0,0,0
"14,56","-1,761542","914,757258",,0,0,0,0,0
"14,561","-0,761542","915,757258",,0,0,0,0,0
"14,562","1,238458","914,757258",,0,0,0,0,0
"14,563","-0,761542","917,757258",,0,0,0,0,0
"14,564","0,238458","915,757258",,0,0,0,0,0
"14,565","-0,761542","917,757258",,0,0,0,0,0
"14,566","1,238458","915,757258",,0,0,0,0,0
"14,567","0,238458","915,757258",,0,0,0,0,0
"14,568","1,238458","916,757258",,0,0,0,0,0
"14,569","1,238458","916,757258",,0,0,0,0,0
"14,57","-0,761542","915,757258",,0,0,0,0,0
"14,571","-0,761542","915,757258",,0,0,0,0,0
"14,572","-0,761542","915,757258",,0,0,0,0,0
"14,573","2,238458","915,757258",,0,0,0,0,0
"14,574","-0,761542","917,757258",,0,0,0,0,0
"14,575","0,238458","915,757258",,0,0,0,0,0
"14,576","0,238458","914,757258",,0,0,0,0,0
"14,577","0,238458","915,757258",,0,0,0,0,0
"14,578","-0,761542","913,757258",,0,0,0,0,0
"14,579","-0,761542","912,757258",,0,0,0,0,0
"14,58","0,238458","912,757258",,0,0,0,0,0
"14,581","-1,761542","915,757258",,0,0,0,0,0
"14,582","-0,761542","915,757258",,0,0,0,0,0
"14,583","0,238458","913,757258",,0,0,0,0,0
"14,584","0,238458","912,757258",,0,0,0,0,0
"14,585","0,238458","914,757258",,0,0,0,0,0
"14,586","0,238458","914,757258",,0,0,0,0,0
"14,587","-0,761542","911,757258",,0,0,0,0,0
"14,588","-0,761542","913,757258",,0,0,0,0,0
"14,589","0,238458","911,757258",,0,0,0,0,0
"14,59","0,238458","912,757258",,0,0,0,0,0
"14,591","-0,761542","910,757258",,0,0,0,0,0
"14,592","-1,761542","909,757258",,0,0,0,0,0
"14,593","-1,761542","909,757258",,0,0,0,0,0
"14,594","-0,761542","908,757258",,0,0,0,0,0
"14,595","-0,761542","910,757258",,0,0,0,0,0
"14,596","-0,761542","908,757258",,0,0,0,0,0
"14,597","1,238458","908,757258",,0,0,0,0,0
"14,598","-0,761542","909,757258",,0,0,0,0,0
"14,599","-0,761542","909,757258",,0,0,0,0,0
"14,6","-0,761542","906,757258",,0,0,0,0,0
"14,601","0,238458","906,757258",,0,0,0,0,0
"14,602","0,238458","906,757258",,0,0,0,0,0
"14,603","1,238458","906,757258",,0,0,0,0,0
"14,604","-0,761542","905,757258",,0,0,0,0,0
"14,605","1,238458","905,757258",,0,0,0,0,0
"14,606","0,238458","906,757258",,0,0,0,0,0
"14,607","0,238458","904,757258",,0,0,0,0,0
"14,608","-0,761542","904,757258",,0,0,0,0,0
"14,609","0,238458","902,757258",,0,0,0,0,0
"14,61","-0,761542","902,757258",,0,0,0,0,0
"14,611","0,238458","902,757258",,0,0,0,0,0
"14,612","1,238458","901,757258",,0,0,0,0,0
"14,613","-0,761542","902,757258",,0,0,0,0,0
"14,614","0,238458","900,757258",,0,0,0,0,0
"14,615","-0,761542","900,757258",,0,0,0,0,0
"14,616","0,238458","898,757258",,0,0,0,0,0
"14,617","-0,761542","899,757258",,0,0,0,0,0
"14,618","0,238458","899,757258",,0,0,0,0,0
"14,619","0,238458","898,757258",,0,0,0,0,0
"14,62","0,238458","899,757258",,0,0,0,0,0
"14,621","0,238458","899,757258",,0,0,0,0,0
"14,622","-0,761542","896,757258",,0,0,0,0,0
"14,623","1,238458","895,757258",,0,0,0,0,0
"14,624","0,238458","896,757258",,0,0,0,0,0
"14,625","0,238458","897,757258",,0,0,0,0,0
"14,626","-0,761542","895,757258",,0,0,0,0,0
"14,627","1,238458","894,757258",,0,0,0,0,0
"14,628","-0,761542","896,757258",,0,0,0,0,0
"14,629","-1,761542","894,757258",,0,0,0,0,0
"14,63","0,238458","893,757258",,0,0,0,0,0
"14,631","-0,761542","892,757258",,0,0,0,0,0
"14,632","-0,761542","895,757258",,0,0,0,0,0
"14,633","1,238458","894,757258",,0,0,0,0,0
"14,634","0,238458","892,757258",,0,0,0,0,0
"14,635","-0,761542","894,757258",,0,0,0,0,0
"14,636","0,238458","892,757258",,0,0,0,0,0
"14,637","1,238458","894,757258",,0,0,0,0,0
"14,638","-0,761542","891,757258",,0,0,0,0,0
"14,639","-1,761542","891,757258",,0,0,0,0,0
"14,64","2,238458","890,757258",,0,0,0,0,0
"14,641","0,238458","889,757258",,0,0,0,0,0
"14,642","-0,761542","889,757258",,0,0,0,0,0
"14,643","-0,761542","889,757258",,0,0,0,0,0
"14,644","0,238458","890,757258",,0,0,0,0,0
"14,645","-0,761542","887,757258",,0,0,0,0,0
"14,646","2,238458","887,757258",,0,0,0,0,0
"14,647","0,238458","888,757258",,0,0,0,0,0
"14,648","-0,761542","887,757258",,0,0,0,0,0
"14,649","-0,761542","889,757258",,0,0,0,0,0
"14,65","0,238458","887,757258",,0,0,0,0,0
"14,651","-0,761542","886,757258",,0,0,0,0,0
"14,652","-0,761542","889,757258",,0,0,0,0,0
"14,653","-0,761542","889,757258",,0,0,0,0,0
"14,654","0,238458","885,757258",,0,0,0,0,0
"14,655","-0,761542","887,757258",,0,0,0,0,0
"14,656","-0,761542","888,757258",,0,0,0,0,0
"14,657","-0,761542","888,757258",,0,0,0,0,0
"14,658","0,238458","884,757258",,0,0,0,0,0
"14,659","-0,761542","885,757258",,0,0,0,0,0
"14,66","1,238458","888,757258",,0,0,0,0,0
"14,661","0,238458","885,757258",,0,0,0,0,0
"14,662","1,238458","886,757258",,0,0,0,0,0
"14,663","-0,761542","885,757258",,0,0,0,0,0
"14,664","-0,761542","887,757258",,0,0,0,0,0
"14,665","1,238458","885,757258",,0,0,0,0,0
"14,666","1,238458","883,757258",,0,0,0,0,0
"14,667","-0,761542","883,757258",,0,0,0,0,0
"14,668","2,238458","884,757258",,0,0,0,0,0
"14,669","0,238458","886,757258",,0,0,0,0,0
"14,67","0,238458","886,757258",,0,0,0,0,0
"14,671","-0,761542","884,757258",,0,0,0,0,0
"14,672","-0,761542","886,757258",,0,0,0,0,0
"14,673","-0,761542","884,757258",,0,0,0,0,0
"14,674","0,238458","885,757258",,0,0,0,0,0
"14,675","-0,761542","884,757258",,0,0,0,0,0
"14,676","0,238458","882,757258",,0,0,0,0,0
"14,677","1,238458","883,757258",,0,0,0,0,0
"14,678","1,238458","882,757258",,0,0,0,0,0
"14,679","-0,761542","883,757258",,0,0,0,0,0
"14,68","-0,761542","884,757258",,0,0,0,0,0
"14,681","-0,761542","882,757258",,0,0,0,0,0
"14,682","0,238458","884,757258",,0,0,0,0,0
"14,683","1,238458","881,757258",,0,0,0,0,0
"14,684","0,238458","880,757258",,0,0,0,0,0
"14,685","1,238458","882,757258",,0,0,0,0,0
"14,686","-0,761542","882,757258",,0,0,0,0,0
"14,687","-0,761542","883,757258",,0,0,0,0,0
"14,688","-0,761542","879,757258",,0,0,0,0,0
"14,689","-0,761542","880,757258",,0,0,0,0,0
"14,69","1,238458","881,757258",,0,0,0,0,0
"14,691","0,238458","880,757258",,0,0,0,0,0
"14,692","-0,761542","881,757258",,0,0,0,0,0
"14,693","-0,761542","880,757258",,0,0,0,0,0
"14,694","-0,761542","880,757258",,0,0,0,0,0
"14,695","1,238458","878,757258",,0,0,0,0,0
"14,696","1,238458","881,757258",,0,0,0,0,0
"14,697","-0,761542","879,757258",,0,0,0,0,0
"14,698","-0,761542","881,757258",,0,0,0,0,0
"14,699","-0,761542","876,757258",,0,0,0,0,0
"14,7","1,238458","880,757258",,0,0,0,0,0
"14,701","0,238458","879,757258",,0,0,0,0,0
"14,702","-0,761542","877,757258",,0,0,0,0,0
"14,703","0,238458","878,757258",,0,0,0,0,0
"14,704","1,238458","879,757258",,0,0,0,0,0
"14,705","0,238458","877,757258",,0,0,0,0,0
"14,706","1,238458","880,757258",,0,0,0,0,0
"14,707","2,238458","880,757258",,0,0,0,0,0
"14,708","0,238458","878,757258",,0,0,0,0,0
"14,709","0,238458","879,757258",,0,0,0,0,0
"14,71","-0,761542","876,757258",,0,0,0,0,0
"14,711","-0,761542","877,757258",,0,0,0,0,0
"14,712","-0,761542","876,757258",,0,0,0,0,0
"14,713","-0,761542","878,757258",,0,0,0,0,0
"14,714","-0,761542","878,757258",,0,0,0,0,0
"14,715","-0,761542","877,757258",,0,0,0,0,0
"14,716","-0,761542","877,757258",,0,0,0,0,0
"14,717","-1,761542","876,757258",,0,0,0,0,0
"14,718","-0,761542","875,757258",,0,0,0,0,0
"14,719","-0,761542","873,757258",,0,0,0,0,0
"14,72","0,238458","874,757258",,0,0,0,0,0
"14,721","-0,761542","874,757258",,0,0,0,0,0
"14,722","-0,761542","875,757258",,0,0,0,0,0
"14,723","-0,761542","873,757258",,0,0,0,0,0
"14,724","-0,761542","873,757258",,0,0,0,0,0
"14,725","-0,761542","873,757258",,0,0,0,0,0
"14,726","-0,761542","874,757258",,0,0,0,0,0
"14,727","0,238458","871,757258",,0,0,0,0,0
"14,728","-1,761542","870,757258",,0,0,0,0,0
"14,729","1,238458","871,757258",,0,0,0,0,0
"14,73","-0,761542","871,757258",,0,0,0,0,0
"14,731","0,238458","870,757258",,0,0,0,0,0
"14,732","1,238458","871,757258",,0,0,0,0,0
"14,733","1,238458","869,757258",,0,0,0,0,0
"14,734","1,238458","867,757258",,0,0,0,0,0
"14,735","0,238458","868,757258",,0,0,0,0,0
"14,736","-0,761542","868,757258",,0,0,0,0,0
"14,737","-0,761542","868,757258",,0,0,0,0,0
"14,738","0,238458","867,757258",,0,0,0,0,0
"14,739","0,238458","866,757258",,0,0,0,0,0
"14,74","2,238458","867,757258",,0,0,0,0,0
"14,741","-0,761542","867,757258",,0,0,0,0,0
"14,742","0,238458","866,757258",,0,0,0,0,0
"14,743","0,238458","866,757258",,0,0,0,0,0
"14,744","-0,761542","865,757258",,0,0,0,0,0
"14,745","-0,761542","865,757258",,0,0,0,0,0
"14,746","1,238458","865,757258",,0,0,0,0,0
"14,747","-0,761542","863,757258",,0,0,0,0,0
"14,748","0,238458","866,757258",,0,0,0,0,0
"14,749","2,238458","865,757258",,0,0,0,0,0
"14,75","-1,761542","865,757258",,0,0,0,0,0
"14,751","2,238458","865,757258",,0,0,0,0,0
"14,752","0,238458","863,757258",,0,0,0,0,0
"14,753","-0,761542","865,757258",,0,0,0,0,0
"14,754","-0,761542","866,757258",,0,0,0,0,0
"14,755","0,238458","863,757258",,0,0,0,0,0
"14,756","-0,761542","863,757258",,0,0,0,0,0
"14,757","-0,761542","864,757258",,0,0,0,0,0
"14,758","-1,761542","864,757258",,0,0,0,0,0
"14,759","1,238458","862,757258",,0,0,0,0,0
"14,76","1,238458","863,757258",,0,0,0,0,0
"14,761","0,238458","863,757258",,0,0,0,0,0
"14,762","1,238458","864,757258",,0,0,0,0,0
"14,763","1,238458","864,757258",,0,0,0,0,0
"14,764","-0,761542","865,757258",,0,0,0,0,0
"14,765","-0,761542","864,757258",,0,0,0,0,0
"14,766","0,238458","863,757258",,0,0,0,0,0
"14,767","-0,761542","866,757258",,0,0,0,0,0
"14,768","-0,761542","865,757258",,0,0,0,0,0
"14,769","0,238458","864,757258",,0,0,0,0,0
"14,77","-0,761542","864,757258",,0,0,0,0,0
"14,771","-0,761542","864,757258",,0,0,0,0,0
"14,772","0,238458","863,757258",,0,0,0,0,0
"14,773","-0,761542","867,757258",,0,0,0,0,0
"14,774","0,238458","865,757258",,0,0,0,0,0
"14,775","1,238458","867,757258",,0,0,0,0,0
"14,776","1,238458","864,757258",,0,0,0,0,0
"14,777","-0,761542","865,757258",,0,0,0,0,0
"14,778","4,238458","867,757258",,0,0,0,0,0
"14,779","-0,761542","866,757258",,0,0,0,0,0
"14,78","0,238458","867,757258",,0,0,0,0,0
"14,781","-0,761542","865,757258",,0,0,0,0,0
"14,782","-1,761542","866,757258",,0,0,0,0,0
"14,783","-0,761542","866,757258",,0,0,0,0,0
"14,784","0,238458","867,757258",,0,0,0,0,0
"14,785","0,238458","866,757258",,0,0,0,0,0
"14,786","-0,761542","866,757258",,0,0,0,0,0
"14,787","0,238458","866,757258",,0,0,0,0,0
"14,788","-0,761542","865,757258",,0,0,0,0,0
"14,789","-0,761542","865,757258",,0,0,0,0,0
"14,79","-0,761542","869,757258",,0,0,0,0,0
"14,791","0,238458","868,757258",,0,0,0,0,0
"14,792","-0,761542","863,757258",,0,0,0,0,0
"14,793","0,238458","866,757258",,0,0,0,0,0
"14,794","1,238458","866,757258",,0,0,0,0,0
"14,795","-0,761542","865,757258",,0,0,0,0,0
"14,796","-0,761542","865,757258",,0,0,0,0,0
"14,797","-0,761542","866,757258",,0,0,0,0,0
"14,798","1,238458","866,757258",,0,0,0,0,0
"14,799","0,238458","867,757258",,0,0,0,0,0
"14,8","0,238458","865,757258",,0,0,0,0,0
"14,801","0,238458","867,757258",,0,0,0,0,0
"14,802","-0,761542","868,757258",,0,0,0,0,0
"14,803","1,238458","868,757258",,0,0,0,0,0
"14,804","1,238458","869,757258",,0,0,0,0,0
"14,805","1,238458","869,757258",,0,0,0,0,0
"14,806","-0,761542","871,757258",,0,0,0,0,0
"14,807","-0,761542","872,757258",,0,0,0,0,0
"14,808","-0,761542","871,757258",,0,0,0,0,0
"14,809","0,238458","875,757258",,0,0,0,0,0
"14,81","0,238458","872,757258",,0,0,0,0,0
"14,811","1,238458","874,757258",,0,0,0,0,0
"14,812","-0,761542","874,757258",,0,0,0,0,0
"14,813","0,238458","877,757258",,0,0,0,0,0
"14,814","0,238458","875,757258",,0,0,0,0,0
"14,815","0,238458","874,757258",,0,0,0,0,0
"14,816","-0,761542","877,757258",,0,0,0,0,0
"14,817","1,238458","880,757258",,0,0,0,0,0
"14,818","-0,761542","879,757258",,0,0,0,0,0
"14,819","0,238458","880,757258",,0,0,0,0,0
"14,82","1,238458","880,757258",,0,0,0,0,0
"14,821","1,238458","879,757258",,0,0,0,0,0
"14,822","0,238458","881,757258",,0,0,0,0,0
"14,823","-0,761542","881,757258",,0,0,0,0,0
"14,824","1,238458","883,757258",,0,0,0,0,0
"14,825","-0,761542","884,757258",,0,0,0,0,0
"14,826","0,238458","884,757258",,0,0,0,0,0
"14,827","-0,761542","885,757258",,0,0,0,0,0
"14,828","-0,761542","883,757258",,0,0,0,0,0
"14,829","0,238458","885,757258",,0,0,0,0,0
"14,83","1,238458","886,757258",,0,0,0,0,0
"14,831","1,238458","886,757258",,0,0,0,0,0
"14,832","0,238458","886,757258",,0,0,0,0,0
"14,833","2,238458","886,757258",,0,0,0,0,0
"14,834","0,238458","886,757258",,0,0,0,0,0
"14,835","0,238458","887,757258",,0,0,0,0,0
"14,836","-0,761542","889,757258",,0,0,0,0,0
"14,837","0,238458","886,757258",,0,0,0,0,0
"14,838","2,238458","887,757258",,0,0,0,0,0
"14,839","0,238458","885,757258",,0,0,0,0,0
"14,84","0,238458","885,757258",,0,0,0,0,0
"14,841","-0,761542","888,757258",,0,0,0,0,0
"14,842","1,238458","889,757258",,0,0,0,0,0
"14,843","0,238458","885,757258",,0,0,0,0,0
"14,844","-0,761542","887,757258",,0,0,0,0,0
"14,845","0,238458","887,757258",,0,0,0,0,0
"14,846","-0,761542","884,757258",,0,0,0,0,0
"14,847","-0,761542","886,757258",,0,0,0,0,0
"14,848","1,238458","886,757258",,0,0,0,0,0
"14,849","-0,761542","883,757258",,0,0,0,0,0
"14,85","-0,761542","885,757258",,0,0,0,0,0
"14,851","1,238458","885,757258",,0,0,0,0,0
"14,852","1,238458","882,757258",,0,0,0,0,0
"14,853","1,238458","881,757258",,0,0,0,0,0
"14,854","2,238458","880,757258",,0,0,0,0,0
"14,855","-1,761542","881,757258",,0,0,0,0,0
"14,856","-0,761542","880,757258",,0,0,0,0,0
"14,857","0,238458","878,757258",,0,0,0,0,0
"14,858","0,238458","878,757258",,0,0,0,0,0
"14,859","-0,761542","877,757258",,0,0,0,0,0
"14,86","2,238458","876,757258",,0,0,0,0,0
"14,861","0,238458","875,757258",,0,0,0,0,0
"14,862","-0,761542","876,757258",,0,0,0,0,0
"14,863","0,238458","874,757258",,0,0,0,0,0
"14,864","0,238458","873,757258",,0,0,0,0,0
"14,865","1,238458","871,757258",,0,0,0,0,0
"14,866","0,238458","872,757258",,0,0,0,0,0
"14,867","0,238458","873,757258",,0,0,0,0,0
"14,868","-0,761542","870,757258",,0,0,0,0,0
"14,869","-0,761542","871,757258",,0,0,0,0,0
"14,87","-1,761542","870,757258",,0,0,0,0,0
"14,871","0,238458","869,757258",,0,0,0,0,0
"14,872","0,238458","868,757258",,0,0,0,0,0
"14,873","-0,761542","867,757258",,0,0,0,0,0
"14,874","-1,761542","869,757258",,0,0,0,0,0
"14,875","0,238458","868,757258",,0,0,0,0,0
"14,876","-0,761542","871,757258",,0,0,0,0,0
"14,877","0,238458","870,757258",,0,0,0,0,0
"14,878","-0,761542","870,757258",,0,0,0,0,0
"14,879","0,238458","870,757258",,0,0,0,0,0
"14,88","-0,761542","870,757258",,0,0,0,0,0
"14,881","1,238458","871,757258",,0,0,0,0,0
"14,882","-0,761542","871,757258",,0,0,0,0,0
"14,883","-0,761542","870,757258",,0,0,0,0,0
"14,884","1,238458","874,757258",,0,0,0,0,0
"14,885","-0,761542","873,757258",,0,0,0,0,0
"14,886","0,238458","874,757258",,0,0,0,0,0
"14,887","0,238458","875,757258",,0,0,0,0,0
"14,888","-0,761542","876,757258",,0,0,0,0,0
"14,889","0,238458","877,757258",,0,0,0,0,0
"14,89","1,238458","878,757258",,0,0,0,0,0
"14,891","-0,761542","878,757258",,0,0,0,0,0
"14,892","0,238458","878,757258",,0,0,0,0,0
"14,893","-1,761542","879,757258",,0,0,0,0,0
"14,894","-0,761542","883,757258",,0,0,0,0,0
"14,895","1,238458","884,757258",,0,0,0,0,0
"14,896","-0,761542","885,757258",,0,0,0,0,0
"14,897","-0,761542","885,757258",,0,0,0,0,0
"14,898","0,238458","884,757258",,0,0,0,0,0
"14,899","-0,761542","886,757258",,0,0,0,0,0
"14,9","0,238458","886,757258",,0,0,0,0,0
"14,901","0,238458","888,757258",,0,0,0,0,0
"14,902","3,238458","888,757258",,0,0,0,0,0
"14,903","-0,761542","891,757258",,0,0,0,0,0
"14,904","0,238458","890,757258",,0,0,0,0,0
"14,905","1,238458","894,757258",,0,0,0,0,0
"14,906","0,238458","891,757258",,0,0,0,0,0
"14,907","1,238458","892,757258",,0,0,0,0,0
"14,908","0,238458","895,757258",,0,0,0,0,0
"14,909","-0,761542","899,757258",,0,0,0,0,0
"14,91","0,238458","898,757258",,0,0,0,0,0
"14,911","-0,761542","899,757258",,0,0,0,0,0
"14,912","1,238458","897,757258",,0,0,0,0,0
"14,913","0,238458","899,757258",,0,0,0,0,0
"14,914","0,238458","903,757258",,0,0,0,0,0
"14,915","0,238458","902,757258",,0,0,0,0,0
"14,916","-0,761542","902,757258",,0,0,0,0,0
"14,917","0,238458","902,757258",,0,0,0,0,0
"14,918","0,238458","904,757258",,0,0,0,0,0
"14,919","-0,761542","902,757258",,0,0,0,0,0
"14,92","1,238458","906,757258",,0,0,0,0,0
"14,921","-0,761542","902,757258",,0,0,0,0,0
"14,922","0,238458","906,757258",,0,0,0,0,0
"14,923","-0,761542","906,757258",,0,0,0,0,0
"14,924","-0,761542","906,757258",,0,0,0,0,0
"14,925","3,238458","906,757258",,0,0,0,0,0
"14,926","-1,761542","905,757258",,0,0,0,0,0
"14,927","0,238458","905,757258",,0,0,0,0,0
"14,928","-0,761542","905,757258",,0,0,0,0,0
"14,929","0,238458","905,757258",,0,0,0,0,0
"14,93","1,238458","906,757258",,0,0,0,0,0
"14,931","0,238458","908,757258",,0,0,0,0,0
"14,932","0,238458","907,757258",,0,0,0,0,0
"14,933","-0,761542","907,757258",,0,0,0,0,0
"14,934","2,238458","908,757258",,0,0,0,0,0
"14,935","-0,761542","909,757258",,0,0,0,0,0
"14,936","-0,761542","910,757258",,0,0,0,0,0
"14,937","0,238458","906,757258",,0,0,0,0,0
"14,938","-0,761542","908,757258",,0,0,0,0,0
"14,939","-0,761542","907,757258",,0,0,0,0,0
"14,94","0,238458","908,757258",,0,0,0,0,0
"14,941","1,238458","910,757258",,0,0,0,0,0
"14,942","1,238458","909,757258",,0,0,0,0,0
"14,943","-0,761542","909,757258",,0,0,0,0,0
"14,944","-0,761542","908,757258",,0,0,0,0,0
"14,945","1,238458","908,757258",,0,0,0,0,0
"14,946","-0,761542","907,757258",,0,0,0,0,0
"14,947","1,238458","908,757258",,0,0,0,0,0
"14,948","1,238458","907,757258",,0,0,0,0,0
"14,949","1,238458","909,757258",,0,0,0,0,0
"14,95","0,238458","908,757258",,0,0,0,0,0
"14,951","-0,761542","908,757258",,0,0,0,0,0
"14,952","-0,761542","907,757258",,0,0,0,0,0
"14,953","0,238458","906,757258",,0,0,0,0,0
"14,954","1,238458","907,757258",,0,0,0,0,0
"14,955","-0,761542","910,757258",,0,0,0,0,0
"14,956","-1,761542","905,757258",,0,0,0,0,0
"14,957","-0,761542","906,757258",,0,0,0,0,0
"14,958","1,238458","907,757258",,0,0,0,0,0
"14,959","-0,761542","906,757258",,0,0,0,0,0
"14,96","0,238458","907,757258",,0,0,0,0,0
"14,961","0,238458","907,757258",,0,0,0,0,0
"14,962","-0,761542","907,757258",,0,0,0,0,0
"14,963","-1,761542","907,757258",,0,0,0,0,0
"14,964","-0,761542","907,757258",,0,0,0,0,0
"14,965","-0,761542","906,757258",,0,0,0,0,0
"14,966","-0,761542","908,757258",,0,0,0,0,0
"14,967","-0,761542","908,757258",,0,0,0,0,0
"14,968","1,238458","906,757258",,0,0,0,0,0
"14,969","-0,761542","907,757258",,0,0,0,0,0
"14,97","1,238458","907,757258",,0,0,0,0,0
"14,971","1,238458","905,757258",,0,0,0,0,0
"14,972","-0,761542","907,757258",,0,0,0,0,0
"14,973","0,238458","907,757258",,0,0,0,0,0
"14,974","-0,761542","906,757258",,0,0,0,0,0
"14,975","-0,761542","907,757258",,0,0,0,0,0
"14,976","-0,761542","906,757258",,0,0,0,0,0
"14,977","1,238458","905,757258",,0,0,0,0,0
"14,978","0,238458","907,757258",,0,0,0,0,0
"14,979","0,238458","904,757258",,0,0,0,0,0
"14,98","0,238458","904,757258",,0,0,0,0,0
"14,981","0,238458","904,757258",,0,0,0,0,0
"14,982","2,238458","904,757258",,0,0,0,0,0
"14,983","0,238458","905,757258",,0,0,0,0,0
"14,984","1,238458","904,757258",,0,0,0,0,0
"14,985","0,238458","904,757258",,0,0,0,0,0
"14,986","-0,761542","905,757258",,0,0,0,0,0
"14,987","-0,761542","905,757258",,0,0,0,0,0
"14,988","1,238458","901,757258",,0,0,0,0,0
"14,989","0,238458","900,757258",,0,0,0,0,0
"14,99","2,238458","903,757258",,0,0,0,0,0
"14,991","-0,761542","902,757258",,0,0,0,0,0
"14,992","0,238458","901,757258",,0,0,0,0,0
"14,993","-0,761542","903,757258",,0,0,0,0,0
"14,994","1,238458","903,757258",,0,0,0,0,0
"14,995","-1,761542","902,757258",,0,0,0,0,0
"14,996","-0,761542","903,757258",,0,0,0,0,0
"14,997","-0,761542","903,757258",,0,0,0,0,0
"14,998","1,238458","902,757258",,0,0,0,0,0
"14,999","0,238458","903,757258",,0,0,0,0,0
15,"1,238458","901,757258",,0,0,0,0,0
"15,001","-0,761542","903,757258",,0,0,0,0,0
"15,002","0,238458","902,757258",,0,0,0,0,0
"15,003","-0,761542","901,757258",,0,0,0,0,0
"15,004","-1,761542","902,757258",,0,0,0,0,0
"15,005","0,238458","902,757258",,0,0,0,0,0
"15,006","-0,761542","900,757258",,0,0,0,0,0
"15,007","1,238458","900,757258",,0,0,0,0,0
"15,008","-0,761542","902,757258",,0,0,0,0,0
"15,009","1,238458","899,757258",,0,0,0,0,0
"15,01","-1,761542","903,757258",,0,0,0,0,0
"15,011","0,238458","902,757258",,0,0,0,0,0
"15,012","1,238458","902,757258",,0,0,0,0,0
"15,013","-0,761542","900,757258",,0,0,0,0,0
"15,014","-0,761542","901,757258",,0,0,0,0,0
"15,015","1,238458","898,757258",,0,0,0,0,0
"15,016","-0,761542","902,757258",,0,0,0,0,0
"15,017","-0,761542","901,757258",,0,0,0,0,0
"15,018","-0,761542","901,757258",,0,0,0,0,0
"15,019","-0,761542","900,757258",,0,0,0,0,0
"15,02","-0,761542","900,757258",,0,0,0,0,0
"15,021","1,238458","900,757258",,0,0,0,0,0
"15,022","-0,761542","899,757258",,0,0,0,0,0
"15,023","0,238458","900,757258",,0,0,0,0,0
"15,024","1,238458","898,757258",,0,0,0,0,0
"15,025","-0,761542","899,757258",,0,0,0,0,0
"15,026","0,238458","900,757258",,0,0,0,0,0
"15,027","-0,761542","898,757258",,0,0,0,0,0
"15,028","0,238458","897,757258",,0,0,0,0,0
"15,029","-0,761542","897,757258",,0,0,0,0,0
"15,03","3,238458","897,757258",,0,0,0,0,0
"15,031","0,238458","896,757258",,0,0,0,0,0
"15,032","-0,761542","897,757258",,0,0,0,0,0
"15,033","0,238458","897,757258",,0,0,0,0,0
"15,034","1,238458","896,757258",,0,0,0,0,0
"15,035","0,238458","895,757258",,0,0,0,0,0
"15,036","0,238458","895,757258",,0,0,0,0,0
"15,037","1,238458","892,757258",,0,0,0,0,0
"15,038","2,238458","892,757258",,0,0,0,0,0
"15,039","2,238458","894,757258",,0,0,0,0,0
"15,04","-0,761542","892,757258",,0,0,0,0,0
"15,041","-0,761542","894,757258",,0,0,0,0,0
"15,042","1,238458","894,757258",,0,0,0,0,0
"15,043","0,238458","892,757258",,0,0,0,0,0
"15,044","-0,761542","892,757258",,0,0,0,0,0
"15,045","1,238458","894,757258",,0,0,0,0,0
"15,046","1,238458","892,757258",,0,0,0,0,0
"15,047","0,238458","890,757258",,0,0,0,0,0
"15,048","0,238458","892,757258",,0,0,0,0,0
"15,049","-0,761542","890,757258",,0,0,0,0,0
"15,05","1,238458","890,757258",,0,0,0,0,0
"15,051","-0,761542","889,757258",,0,0,0,0,0
"15,052","-0,761542","890,757258",,0,0,0,0,0
"15,053","-0,761542","891,757258",,0,0,0,0,0
"15,054","0,238458","889,757258",,0,0,0,0,0
"15,055","-0,761542","891,757258",,0,0,0,0,0
"15,056","0,238458","887,757258",,0,0,0,0,0
"15,057","-0,761542","889,757258",,0,0,0,0,0
"15,058","-0,761542","890,757258",,0,0,0,0,0
"15,059","1,238458","888,757258",,0,0,0,0,0
"15,06","0,238458","889,757258",,0,0,0,0,0
"15,061","0,238458","889,757258",,0,0,0,0,0
"15,062","0,238458","886,757258",,0,0,0,0,0
"15,063","1,238458","888,757258",,0,0,0,0,0
"15,064","-0,761542","887,757258",,0,0,0,0,0
"15,065","-0,761542","887,757258",,0,0,0,0,0
"15,066","1,238458","886,757258",,0,0,0,0,0
"15,067","-1,761542","886,757258",,0,0,0,0,0
"15,068","0,238458","886,757258",,0,0,0,0,0
"15,069","0,238458","886,757258",,0,0,0,0,0
"15,07","0,238458","885,757258",,0,0,0,0,0
"15,071","0,238458","883,757258",,0,0,0,0,0
"15,072","0,238458","884,757258",,0,0,0,0,0
"15,073","0,238458","884,757258",,0,0,0,0,0
"15,074","-0,761542","881,757258",,0,0,0,0,0
"15,075","-1,761542","884,757258",,0,0,0,0,0
"15,076","-0,761542","883,757258",,0,0,0,0,0
"15,077","0,238458","882,757258",,0,0,0,0,0
"15,078","-0,761542","881,757258",,0,0,0,0,0
"15,079","1,238458","881,757258",,0,0,0,0,0
"15,08","-1,761542","879,757258",,0,0,0,0,0
"15,081","0,238458","883,757258",,0,0,0,0,0
"15,082","0,238458","878,757258",,0,0,0,0,0
"15,083","-0,761542","882,757258",,0,0,0,0,0
"15,084","-0,761542","880,757258",,0,0,0,0,0
"15,085","0,238458","878,757258",,0,0,0,0,0
"15,086","1,238458","881,757258",,0,0,0,0,0
"15,087","-0,761542","880,757258",,0,0,0,0,0
"15,088","-0,761542","880,757258",,0,0,0,0,0
"15,089","0,238458","878,757258",,0,0,0,0,0
"15,09","1,238458","880,757258",,0,0,0,0,0
"15,091","-0,761542","879,757258",,0,0,0,0,0
"15,092","0,238458","878,757258",,0,0,0,0,0
"15,093","1,238458","878,757258",,0,0,0,0,0
"15,094","0,238458","877,757258",,0,0,0,0,0
"15,095","0,238458","877,757258",,0,0,0,0,0
"15,096","0,238458","878,757258",,0,0,0,0,0
"15,097","0,238458","877,757258",,0,0,0,0,0
"15,098","0,238458","874,757258",,0,0,0,0,0
"15,099","1,238458","877,757258",,0,0,0,0,0
"15,1","0,238458","874,757258",,0,0,0,0,0
"15,101","-0,761542","873,757258",,0,0,0,0,0
"15,102","0,238458","874,757258",,0,0,0,0,0
"15,103","2,238458","872,757258",,0,0,0,0,0
"15,104","0,238458","872,757258",,0,0,0,0,0
"15,105","-0,761542","874,757258",,0,0,0,0,0
"15,106","0,238458","872,757258",,0,0,0,0,0
"15,107","1,238458","873,757258",,0,0,0,0,0
"15,108","-0,761542","872,757258",,0,0,0,0,0
"15,109","-0,761542","872,757258",,0,0,0,0,0
"15,11","-0,761542","872,757258",,0,0,0,0,0
"15,111","-0,761542","869,757258",,0,0,0,0,0
"15,112","1,238458","870,757258",,0,0,0,0,0
"15,113","1,238458","866,757258",,0,0,0,0,0
"15,114","0,238458","867,757258",,0,0,0,0,0
"15,115","-0,761542","869,757258",,0,0,0,0,0
"15,116","-0,761542","867,757258",,0,0,0,0,0
"15,117","-0,761542","868,757258",,0,0,0,0,0
"15,118","-0,761542","867,757258",,0,0,0,0,0
"15,119","0,238458","867,757258",,0,0,0,0,0
"15,12","-0,761542","868,757258",,0,0,0,0,0
"15,121","0,238458","867,757258",,0,0,0,0,0
"15,122","2,238458","866,757258",,0,0,0,0,0
"15,123","2,238458","867,757258",,0,0,0,0,0
"15,124","1,238458","868,757258",,0,0,0,0,0
"15,125","-2,761542","864,757258",,0,0,0,0,0
"15,126","1,238458","867,757258",,0,0,0,0,0
"15,127","-0,761542","867,757258",,0,0,0,0,0
"15,128","0,238458","865,757258",,0,0,0,0,0
"15,129","0,238458","867,757258",,0,0,0,0,0
"15,13","-0,761542","867,757258",,0,0,0,0,0
"15,131","0,238458","866,757258",,0,0,0,0,0
"15,132","-0,761542","867,757258",,0,0,0,0,0
"15,133","1,238458","867,757258",,0,0,0,0,0
"15,134","2,238458","865,757258",,0,0,0,0,0
"15,135","-0,761542","866,757258",,0,0,0,0,0
"15,136","-0,761542","866,757258",,0,0,0,0,0
"15,137","0,238458","867,757258",,0,0,0,0,0
"15,138","1,238458","866,757258",,0,0,0,0,0
"15,139","-0,761542","867,757258",,0,0,0,0,0
"15,14","0,238458","865,757258",,0,0,0,0,0
"15,141","-0,761542","866,757258",,0,0,0,0,0
"15,142","-0,761542","865,757258",,0,0,0,0,0
"15,143","0,238458","869,757258",,0,0,0,0,0
"15,144","1,238458","868,757258",,0,0,0,0,0
"15,145","1,238458","869,757258",,0,0,0,0,0
"15,146","2,238458","869,757258",,0,0,0,0,0
"15,147","-0,761542","867,757258",,0,0,0,0,0
"15,148","-0,761542","870,757258",,0,0,0,0,0
"15,149","2,238458","871,757258",,0,0,0,0,0
"15,15","-0,761542","872,757258",,0,0,0,0,0
"15,151","-0,761542","870,757258",,0,0,0,0,0
"15,152","-0,761542","869,757258",,0,0,0,0,0
"15,153","0,238458","871,757258",,0,0,0,0,0
"15,154","1,238458","871,757258",,0,0,0,0,0
"15,155","-0,761542","873,757258",,0,0,0,0,0
"15,156","-0,761542","874,757258",,0,0,0,0,0
"15,157","0,238458","877,757258",,0,0,0,0,0
"15,158","-0,761542","874,757258",,0,0,0,0,0
"15,159","2,238458","873,757258",,0,0,0,0,0
"15,16","0,238458","877,757258",,0,0,0,0,0
"15,161","-0,761542","874,757258",,0,0,0,0,0
"15,162","-0,761542","877,757258",,0,0,0,0,0
"15,163","-0,761542","875,757258",,0,0,0,0,0
"15,164","0,238458","875,757258",,0,0,0,0,0
"15,165","-0,761542","876,757258",,0,0,0,0,0
"15,166","0,238458","880,757258",,0,0,0,0,0
"15,167","-0,761542","877,757258",,0,0,0,0,0
"15,168","1,238458","876,757258",,0,0,0,0,0
"15,169","2,238458","879,757258",,0,0,0,0,0
"15,17","0,238458","879,757258",,0,0,0,0,0
"15,171","0,238458","877,757258",,0,0,0,0,0
"15,172","-0,761542","877,757258",,0,0,0,0,0
"15,173","0,238458","877,757258",,0,0,0,0,0
"15,174","-0,761542","877,757258",,0,0,0,0,0
"15,175","0,238458","876,757258",,0,0,0,0,0
"15,176","1,238458","877,757258",,0,0,0,0,0
"15,177","0,238458","876,757258",,0,0,0,0,0
"15,178","-0,761542","878,757258",,0,0,0,0,0
"15,179","2,238458","876,757258",,0,0,0,0,0
"15,18","0,238458","875,757258",,0,0,0,0,0
"15,181","-0,761542","878,757258",,0,0,0,0,0
"15,182","1,238458","877,757258",,0,0,0,0,0
"15,183","0,238458","874,757258",,0,0,0,0,0
"15,184","-2,761542","873,757258",,0,0,0,0,0
"15,185","-0,761542","873,757258",,0,0,0,0,0
"15,186","-0,761542","875,757258",,0,0,0,0,0
"15,187","-0,761542","872,757258",,0,0,0,0,0
"15,188","2,238458","875,757258",,0,0,0,0,0
"15,189","0,238458","873,757258",,0,0,0,0,0
"15,19","1,238458","872,757258",,0,0,0,0,0
"15,191","-0,761542","873,757258",,0,0,0,0,0
"15,192","-0,761542","875,757258",,0,0,0,0,0
"15,193","-0,761542","873,757258",,0,0,0,0,0
"15,194","-0,761542","873,757258",,0,0,0,0,0
"15,195","-0,761542","875,757258",,0,0,0,0,0
"15,196","-0,761542","874,757258",,0,0,0,0,0
"15,197","-0,761542","876,757258",,0,0,0,0,0
"15,198","-0,761542","876,757258",,0,0,0,0,0
"15,199","2,238458","874,757258",,0,0,0,0,0
"15,2","-0,761542","876,757258",,0,0,0,0,0
"15,201","0,238458","877,757258",,0,0,0,0,0
"15,202","1,238458","878,757258",,0,0,0,0,0
"15,203","-0,761542","880,757258",,0,0,0,0,0
"15,204","0,238458","882,757258",,0,0,0,0,0
"15,205","0,238458","881,757258",,0,0,0,0,0
"15,206","0,238458","882,757258",,0,0,0,0,0
"15,207","0,238458","884,757258",,0,0,0,0,0
"15,208","-0,761542","885,757258",,0,0,0,0,0
"15,209","2,238458","889,757258",,0,0,0,0,0
"15,21","2,238458","887,757258",,0,0,0,0,0
"15,211","-0,761542","887,757258",,0,0,0,0,0
"15,212","2,238458","889,757258",,0,0,0,0,0
"15,213","2,238458","890,757258",,0,0,0,0,0
"15,214","-0,761542","890,757258",,0,0,0,0,0
"15,215","0,238458","890,757258",,0,0,0,0,0
"15,216","0,238458","889,757258",,0,0,0,0,0
"15,217","-0,761542","891,757258",,0,0,0,0,0
"15,218","1,238458","892,757258",,0,0,0,0,0
"15,219","-0,761542","894,757258",,0,0,0,0,0
"15,22","0,238458","895,757258",,0,0,0,0,0
"15,221","2,238458","894,757258",,0,0,0,0,0
"15,222","0,238458","896,757258",,0,0,0,0,0
"15,223","0,238458","896,757258",,0,0,0,0,0
"15,224","-1,761542","898,757258",,0,0,0,0,0
"15,225","0,238458","897,757258",,0,0,0,0,0
"15,226","-0,761542","896,757258",,0,0,0,0,0
"15,227","-0,761542","899,757258",,0,0,0,0,0
"15,228","-0,761542","899,757258",,0,0,0,0,0
"15,229","-1,761542","898,757258",,0,0,0,0,0
"15,23","1,238458","900,757258",,0,0,0,0,0
"15,231","-0,761542","901,757258",,0,0,0,0,0
"15,232","0,238458","898,757258",,0,0,0,0,0
"15,233","0,238458","901,757258",,0,0,0,0,0
"15,234","-0,761542","901,757258",,0,0,0,0,0
"15,235","0,238458","899,757258",,0,0,0,0,0
"15,236","0,238458","901,757258",,0,0,0,0,0
"15,237","-0,761542","900,757258",,0,0,0,0,0
"15,238","-0,761542","900,757258",,0,0,0,0,0
"15,239","0,238458","898,757258",,0,0,0,0,0
"15,24","-0,761542","900,757258",,0,0,0,0,0
"15,241","0,238458","897,757258",,0,0,0,0,0
"15,242","-0,761542","897,757258",,0,0,0,0,0
"15,243","2,238458","899,757258",,0,0,0,0,0
"15,244","1,238458","896,757258",,0,0,0,0,0
"15,245","1,238458","898,757258",,0,0,0,0,0
"15,246","-0,761542","900,757258",,0,0,0,0,0
"15,247","1,238458","895,757258",,0,0,0,0,0
"15,248","0,238458","896,757258",,0,0,0,0,0
"15,249","-0,761542","896,757258",,0,0,0,0,0
"15,25","2,238458","894,757258",,0,0,0,0,0
"15,251","0,238458","896,757258",,0,0,0,0,0
"15,252","0,238458","893,757258",,0,0,0,0,0
"15,253","0,238458","894,757258",,0,0,0,0,0
"15,254","0,238458","892,757258",,0,0,0,0,0
"15,255","-0,761542","894,757258",,0,0,0,0,0
"15,256","0,238458","893,757258",,0,0,0,0,0
"15,257","0,238458","894,757258",,0,0,0,0,0
"15,258","2,238458","893,757258",,0,0,0,0,0
"15,259","1,238458","892,757258",,0,0,0,0,0
"15,26","1,238458","891,757258",,0,0,0,0,0
"15,261","2,238458","892,757258",,0,0,0,0,0
"15,262","0,238458","892,757258",,0,0,0,0,0
"15,263","-0,761542","889,757258",,0,0,0,0,0
"15,264","2,238458","890,757258",,0,0,0,0,0
"15,265","-0,761542","891,757258",,0,0,0,0,0
"15,266","0,238458","890,757258",,0,0,0,0,0
"15,267","-1,761542","890,757258",,0,0,0,0,0
"15,268","0,238458","889,757258",,0,0,0,0,0
"15,269","-0,761542","890,757258",,0,0,0,0,0
"15,27","-0,761542","893,757258",,0,0,0,0,0
"15,271","1,238458","890,757258",,0,0,0,0,0
"15,272","-0,761542","890,757258",,0,0,0,0,0
"15,273","-0,761542","889,757258",,0,0,0,0,0
"15,274","-1,761542","891,757258",,0,0,0,0,0
"15,275","-0,761542","890,757258",,0,0,0,0,0
"15,276","-0,761542","891,757258",,0,0,0,0,0
"15,277","1,238458","888,757258",,0,0,0,0,0
"15,278","0,238458","888,757258",,0,0,0,0,0
"15,279","0,238458","890,757258",,0,0,0,0,0
"15,28","0,238458","892,757258",,0,0,0,0,0
"15,281","-0,761542","891,757258",,0,0,0,0,0
"15,282","0,238458","891,757258",,0,0,0,0,0
"15,283","0,238458","891,757258",,0,0,0,0,0
"15,284","0,238458","890,757258",,0,0,0,0,0
"15,285","-1,761542","893,757258",,0,0,0,0,0
"15,286","0,238458","892,757258",,0,0,0,0,0
"15,287","-1,761542","892,757258",,0,0,0,0,0
"15,288","-0,761542","894,757258",,0,0,0,0,0
"15,289","-1,761542","893,757258",,0,0,0,0,0
"15,29","-0,761542","894,757258",,0,0,0,0,0
"15,291","0,238458","896,757258",,0,0,0,0,0
"15,292","-0,761542","895,757258",,0,0,0,0,0
"15,293","-0,761542","896,757258",,0,0,0,0,0
"15,294","0,238458","895,757258",,0,0,0,0,0
"15,295","2,238458","896,757258",,0,0,0,0,0
"15,296","-1,761542","897,757258",,0,0,0,0,0
"15,297","1,238458","898,757258",,0,0,0,0,0
"15,298","2,238458","898,757258",,0,0,0,0,0
"15,299","0,238458","899,757258",,0,0,0,0,0
"15,3","-0,761542","902,757258",,0,0,0,0,0
"15,301","0,238458","900,757258",,0,0,0,0,0
"15,302","1,238458","902,757258",,0,0,0,0,0
"15,303","-0,761542","900,757258",,0,0,0,0,0
"15,304","0,238458","904,757258",,0,0,0,0,0
"15,305","-0,761542","904,757258",,0,0,0,0,0
"15,306","0,238458","903,757258",,0,0,0,0,0
"15,307","-0,761542","905,757258",,0,0,0,0,0
"15,308","-0,761542","905,757258",,0,0,0,0,0
"15,309","0,238458","906,757258",,0,0,0,0,0
"15,31","-0,761542","906,757258",,0,0,0,0,0
"15,311","-1,761542","906,757258",,0,0,0,0,0
"15,312","0,238458","904,757258",,0,0,0,0,0
"15,313","0,238458","905,757258",,0,0,0,0,0
"15,314","-0,761542","904,757258",,0,0,0,0,0
"15,315","-0,761542","908,757258",,0,0,0,0,0
"15,316","1,238458","907,757258",,0,0,0,0,0
"15,317","-0,761542","908,757258",,0,0,0,0,0
"15,318","-0,761542","908,757258",,0,0,0,0,0
"15,319","-0,761542","906,757258",,0,0,0,0,0
"15,32","1,238458","909,757258",,0,0,0,0,0
"15,321","0,238458","910,757258",,0,0,0,0,0
"15,322","-0,761542","909,757258",,0,0,0,0,0
"15,323","2,238458","909,757258",,0,0,0,0,0
"15,324","0,238458","911,757258",,0,0,0,0,0
"15,325","0,238458","909,757258",,0,0,0,0,0
"15,326","-0,761542","910,757258",,0,0,0,0,0
"15,327","1,238458","911,757258",,0,0,0,0,0
"15,328","1,238458","911,757258",,0,0,0,0,0
"15,329","0,238458","911,757258",,0,0,0,0,0
"15,33","-1,761542","912,757258",,0,0,0,0,0
"15,331","1,238458","912,757258",,0,0,0,0,0
"15,332","0,238458","912,757258",,0,0,0,0,0
"15,333","-0,761542","915,757258",,0,0,0,0,0
"15,334","0,238458","912,757258",,0,0,0,0,0
"15,335","1,238458","914,757258",,0,0,0,0,0
"15,336","1,238458","914,757258",,0,0,0,0,0
"15,337","-0,761542","914,757258",,0,0,0,0,0
"15,338","0,238458","914,757258",,0,0,0,0,0
"15,339","1,238458","915,757258",,0,0,0,0,0
"15,34","0,238458","917,757258",,0,0,0,0,0
"15,341","0,238458","915,757258",,0,0,0,0,0
"15,342","1,238458","914,757258",,0,0,0,0,0
"15,343","2,238458","917,757258",,0,0,0,0,0
"15,344","0,238458","915,757258",,0,0,0,0,0
"15,345","0,238458","914,757258",,0,0,0,0,0
"15,346","-0,761542","916,757258",,0,0,0,0,0
"15,347","0,238458","914,757258",,0,0,0,0,0
"15,348","-0,761542","914,757258",,0,0,0,0,0
"15,349","0,238458","915,757258",,0,0,0,0,0
"15,35","0,238458","915,757258",,0,0,0,0,0
"15,351","0,238458","913,757258",,0,0,0,0,0
"15,352","0,238458","914,757258",,0,0,0,0,0
"15,353","-0,761542","913,757258",,0,0,0,0,0
"15,354","-0,761542","910,757258",,0,0,0,0,0
"15,355","0,238458","912,757258",,0,0,0,0,0
"15,356","-0,761542","915,757258",,0,0,0,0,0
"15,357","3,238458","910,757258",,0,0,0,0,0
"15,358","0,238458","910,757258",,0,0,0,0,0
"15,359","1,238458","910,757258",,0,0,0,0,0
"15,36","0,238458","911,757258",,0,0,0,0,0
"15,361","0,238458","908,757258",,0,0,0,0,0
"15,362","0,238458","911,757258",,0,0,0,0,0
"15,363","-1,761542","908,757258",,0,0,0,0,0
"15,364","-0,761542","908,757258",,0,0,0,0,0
"15,365","-0,761542","910,757258",,0,0,0,0,0
"15,366","-1,761542","909,757258",,0,0,0,0,0
"15,367","-0,761542","908,757258",,0,0,0,0,0
"15,368","-0,761542","907,757258",,0,0,0,0,0
"15,369","-0,761542","908,757258",,0,0,0,0,0
"15,37","0,238458","907,757258",,0,0,0,0,0
"15,371","-0,761542","908,757258",,0,0,0,0,0
"15,372","1,238458","907,757258",,0,0,0,0,0
"15,373","0,238458","905,757258",,0,0,0,0,0
"15,374","-0,761542","905,757258",,0,0,0,0,0
"15,375","1,238458","907,757258",,0,0,0,0,0
"15,376","-0,761542","906,757258",,0,0,0,0,0
"15,377","-0,761542","905,757258",,0,0,0,0,0
"15,378","0,238458","906,757258",,0,0,0,0,0
"15,379","-0,761542","904,757258",,0,0,0,0,0
"15,38","-0,761542","907,757258",,0,0,0,0,0
"15,381","0,238458","904,757258",,0,0,0,0,0
"15,382","-0,761542","904,757258",,0,0,0,0,0
"15,383","-0,761542","904,757258",,0,0,0,0,0
"15,384","0,238458","904,757258",,0,0,0,0,0
"15,385","-0,761542","903,757258",,0,0,0,0,0
"15,386","1,238458","905,757258",,0,0,0,0,0
"15,387","-0,761542","903,757258",,0,0,0,0,0
"15,388","0,238458","901,757258",,0,0,0,0,0
"15,389","2,238458","902,757258",,0,0,0,0,0
"15,39","-0,761542","902,757258",,0,0,0,0,0
"15,391","-0,761542","900,757258",,0,0,0,0,0
"15,392","-0,761542","901,757258",,0,0,0,0,0
"15,393","1,238458","899,757258",,0,0,0,0,0
"15,394","-0,761542","899,757258",,0,0,0,0,0
"15,395","-0,761542","898,757258",,0,0,0,0,0
"15,396","0,238458","896,757258",,0,0,0,0,0
"15,397","-1,761542","896,757258",,0,0,0,0,0
"15,398","-0,761542","895,757258",,0,0,0,0,0
"15,399","0,238458","893,757258",,0,0,0,0,0
"15,4","0,238458","894,757258",,0,0,0,0,0
"15,401","1,238458","892,757258",,0,0,0,0,0
"15,402","-0,761542","893,757258",,0,0,0,0,0
"15,403","-0,761542","890,757258",,0,0,0,0,0
"15,404","0,238458","888,757258",,0,0,0,0,0
"15,405","0,238458","886,757258",,0,0,0,0,0
"15,406","-0,761542","886,757258",,0,0,0,0,0
"15,407","2,238458","886,757258",,0,0,0,0,0
"15,408","-0,761542","883,757258",,0,0,0,0,0
"15,409","1,238458","881,757258",,0,0,0,0,0
"15,41","0,238458","881,757258",,0,0,0,0,0
"15,411","1,238458","881,757258",,0,0,0,0,0
"15,412","0,238458","876,757258",,0,0,0,0,0
"15,413","-0,761542","878,757258",,0,0,0,0,0
"15,414","1,238458","873,757258",,0,0,0,0,0
"15,415","-0,761542","874,757258",,0,0,0,0,0
"15,416","-0,761542","872,757258",,0,0,0,0,0
"15,417","-0,761542","869,757258",,0,0,0,0,0
"15,418","-1,761542","868,757258",,0,0,0,0,0
"15,419","0,238458","866,757258",,0,0,0,0,0
"15,42","0,238458","865,757258",,0,0,0,0,0
"15,421","1,238458","865,757258",,0,0,0,0,0
"15,422","-1,761542","863,757258",,0,0,0,0,0
"15,423","0,238458","859,757258",,0,0,0,0,0
"15,424","-0,761542","858,757258",,0,0,0,0,0
"15,425","-0,761542","859,757258",,0,0,0,0,0
"15,426","-0,761542","857,757258",,0,0,0,0,0
"15,427","0,238458","856,757258",,0,0,0,0,0
"15,428","0,238458","856,757258",,0,0,0,0,0
"15,429","-0,761542","854,757258",,0,0,0,0,0
"15,43","-0,761542","853,757258",,0,0,0,0,0
"15,431","0,238458","852,757258",,0,0,0,0,0
"15,432","-0,761542","855,757258",,0,0,0,0,0
"15,433","2,238458","853,757258",,0,0,0,0,0
"15,434","2,238458","852,757258",,0,0,0,0,0
"15,435","2,238458","852,757258",,0,0,0,0,0
"15,436","-0,761542","851,757258",,0,0,0,0,0
"15,437","-0,761542","851,757258",,0,0,0,0,0
"15,438","0,238458","852,757258",,0,0,0,0,0
"15,439","-0,761542","850,757258",,0,0,0,0,0
"15,44","-0,761542","849,757258",,0,0,0,0,0
"15,441","2,238458","848,757258",,0,0,0,0,0
"15,442","0,238458","849,757258",,0,0,0,0,0
"15,443","0,238458","851,757258",,0,0,0,0,0
"15,444","0,238458","851,757258",,0,0,0,0,0
"15,445","1,238458","851,757258",,0,0,0,0,0
"15,446","0,238458","851,757258",,0,0,0,0,0
"15,447","0,238458","852,757258",,0,0,0,0,0
"15,448","1,238458","851,757258",,0,0,0,0,0
"15,449","-0,761542","851,757258",,0,0,0,0,0
"15,45","-0,761542","849,757258",,0,0,0,0,0
"15,451","-0,761542","852,757258",,0,0,0,0,0
"15,452","2,238458","854,757258",,0,0,0,0,0
"15,453","-0,761542","852,757258",,0,0,0,0,0
"15,454","-0,761542","853,757258",,0,0,0,0,0
"15,455","-0,761542","852,757258",,0,0,0,0,0
"15,456","1,238458","854,757258",,0,0,0,0,0
"15,457","-1,761542","855,757258",,0,0,0,0,0
"15,458","-0,761542","855,757258",,0,0,0,0,0
"15,459","-0,761542","855,757258",,0,0,0,0,0
"15,46","0,238458","855,757258",,0,0,0,0,0
"15,461","-0,761542","856,757258",,0,0,0,0,0
"15,462","1,238458","858,757258",,0,0,0,0,0
"15,463","0,238458","857,757258",,0,0,0,0,0
"15,464","-0,761542","859,757258",,0,0,0,0,0
"15,465","-0,761542","860,757258",,0,0,0,0,0
"15,466","2,238458","860,757258",,0,0,0,0,0
"15,467","0,238458","860,757258",,0,0,0,0,0
"15,468","-0,761542","863,757258",,0,0,0,0,0
"15,469","0,238458","863,757258",,0,0,0,0,0
"15,47","0,238458","862,757258",,0,0,0,0,0
"15,471","0,238458","863,757258",,0,0,0,0,0
"15,472","0,238458","862,757258",,0,0,0,0,0
"15,473","0,238458","866,757258",,0,0,0,0,0
"15,474","1,238458","864,757258",,0,0,0,0,0
"15,475","0,238458","867,757258",,0,0,0,0,0
"15,476","-0,761542","866,757258",,0,0,0,0,0
"15,477","-1,761542","867,757258",,0,0,0,0,0
"15,478","1,238458","869,757258",,0,0,0,0,0
"15,479","-0,761542","869,757258",,0,0,0,0,0
"15,48","-0,761542","869,757258",,0,0,0,0,0
"15,481","-0,761542","871,757258",,0,0,0,0,0
"15,482","-0,761542","872,757258",,0,0,0,0,0
"15,483","0,238458","875,757258",,0,0,0,0,0
"15,484","-0,761542","875,757258",,0,0,0,0,0
"15,485","0,238458","878,757258",,0,0,0,0,0
"15,486","-1,761542","875,757258",,0,0,0,0,0
"15,487","0,238458","878,757258",,0,0,0,0,0
"15,488","0,238458","877,757258",,0,0,0,0,0
"15,489","1,238458","882,757258",,0,0,0,0,0
"15,49","0,238458","878,757258",,0,0,0,0,0
"15,491","0,238458","878,757258",,0,0,0,0,0
"15,492","-0,761542","882,757258",,0,0,0,0,0
"15,493","0,238458","882,757258",,0,0,0,0,0
"15,494","-0,761542","882,757258",,0,0,0,0,0
"15,495","-0,761542","883,757258",,0,0,0,0,0
"15,496","-0,761542","885,757258",,0,0,0,0,0
"15,497","-0,761542","885,757258",,0,0,0,0,0
"15,498","0,238458","882,757258",,0,0,0,0,0
"15,499","0,238458","886,757258",,0,0,0,0,0
"15,5","0,238458","884,757258",,0,0,0,0,0
"15,501","-0,761542","888,757258",,0,0,0,0,0
"15,502","-1,761542","887,757258",,0,0,0,0,0
"15,503","-0,761542","887,757258",,0,0,0,0,0
"15,504","0,238458","889,757258",,0,0,0,0,0
"15,505","0,238458","889,757258",,0,0,0,0,0
"15,506","0,238458","888,757258",,0,0,0,0,0
"15,507","-0,761542","889,757258",,0,0,0,0,0
"15,508","0,238458","888,757258",,0,0,0,0,0
"15,509","0,238458","889,757258",,0,0,0,0,0
"15,51","-0,761542","890,757258",,0,0,0,0,0
"15,511","-0,761542","892,757258",,0,0,0,0,0
"15,512","-0,761542","890,757258",,0,0,0,0,0
"15,513","-0,761542","890,757258",,0,0,0,0,0
"15,514","-0,761542","892,757258",,0,0,0,0,0
"15,515","1,238458","891,757258",,0,0,0,0,0
"15,516","1,238458","892,757258",,0,0,0,0,0
"15,517","0,238458","891,757258",,0,0,0,0,0
"15,518","-0,761542","893,757258",,0,0,0,0,0
"15,519","-0,761542","892,757258",,0,0,0,0,0
"15,52","-0,761542","891,757258",,0,0,0,0,0
"15,521","-0,761542","894,757258",,0,0,0,0,0
"15,522","-0,761542","893,757258",,0,0,0,0,0
"15,523","0,238458","892,757258",,0,0,0,0,0
"15,524","-0,761542","894,757258",,0,0,0,0,0
"15,525","1,238458","894,757258",,0,0,0,0,0
"15,526","0,238458","895,757258",,0,0,0,0,0
"15,527","1,238458","897,757258",,0,0,0,0,0
"15,528","0,238458","896,757258",,0,0,0,0,0
"15,529","-0,761542","897,757258",,0,0,0,0,0
"15,53","0,238458","894,757258",,0,0,0,0,0
"15,531","-0,761542","896,757258",,0,0,0,0,0
"15,532","0,238458","898,757258",,0,0,0,0,0
"15,533","-0,761542","897,757258",,0,0,0,0,0
"15,534","0,238458","899,757258",,0,0,0,0,0
"15,535","-0,761542","899,757258",,0,0,0,0,0
"15,536","-0,761542","900,757258",,0,0,0,0,0
"15,537","0,238458","899,757258",,0,0,0,0,0
"15,538","0,238458","900,757258",,0,0,0,0,0
"15,539","-0,761542","902,757258",,0,0,0,0,0
"15,54","-0,761542","903,757258",,0,0,0,0,0
"15,541","0,238458","902,757258",,0,0,0,0,0
"15,542","0,238458","900,757258",,0,0,0,0,0
"15,543","-0,761542","902,757258",,0,0,0,0,0
"15,544","1,238458","902,757258",,0,0,0,0,0
"15,545","-0,761542","904,757258",,0,0,0,0,0
"15,546","0,238458","907,757258",,0,0,0,0,0
"15,547","-0,761542","906,757258",,0,0,0,0,0
"15,548","0,238458","907,757258",,0,0,0,0,0
"15,549","0,238458","905,757258",,0,0,0,0,0
"15,55","0,238458","907,757258",,0,0,0,0,0
"15,551","1,238458","909,757258",,0,0,0,0,0
"15,552","0,238458","908,757258",,0,0,0,0,0
"15,553","-0,761542","910,757258",,0,0,0,0,0
"15,554","0,238458","912,757258",,0,0,0,0,0
"15,555","0,238458","912,757258",,0,0,0,0,0
"15,556","-1,761542","912,757258",,0,0,0,0,0
"15,557","1,238458","914,757258",,0,0,0,0,0
"15,558","-0,761542","914,757258",,0,0,0,0,0
"15,559","1,238458","917,757258",,0,0,0,0,0
"15,56","-0,761542","916,757258",,0,0,0,0,0
"15,561","-0,761542","916,757258",,0,0,0,0,0
"15,562","1,238458","918,757258",,0,0,0,0,0
"15,563","-0,761542","918,757258",,0,0,0,0,0
"15,564","-0,761542","920,757258",,0,0,0,0,0
"15,565","-0,761542","922,757258",,0,0,0,0,0
"15,566","-0,761542","921,757258",,0,0,0,0,0
"15,567","-0,761542","921,757258",,0,0,0,0,0
"15,568","-0,761542","922,757258",,0,0,0,0,0
"15,569","0,238458","923,757258",,0,0,0,0,0
"15,57","0,238458","921,757258",,0,0,0,0,0
"15,571","-0,761542","923,757258",,0,0,0,0,0
"15,572","-0,761542","921,757258",,0,0,0,0,0
"15,573","0,238458","924,757258",,0,0,0,0,0
"15,574","1,238458","923,757258",,0,0,0,0,0
"15,575","-0,761542","923,757258",,0,0,0,0,0
"15,576","-0,761542","924,757258",,0,0,0,0,0
"15,577","2,238458","923,757258",,0,0,0,0,0
"15,578","1,238458","923,757258",,0,0,0,0,0
"15,579","0,238458","924,757258",,0,0,0,0,0
"15,58","-0,761542","925,757258",,0,0,0,0,0
"15,581","1,238458","923,757258",,0,0,0,0,0
"15,582","-1,761542","921,757258",,0,0,0,0,0
"15,583","-0,761542","923,757258",,0,0,0,0,0
"15,584","0,238458","921,757258",,0,0,0,0,0
"15,585","0,238458","920,757258",,0,0,0,0,0
"15,586","0,238458","921,757258",,0,0,0,0,0
"15,587","0,238458","922,757258",,0,0,0,0,0
"15,588","0,238458","919,757258",,0,0,0,0,0
"15,589","-0,761542","921,757258",,0,0,0,0,0
"15,59","0,238458","920,757258",,0,0,0,0,0
"15,591","2,238458","918,757258",,0,0,0,0,0
"15,592","-1,761542","916,757258",,0,0,0,0,0
"15,593","0,238458","917,757258",,0,0,0,0,0
"15,594","-0,761542","916,757258",,0,0,0,0,0
"15,595","0,238458","915,757258",,0,0,0,0,0
"15,596","0,238458","912,757258",,0,0,0,0,0
"15,597","1,238458","915,757258",,0,0,0,0,0
"15,598","-0,761542","913,757258",,0,0,0,0,0
"15,599","1,238458","911,757258",,0,0,0,0,0
"15,6","0,238458","912,757258",,0,0,0,0,0
"15,601","-0,761542","906,757258",,0,0,0,0,0
"15,602","-0,761542","908,757258",,0,0,0,0,0
"15,603","-0,761542","904,757258",,0,0,0,0,0
"15,604","-0,761542","904,757258",,0,0,0,0,0
"15,605","1,238458","903,757258",,0,0,0,0,0
"15,606","-0,761542","901,757258",,0,0,0,0,0
"15,607","-0,761542","900,757258",,0,0,0,0,0
"15,608","-2,761542","898,757258",,0,0,0,0,0
"15,609","-0,761542","898,757258",,0,0,0,0,0
"15,61","1,238458","895,757258",,0,0,0,0,0
"15,611","-0,761542","895,757258",,0,0,0,0,0
"15,612","-0,761542","891,757258",,0,0,0,0,0
"15,613","0,238458","891,757258",,0,0,0,0,0
"15,614","-0,761542","889,757258",,0,0,0,0,0
"15,615","1,238458","888,757258",,0,0,0,0,0
"15,616","0,238458","886,757258",,0,0,0,0,0
"15,617","-0,761542","885,757258",,0,0,0,0,0
"15,618","0,238458","881,757258",,0,0,0,0,0
"15,619","0,238458","879,757258",,0,0,0,0,0
"15,62","-0,761542","879,757258",,0,0,0,0,0
"15,621","0,238458","877,757258",,0,0,0,0,0
"15,622","1,238458","874,757258",,0,0,0,0,0
"15,623","-0,761542","875,757258",,0,0,0,0,0
"15,624","-0,761542","873,757258",,0,0,0,0,0
"15,625","-0,761542","870,757258",,0,0,0,0,0
"15,626","-0,761542","868,757258",,0,0,0,0,0
"15,627","0,238458","866,757258",,0,0,0,0,0
"15,628","-0,761542","866,757258",,0,0,0,0,0
"15,629","1,238458","866,757258",,"-0,19855",0,0,0,0
"15,63","-0,761542","861,757258",,"-0,27604","-0,00024",0,"0,20431","-0,02144"
"15,631","-0,761542","865,757258",,"-0,23176","-0,00049",0,"0,42488","-0,04437"
"15,632","0,238458","860,757258",,"-0,27604","-0,00075",0,"0,64152","-0,06731"
"15,633","0,238458","858,757258",,"-0,29817","-0,00103",0,"0,88665","-0,09325"
"15,634","0,238458","857,757258",,"-0,30924","-0,00134",0,"1,1462","-0,12069"
"15,635","1,238458","856,757258",,"-0,30924","-0,00165",0,"1,41153","-0,14862"
"15,636","1,238458","854,757258",,"-0,33138","-0,00197",-1E-05,"1,68242","-0,17756"
"15,637","0,238458","853,757258",,"-0,35352","-0,00231",-1E-05,"1,97094","-0,2085"
"15,638","0,238458","852,757258",,"-0,36459","-0,00267",-1E-05,"2,27491","-0,24093"
"15,639","0,238458","849,757258",,"-0,3978","-0,00305",-1E-05,"2,59092","-0,27537"
"15,64","-0,761542","849,757258",,"-0,40887","-0,00345",-2E-05,"2,9303","-0,31181"
"15,641","-0,761542","847,757258",,"-0,43101","-0,00387",-2E-05,"3,27908","-0,34974"
"15,642","0,238458","846,757258",,"-0,43101","-0,0043",-2E-05,"3,64414","-0,38868"
"15,643","-0,761542","846,757258",,"-0,44207","-0,00474",-3E-05,"4,00915","-0,42812"
"15,644","0,238458","842,757258",,"-0,47528","-0,0052",-3E-05,"4,3816","-0,46956"
"15,645","0,238458","843,757258",,"-0,46421","-0,00567",-4E-05,"4,78326","-0,51199"
"15,646","1,238458","840,757258",,"-0,48635","-0,00614",-5E-05,"5,17211","-0,55493"
"15,647","-0,761542","839,757258",,"-0,51956","-0,00665",-5E-05,"5,57566","-0,60037"
"15,648","0,238458","837,757258",,"-0,53063","-0,00717",-6E-05,"6,00904","-0,6478"
"15,649","0,238458","835,757258",,"-0,55277","-0,00771",-7E-05,"6,44756","-0,69674"
"15,65","-0,761542","832,757258",,"-0,59704","-0,00829",-7E-05,"6,89503","-0,74868"
"15,651","-1,761542","831,757258",,"-0,61918","-0,0089",-8E-05,"7,38319","-0,80361"
"15,652","0,238458","830,757258",,"-0,60811","-0,00951",-9E-05,"7,90202","-0,85905"
"15,653","-0,761542","827,757258",,"-0,65239","-0,01014","-0,0001","8,3852","-0,91599"
"15,654","0,238458","824,757258",,"-0,67453","-0,0108","-0,00011","8,91227","-0,97593"
"15,655","-0,761542","820,757258",,"-0,72988","-0,01151","-0,00012","9,43406","-1,03936"
"15,656","1,238458","817,757258",,"-0,74095","-0,01224","-0,00014","10,02486","-1,1058"
"15,657","1,238458","816,757258",,"-0,75202","-0,01299","-0,00015","10,62324","-1,17324"
"15,658","0,238458","813,757258",,"-0,79629","-0,01376","-0,00016","11,20145","-1,24317"
"15,659","0,238458","808,757258",,"-0,85164","-0,01459","-0,00018","11,79922","-1,31761"
"15,66","0,238458","806,757258",,"-0,87378","-0,01545","-0,00019","12,46626","-1,39555"
"15,661","-0,761542","802,757258",,"-0,92912","-0,01635","-0,00021","13,11198","-1,47699"
"15,662","0,238458","801,757258",,"-0,92912","-0,01728","-0,00022","13,85713","-1,56092"
"15,663","-0,761542","798,757258",,"-0,9734","-0,01823","-0,00024","14,54712","-1,64686"
"15,664","-0,761542","793,757258",,"-1,02875","-0,01923","-0,00026","15,24982","-1,7373"
"15,665","0,238458","789,757258",,"-1,06196","-0,02028","-0,00028","16,01795","-1,83173"
"15,666","1,238458","787,757258",,"-1,07302","-0,02134","-0,0003","16,83992","-1,92817"
"15,667","-0,761542","784,757258",,"-1,12837","-0,02244","-0,00032","17,59615","-2,02761"
"15,668","1,238458","781,757258",,"-1,13944","-0,02358","-0,00035","18,46154","-2,13004"
"15,669","-0,761542","777,757258",,"-1,20586","-0,02475","-0,00037","19,23122","-2,23598"
"15,67","-0,761542","771,757258",,"-1,27227","-0,02599","-0,0004","20,03803","-2,34792"
"15,671","0,238458","767,757258",,"-1,30548","-0,02728","-0,00042","20,94991","-2,46436"
"15,672","1,238458","764,757258",,"-1,32762","-0,0286","-0,00045","21,90382","-2,58329"
"15,673","1,238458","761,757258",,"-1,36083","-0,02994","-0,00048","22,84367","-2,70473"
"15,674","-1,761542","754,757258",,"-1,47152","-0,03136","-0,00051","23,61065","-2,83267"
"15,675","-0,761542","753,757258",,"-1,47152","-0,03283","-0,00054","24,7187","-2,9656"
"15,676","0,238458","747,757258",,"-1,52687","-0,03433","-0,00058","25,67595","-3,10104"
"15,677","-0,761542","741,757258",,"-1,60435","-0,03589","-0,00061","26,59578","-3,24248"
"15,678","1,238458","738,757258",,"-1,61542","-0,0375","-0,00065","27,75119","-3,38792"
"15,679","0,238458","733,757258",,"-1,68184","-0,03915","-0,00069","28,73627","-3,53685"
"15,68","-0,761542","729,757258",,"-1,73718","-0,04086","-0,00073","29,78674","-3,69129"
"15,681","-0,761542","721,757258",,"-1,82574","-0,04264","-0,00077","30,74428","-3,85223"
"15,682","1,238458","719,757258",,"-1,82574","-0,04447","-0,00081","32,06063","-4,01716"
"15,683","0,238458","714,757258",,"-1,89215","-0,04633","-0,00086","33,12297","-4,1851"
"15,684","-0,761542","709,757258",,"-1,95857","-0,04825","-0,0009","34,21008","-4,35904"
"15,685","2,238458","703,757258",,"-1,99178","-0,05023","-0,00095","35,45979","-4,53747"
"15,686","-0,761542","701,757258",,"-2,04712","-0,05225","-0,001","36,62428","-4,71991"
"15,687","-0,761542","697,757258",,"-2,0914","-0,05432","-0,00106","37,85757","-4,90685"
"15,688","0,238458","689,757258",,"-2,16888","-0,05645","-0,00111","38,94715","-5,09929"
"15,689","0,238458","685,757258",,"-2,21316","-0,05864","-0,00117","40,2244","-5,29722"
"15,69","0,238458","676,757258",,"-2,31279","-0,0609","-0,00123","41,22869","-5,50166"
"15,691","0,238458","676,757258",,"-2,31279","-0,06321","-0,00129","42,79444","-5,7106"
"15,692","-0,761542","668,757258",,"-2,41241","-0,06557","-0,00136","43,80373","-5,92403"
"15,693","-0,761542","663,757258",,"-2,46776","-0,06801","-0,00142","45,09362","-6,14447"
"15,694","0,238458","657,757258",,"-2,5231","-0,07051","-0,00149","46,39553","-6,36991"
"15,695","-1,761542","649,757258",,"-2,6338","-0,07309","-0,00156","47,36125","-6,60284"
"15,696","1,238458","644,757258",,"-2,65593","-0,07573","-0,00164","48,92364","-6,84178"
"15,697","-0,761542","639,757258",,"-2,73342","-0,07843","-0,00172","50,11539","-7,08522"
"15,698","-0,761542","633,757258",,"-2,79983","-0,08119","-0,0018","51,39609","-7,33516"
"15,699","-0,761542","627,757258",,"-2,86625","-0,08403","-0,00188","52,68522","-7,59109"
"15,7","-0,761542","622,757258",,"-2,9216","-0,08692","-0,00196","54,06509","-7,85253"
"15,701","-0,761542","616,757258",,"-2,98801","-0,08988","-0,00205","55,3637","-8,11947"
"15,702","-0,761542","607,757258",,"-3,08764","-0,09291","-0,00214","56,39876","-8,3939"
"15,703","-0,761542","603,757258",,"-3,13191","-0,09602","-0,00224","57,90228","-8,67484"
"15,704","-0,761542","594,757258",,"-3,23154","-0,09921","-0,00234","58,92799","-8,96228"
"15,705","-0,761542","590,757258",,"-3,27581","-0,10246","-0,00244","60,45082","-9,25622"
"15,706","-0,761542","584,757258",,"-3,34223","-0,10577","-0,00254","61,76852","-9,55515"
"15,707","1,238458","576,757258",,"-3,40865","-0,10914","-0,00265","63,0849","-9,86009"
"15,708","0,238458","572,757258",,"-3,46399","-0,11258","-0,00276","64,50817","-10,17053"
"15,709","-0,761542","564,757258",,"-3,56362","-0,11609","-0,00287","65,47672","-10,48796"
"15,71","-0,761542","559,757258",,"-3,61896","-0,11969","-0,00299","66,90376","-10,8124"
"15,711","1,238458","552,757258",,"-3,67431","-0,12333","-0,00311","68,32555","-11,14184"
"15,712","-0,761542","546,757258",,"-3,76286","-0,12705","-0,00324","69,36923","-11,47777"
"15,713","-0,761542","540,757258",,"-3,82928","-0,13085","-0,00337","70,65678","-11,82071"
"15,714","-0,761542","534,757258",,"-3,89569","-0,13471","-0,0035","71,93425","-12,16965"
"15,715","2,238458","526,757258",,"-3,95104","-0,13863","-0,00364","73,33615","-12,52409"
"15,716","-0,761542","520,757258",,"-4,05066","-0,14263","-0,00378","74,16888","-12,88552"
"15,717","0,238458","513,757258",,"-4,11708","-0,14672","-0,00392","75,41217","-13,25446"
"15,718","1,238458","507,757258",,"-4,17243","-0,15086","-0,00407","76,78825","-13,6289"
"15,719","0,238458","499,757258",,"-4,27205","-0,15508","-0,00422","77,54159","-14,01033"
"15,72","-1,761542","494,757258",,"-4,34954","-0,1594","-0,00438","78,5812","-14,39977"
"15,721","-1,761542","487,757258",,"-4,42702","-0,16378","-0,00454","79,59812","-14,79621"
"15,722","1,238458","482,757258",,"-4,44916","-0,16822","-0,00471","81,41857","-15,19715"
"15,723","0,238458","475,757258",,"-4,53771","-0,17272","-0,00488","82,21165","-15,60308"
"15,724","0,238458","469,757258",,"-4,60413","-0,17729","-0,00505","83,32367","-16,01602"
"15,725","-0,761542","463,757258",,"-4,68161","-0,18193","-0,00523","84,2323","-16,43546"
"15,726","1,238458","456,757258",,"-4,73696","-0,18664","-0,00542","85,47949","-16,86089"
"15,727","-0,761542","448,757258",,"-4,84765","-0,19143","-0,00561","85,76004","-17,29383"
"15,728","1,238458","443,757258",,"-4,88086","-0,19629","-0,0058","87,35032","-17,73327"
"15,729","1,238458","437,757258",,"-4,94728","-0,20121","-0,006","88,32981","-18,1772"
"15,73","-0,761542","428,757258",,"-5,06904","-0,20622","-0,0062","88,25998","-18,62964"
"15,731","1,238458","422,757258",,"-5,11332","-0,21131","-0,00641","89,59375","-19,08958"
"15,732","0,238458","417,757258",,"-5,17973","-0,21645","-0,00663","90,47713","-19,55452"
"15,733","0,238458","413,757258",,"-5,22401","-0,22166","-0,00684","91,76486","-20,02445"
"15,734","1,238458","405,757258",,"-5,30149","-0,22692","-0,00707","92,35518","-20,49989"
"15,735","0,238458","396,757258",,"-5,41219","-0,23228","-0,0073","92,21263","-20,98383"
"15,736","-0,761542","393,757258",,"-5,45646","-0,23771","-0,00753","93,4192","-21,47476"
"15,737","-0,761542","384,757258",,"-5,55609","-0,24322","-0,00777","93,39419","-21,9722"
"15,738","-0,761542","380,757258",,"-5,60037","-0,24879","-0,00802","94,54102","-22,47614"
"15,739","0,238458","372,757258",,"-5,67785","-0,25443","-0,00827","94,90282","-22,98557"
"15,74","-0,761542","365,757258",,"-5,76641","-0,26016","-0,00853","94,9559","-23,50251"
"15,741","0,238458","357,757258",,"-5,84389","-0,26596","-0,00879","95,21303","-24,02695"
"15,742","-1,761542","351,757258",,"-5,93244","-0,27185","-0,00906","95,14617","-24,55889"
"15,743","0,238458","343,757258",,"-5,99886","-0,27782","-0,00934","95,56723","-25,09782"
"15,744","0,238458","341,757258",,"-6,021","-0,28383","-0,00962","97,06697","-25,64076"
"15,745","2,238458","336,757258",,"-6,05421","-0,28986","-0,0099","98,26222","-26,1862"
"15,746","-0,761542","328,757258",,"-6,17597","-0,29598","-0,0102","97,07945","-26,73863"
"15,747","-0,761542","323,757258",,"-6,23132","-0,30218","-0,01049","97,60331","-27,29907"
"15,748","-0,761542","318,757258",,"-6,28666","-0,30844","-0,0108","98,08274","-27,86451"
"15,749","0,238458","311,757258",,"-6,35308","-0,31476","-0,01111","98,20386","-28,43545"
"15,75","1,238458","303,757258",,"-6,43056","-0,32115","-0,01143","97,95002","-29,01288"
"15,751","0,238458","299,757258",,"-6,48591","-0,32761","-0,01175","98,2817","-29,59632"
"15,752","-0,761542","294,757258",,"-6,55233","-0,33413","-0,01209","98,23263","-30,18526"
"15,753","0,238458","288,757258",,"-6,60767","-0,34071","-0,01242","98,46358","-30,77969"
"15,754","0,238458","282,757258",,"-6,67409","-0,34735","-0,01277","98,29866","-31,37963"
"15,755","-0,761542","274,757258",,"-6,77371","-0,35407","-0,01312","97,01483","-31,98707"
"15,756","0,238458","270,757258",,"-6,80692","-0,36086","-0,01347","97,79275","-32,6005"
"15,757","0,238458","263,757258",,"-6,8844","-0,36771","-0,01384","97,07392","-33,21894"
"15,758","2,238458","258,757258",,"-6,91761","-0,37461","-0,01421","97,77193","-33,84238"
"15,759","0,238458","251,757258",,"-7,01724","-0,38158","-0,01459","96,15619","-34,47182"
"15,76","0,238458","244,757258",,"-7,09472","-0,38863","-0,01497","95,21382","-35,10925"
"15,761","-0,761542","236,757258",,"-7,19434","-0,39578","-0,01537","93,40219","-35,75469"
"15,762","-0,761542","232,757258",,"-7,23862","-0,403","-0,01576","93,49326","-36,40663"
"15,763","0,238458","227,757258",,"-7,2829","-0,41026","-0,01617","93,5367","-37,06256"
"15,764","-0,761542","218,757258",,"-7,39359","-0,41759","-0,01659","91,03385","-37,7255"
"15,765","-0,761542","211,757258",,"-7,47108","-0,42503","-0,01701","89,67887","-38,39694"
"15,766","-0,761542","204,757258",,"-7,54856","-0,43254","-0,01744","88,23566","-39,07538"
"15,767","0,238458","200,757258",,"-7,58177","-0,4401","-0,01787","88,45861","-39,75881"
"15,768","-0,761542","193,757258",,"-7,67032","-0,44773","-0,01832","86,40959","-40,44775"
"15,769","-0,761542","184,757258",,"-7,76995","-0,45545","-0,01877","83,80051","-41,14519"
"15,77","-2,761542","180,757258",,"-7,83636","-0,46325","-0,01923","82,45675","-41,85012"
"15,771","2,238458","172,757258",,"-7,86957","-0,4711","-0,01969","82,44123","-42,55956"
"15,772","0,238458","168,757258",,"-7,93599","-0,47901","-0,02017","80,95014","-43,2735"
"15,773","0,238458","161,757258",,"-8,01347","-0,48698","-0,02065","78,88896","-43,99393"
"15,774","0,238458","156,757258",,"-8,06882","-0,49502","-0,02114","77,71648","-44,72037"
"15,775","-0,761542","148,757258",,"-8,16844","-0,50314","-0,02164","74,4628","-45,45381"
"15,776","-0,761542","144,757258",,"-8,21272","-0,51133","-0,02215","73,62964","-46,19375"
"15,777","-0,761542","136,757258",,"-8,30127","-0,51959","-0,02266","70,6619","-46,93968"
"15,778","-0,761542","131,757258",,"-8,35662","-0,52792","-0,02319","69,15501","-47,69212"
"15,779","-0,761542","126,757258",,"-8,41197","-0,5363","-0,02372","67,5718","-48,44956"
"15,78","0,238458","123,757258",,"-8,4341","-0,54473","-0,02426","67,54362","-49,21049"
"15,781","1,238458","116,757258",,"-8,50052","-0,55319","-0,02481","65,27437","-49,97543"
"15,782","1,238458","109,757258",,"-8,57801","-0,56173","-0,02537","62,34984","-50,74687"
"15,783","-0,761542","104,757258",,"-8,65549","-0,57035","-0,02593","59,31383","-51,5253"
"15,784","-1,761542","101,757258",,"-8,69977","-0,57903","-0,02651","57,90016","-52,30924"
"15,785","1,238458","93,757258",,"-8,75511","-0,58775","-0,02709","55,83409","-53,09768"
"15,786","-0,761542","93,757258",,"-8,77725","-0,59652","-0,02768","55,4738","-53,88962"
"15,787","-0,761542","86,757258",,"-8,85474","-0,60534","-0,02828","52,0563","-54,68605"
"15,788","-0,761542","83,757258",,"-8,88795","-0,61421","-0,02889","50,97658","-55,48749"
"15,789","1,238458","81,757258",,"-8,88795","-0,6231","-0,02951","51,71424","-56,29043"
"15,79","0,238458","76,757258",,"-8,95436","-0,63202","-0,03014","48,66256","-57,09636"
"15,791","-0,761542","74,757258",,"-8,98757","-0,64099","-0,03078","47,43032","-57,9068"
"15,792","1,238458","72,757258",,"-8,98757","-0,64997","-0,03142","48,09536","-58,71874"
"15,793","0,238458","67,757258",,"-9,05399","-0,659","-0,03208","44,80889","-59,53368"
"15,794","2,238458","66,757258",,"-9,04292","-0,66804","-0,03274","46,09219","-60,35111"
"15,795","-1,761542","63,757258",,"-9,1204","-0,67713","-0,03341","41,9789","-61,17155"
"15,796","1,238458","60,757258",,"-9,1204","-0,68625","-0,03409","42,54433","-61,99549"
"15,797","-0,761542","57,757258",,"-9,17575","-0,69539","-0,03479","39,6345","-62,82192"
"15,798","-1,761542","54,757258",,"-9,22002","-0,70459","-0,03549","37,34037","-63,65286"
"15,799","-0,761542","54,757258",,"-9,20896","-0,71381","-0,0362","38,5425","-64,4853"
"15,8","1,238458","54,757258",,"-9,18682","-0,723","-0,03691","40,48516","-65,31623"
"15,801","-0,761542","52,757258",,"-9,23109","-0,73221","-0,03764","38,07197","-66,14817"
"15,802","0,238458","51,757258",,"-9,23109","-0,74144","-0,03838","38,55194","-66,98211"
"15,803","-0,761542","52,757258",,"-9,23109","-0,75068","-0,03912","39,03192","-67,81605"
"15,804","0,238458","49,757258",,"-9,25323","-0,75992","-0,03988","37,99264","-68,65098"
"15,805","1,238458","52,757258",,"-9,20896","-0,76915","-0,04064","41,53075","-69,48492"
"15,806","-0,761542","51,757258",,"-9,24216","-0,77837","-0,04142","39,69377","-70,31836"
"15,807","1,238458","50,757258",,"-9,23109","-0,78761","-0,0422","40,95241","-71,15279"
"15,808","-0,761542","51,757258",,"-9,24216","-0,79685","-0,04299","40,63582","-71,98723"
"15,809","0,238458","51,757258",,"-9,23109","-0,80608","-0,04379","41,91294","-72,82167"
"15,81","-0,761542","52,757258",,"-9,23109","-0,81532","-0,0446","42,39291","-73,65561"
"15,811","-0,761542","54,757258",,"-9,20896","-0,82454","-0,04542","44,52139","-74,48854"
"15,812","-0,761542","56,757258",,"-9,18682","-0,83373","-0,04625","46,6855","-75,31948"
"15,813","-0,761542","56,757258",,"-9,18682","-0,84292","-0,04709","47,19992","-76,14942"
"15,814","-0,761542","58,757258",,"-9,16468","-0,8521","-0,04794","49,41792","-76,97835"
"15,815","1,238458","59,757258",,"-9,13147","-0,86124","-0,0488","52,5322","-77,80479"
"15,816","2,238458","64,757258",,"-9,06505","-0,87034","-0,04966","58,30921","-78,62673"
"15,817","-0,761542","63,757258",,"-9,10933","-0,87943","-0,05054","55,40029","-79,44766"
"15,818","0,238458","70,757258",,"-9,02078","-0,88849","-0,05142","63,07931","-80,2666"
"15,819","2,238458","70,757258",,"-8,99864","-0,8975","-0,05231","65,51397","-81,08054"
"15,82","0,238458","75,757258",,"-8,96543","-0,90649","-0,05322","68,88908","-81,89198"
"15,821","0,238458","77,757258",,"-8,94329","-0,91544","-0,05413","71,40045","-82,70091"
"15,822","-0,761542","81,757258",,"-8,91008","-0,92437","-0,05505","74,8698","-83,50735"
"15,823","-0,761542","85,757258",,"-8,86581","-0,93326","-0,05598","79,32271","-84,31029"
"15,824","-0,761542","88,757258",,"-8,8326","-0,9421","-0,05691","82,90116","-85,10972"
"15,825","-0,761542","94,757258",,"-8,76618","-0,9509","-0,05786","89,3809","-85,90466"
"15,826","-0,761542","97,757258",,"-8,73298","-0,95965","-0,05882","93,08228","-86,6951"
"15,827","2,238458","102,757258",,"-8,64442","-0,96834","-0,05978","101,67178","-87,48003"
"15,828","2,238458","109,757258",,"-8,56694","-0,97695","-0,06075","109,41398","-88,25747"
"15,829","-1,761542","113,757258",,"-8,56694","-0,98551","-0,06173","110,37344","-89,03141"
"15,83","-0,761542","120,757258",,"-8,47838","-0,99404","-0,06272","119,28024","-89,80135"
"15,831","-0,761542","124,757258",,"-8,4341","-1,00249","-0,06372","124,30493","-90,56528"
"15,832","-1,761542","130,757258",,"-8,37876","-1,0109","-0,06473","130,40179","-91,32472"
"15,833","0,238458","136,757258",,"-8,2902","-1,01923","-0,06574","139,63078","-92,07766"
"15,834","-0,761542","142,757258",,"-8,23486","-1,0275","-0,06677","145,9002","-92,82409"
"15,835","-0,761542","147,757258",,"-8,17951","-1,0357","-0,0678","152,2441","-93,56553"
"15,836","0,238458","155,757258",,"-8,07989","-1,04383","-0,06884","162,83364","-94,29997"
"15,837","0,238458","162,757258",,"-8,0024","-1,05188","-0,06989","171,45115","-95,02641"
"15,838","0,238458","169,757258",,"-7,92492","-1,05984","-0,07094","180,16807","-95,74584"
"15,839","-0,761542","176,757258",,"-7,8585","-1,06773","-0,07201","187,91601","-96,45878"
"15,84","-0,761542","185,757258",,"-7,75888","-1,07554","-0,07308","198,97015","-97,16422"
"15,841","0,238458","196,757258",,"-7,62605","-1,08323","-0,07416","213,39201","-97,85915"
"15,842","0,238458","201,757258",,"-7,5707","-1,09083","-0,07524","220,34301","-98,54559"
"15,843","0,238458","210,757258",,"-7,47108","-1,09835","-0,07634","231,74735","-99,22503"
"15,844","-0,761542","220,757258",,"-7,37145","-1,10577","-0,07744","243,26516","-99,89546"
"15,845","-0,761542","228,757258",,"-7,2829","-1,1131","-0,07855","253,7819","-100,5574"
"15,846","-0,761542","236,757258",,"-7,19434","-1,12034","-0,07967","264,39498","-101,21134"
"15,847","1,238458","246,757258",,"-7,06151","-1,12747","-0,08079","279,60673","-101,85528"
"15,848","1,238458","257,757258",,"-6,93975","-1,13447","-0,08192","293,82199","-102,48771"
"15,849","0,238458","268,757258",,"-6,82906","-1,14135","-0,08306","307,01853","-103,10965"
"15,85","-0,761542","279,757258",,"-6,71836","-1,14812","-0,0842","320,32188","-103,72159"
"15,851","-0,761542","287,757258",,"-6,62981","-1,1548","-0,08535","331,42231","-104,32452"
"15,852","-0,761542","299,757258",,"-6,49698","-1,16136","-0,08651","347,24232","-104,91746"
"15,853","-0,761542","309,757258",,"-6,38629","-1,1678","-0,08768","360,84638","-105,4994"
"15,854","-1,761542","320,757258",,"-6,27559","-1,17413","-0,08885","374,54396","-106,07134"
"15,855","-2,761542","329,757258",,"-6,18704","-1,18037","-0,09003","385,97465","-106,63427"
"15,856","-1,761542","340,757258",,"-6,05421","-1,18649","-0,09121","402,21391","-107,18721"
"15,857","-0,761542","351,757258",,"-5,92138","-1,19247","-0,0924","418,55344","-107,72815"
"15,858","1,238458","362,757258",,"-5,77747","-1,19832","-0,09359","436,18477","-108,25658"
"15,859","-0,761542","375,757258",,"-5,65571","-1,20404","-0,0948","451,51004","-108,77302"
"15,86","0,238458","385,757258",,"-5,53395","-1,20964","-0,096","466,91406","-109,27846"
"15,861","0,238458","395,757258",,"-5,42326","-1,21511","-0,09721","481,17992","-109,77339"
"15,862","0,238458","409,757258",,"-5,26829","-1,22046","-0,09843","500,38326","-110,25633"
"15,863","0,238458","424,757258",,"-5,10225","-1,22564","-0,09966","520,89387","-110,72477"
"15,864","1,238458","435,757258",,"-4,96942","-1,23068","-0,10088","537,80225","-111,17971"
"15,865","-0,761542","448,757258",,"-4,84765","-1,23559","-0,10212","553,53874","-111,62314"
"15,866","-0,761542","461,757258",,"-4,70375","-1,24037","-0,10335","571,80298","-112,05458"
"15,867","-0,761542","476,757258",,"-4,53771","-1,24499","-0,1046","592,6079","-112,47202"
"15,868","-0,761542","493,757258",,"-4,34954","-1,24943","-0,10584","615,96335","-112,87345"
"15,869","-0,761542","508,757258",,"-4,1835","-1,2537","-0,1071","636,87216","-113,25889"
"15,87","0,238458","524,757258",,"-3,99532","-1,25779","-0,10835","660,33192","-113,62833"
"15,871","-0,761542","542,757258",,"-3,80714","-1,26169","-0,10961","683,82872","-113,98076"
"15,872","-0,761542","562,757258",,"-3,58575","-1,26538","-0,11088","711,13984","-114,3147"
"15,873","-0,761542","581,757258",,"-3,37544","-1,26886","-0,11214","737,20432","-114,62914"
"15,874","0,238458","604,757258",,"-3,10977","-1,27211","-0,11341","769,61881","-114,92208"
"15,875","1,238458","623,757258",,"-2,88839","-1,27511","-0,11469","796,93535","-115,19301"
"15,876","0,238458","648,757258",,"-2,62273","-1,27786","-0,11596","829,32622","-115,44195"
"15,877","-0,761542","675,757258",,"-2,33492","-1,28034","-0,11724","864,2238","-115,66589"
"15,878","-0,761542","710,757258",,"-1,9475","-1,28248","-0,11852","910,55594","-115,85932"
"15,879","-1,761542","745,757258",,"-1,57114","-1,28424","-0,11981","955,46922","-116,01826"
"15,88","-3,761542","787,757258",,"-1,12837","-1,28559","-0,12109","1007,89703","-116,1402"
"15,881","-2,761542","840,757258",,"-0,53063","-1,28642","-0,12238","1078,01401","-116,21514"
"15,882","-2,761542","899,757258",,"0,12246","-1,28662","-0,12366","1154,09582","-116,23357"
"15,883","-5,761542","963,757258",,"0,79769","-1,28616","-0,12495","1232,13911","-116,19201"
"15,884","-4,761542","1033,757258",,"1,58361","-1,28497","-0,12624","1322,23155","-116,08445"
"15,885","-3,761542","1107,757258",,"2,4138","-1,28297","-0,12752","1416,39795","-115,90388"
"15,886","-4,761542","1177,757258",,"3,17758","-1,28018","-0,1288","1501,64383","-115,65132"
"15,887","-3,761542","1241,757258",,"3,89709","-1,27664","-0,13008","1580,47622","-115,33176"
"15,888","-2,761542","1294,757258",,"4,49483","-1,27245","-0,13135","1643,99368","-114,95269"
"15,889","-0,761542","1330,757258",,"4,91546","-1,26774","-0,13262","1686,08877","-114,52763"
"15,89","4,238458","1349,757258",,"5,18113","-1,26269","-0,13389","1709,67916","-114,07157"
"15,891","10,238458","1351,757258",,"5,26968","-1,25747","-0,13515","1712,66372","-113,59951"
"15,892","12,238458","1338,757258",,"5,14792","-1,25226","-0,1364","1691,79452","-113,12894"
"15,893","13,238458","1319,757258",,"4,94867","-1,24721","-0,13765","1662,52453","-112,67288"
"15,894","15,238458","1294,757258",,"4,69408","-1,24239","-0,1389","1627,52274","-112,23732"
"15,895","14,238458","1266,757258",,"4,37307","-1,23785","-0,14014","1585,68601","-111,82775"
"15,896","11,238458","1242,757258",,"4,0742","-1,23363","-0,14138","1546,96752","-111,44619"
"15,897","8,238458","1220,757258",,"3,79746","-1,22969","-0,14261","1511,28964","-111,09063"
"15,898","3,238458","1200,757258",,"3,52073","-1,22604","-0,14383","1476,14173","-110,76007"
"15,899","-0,761542","1177,757258",,"3,22186","-1,22266","-0,14506","1439,07076","-110,4555"
"15,9","-1,761542","1161,757258",,"3,03368","-1,21954","-0,14628","1414,65727","-110,17294"
"15,901","-6,761542","1145,757258",,"2,80123","-1,21662","-0,1475","1385,72403","-109,90938"
"15,902","-8,761542","1134,757258",,"2,65733","-1,21389","-0,14871","1366,83482","-109,66281"
"15,903","-8,761542","1128,757258",,"2,59091","-1,21127","-0,14993","1356,61248","-109,42575"
"15,904","-9,761542","1117,757258",,"2,45808","-1,20874","-0,15114","1339,28016","-109,19769"
"15,905","-9,761542","1110,757258",,"2,3806","-1,20632","-0,15234","1328,15529","-108,97912"
"15,906","-6,761542","1107,757258",,"2,3806","-1,20394","-0,15355","1325,53427","-108,76406"
"15,907","-5,761542","1106,757258",,"2,3806","-1,20156","-0,15475","1322,91324","-108,549"
"15,908","-5,761542","1107,757258",,"2,39166","-1,19917","-0,15595","1321,4853","-108,33344"
"15,909","-1,761542","1109,757258",,"2,45808","-1,19675","-0,15715","1325,9936","-108,11437"
"15,91","0,238458","1113,757258",,"2,5245","-1,19426","-0,15835","1330,39881","-107,88931"
"15,911","1,238458","1115,757258",,"2,5577","-1,19172","-0,15954","1331,14319","-107,65975"
"15,912","2,238458","1117,757258",,"2,59091","-1,18914","-0,16073","1331,83513","-107,42718"
"15,913","3,238458","1124,757258",,"2,67947","-1,18651","-0,16192","1338,37579","-107,18912"
"15,914","3,238458","1129,757258",,"2,73481","-1,1838","-0,1631","1341,24115","-106,94456"
"15,915","1,238458","1137,757258",,"2,80123","-1,18103","-0,16428","1345,1912","-106,69449"
"15,916","1,238458","1145,757258",,"2,88978","-1,17819","-0,16546","1351,37567","-106,43743"
"15,917","1,238458","1155,757258",,"3,00048","-1,17524","-0,16664","1359,75004","-106,17137"
"15,918","-0,761542","1164,757258",,"3,07796","-1,1722","-0,16781","1364,4391","-105,89681"
"15,919","2,238458","1177,757258",,"3,25507","-1,16904","-0,16898","1379,45787","-105,61074"
"15,92","0,238458","1188,757258",,"3,35469","-1,16573","-0,17015","1386,04971","-105,31218"
"15,921","0,238458","1200,757258",,"3,48752","-1,16231","-0,17132","1395,92975","-105,00312"
"15,922","-0,761542","1215,757258",,"3,64249","-1,15875","-0,17248","1407,87063","-104,68105"
"15,923","1,238458","1229,757258",,"3,8196","-1,15501","-0,17363","1421,81765","-104,34399"
"15,924","-0,761542","1241,757258",,"3,9303","-1,15114","-0,17479","1428,55899","-103,99393"
"15,925","-0,761542","1255,757258",,"4,08527","-1,14713","-0,17594","1439,6452","-103,63187"
"15,926","0,238458","1268,757258",,"4,24024","-1,14297","-0,17708","1450,42252","-103,2558"
"15,927","-0,761542","1283,757258",,"4,39521","-1,13865","-0,17822","1460,88447","-102,86574"
"15,928","-2,761542","1294,757258",,"4,49483","-1,13421","-0,17936","1465,38938","-102,46418"
"15,929","-1,761542","1308,757258",,"4,66087","-1,12963","-0,18049","1476,41925","-102,05061"
"15,93","-2,761542","1319,757258",,"4,77156","-1,12491","-0,18162","1481,50429","-101,62455"
"15,931","0,238458","1333,757258",,"4,95974","-1,12005","-0,18274","1494,13704","-101,18499"
"15,932","1,238458","1345,757258",,"5,10364","-1,11501","-0,18386","1501,91997","-100,73042"
"15,933","0,238458","1353,757258",,"5,18113","-1,10987","-0,18497","1502,76231","-100,26586"
"15,934","-0,761542","1362,757258",,"5,26968","-1,10465","-0,18608","1504,52431","-99,7938"
"15,935","-0,761542","1370,757258",,"5,35824","-1,09933","-0,18718","1506,08139","-99,31374"
"15,936","-0,761542","1375,757258",,"5,41358","-1,09395","-0,18828","1504,17245","-98,82717"
"15,937","3,238458","1385,757258",,"5,56855","-1,08846","-0,18937","1511,86064","-98,33111"
"15,938","1,238458","1389,757258",,"5,59069","-1,08288","-0,19045","1506,27632","-97,82705"
"15,939","-0,761542","1394,757258",,"5,6239","-1,07727","-0,19153","1501,70841","-97,32048"
"15,94","3,238458","1401,757258",,"5,74566","-1,07158","-0,19261","1505,57128","-96,80692"
"15,941","-0,761542","1406,757258",,"5,75673","-1,06583","-0,19368","1498,55671","-96,28736"
"15,942","0,238458","1409,757258",,"5,80101","-1,06005","-0,19474","1494,67186","-95,7653"
"15,943","0,238458","1415,757258",,"5,86742","-1,05422","-0,1958","1492,77096","-95,23823"
"15,944","1,238458","1420,757258",,"5,93384","-1,04832","-0,19685","1490,70561","-94,70517"
"15,945","1,238458","1427,757258",,"6,01132","-1,04235","-0,19789","1489,50905","-94,16561"
"15,946","1,238458","1431,757258",,"6,0556","-1,03631","-0,19893","1485,03252","-93,62054"
"15,947","-0,761542","1437,757258",,"6,09988","-1,03024","-0,19997","1480,44408","-93,07148"
"15,948","0,238458","1444,757258",,"6,18843","-1,02409","-0,20099","1479,80769","-92,51642"
"15,949","-0,761542","1450,757258",,"6,24378","-1,01788","-0,20201","1475,91482","-91,95485"
"15,95","-0,761542","1456,757258",,"6,31019","-1,0116","-0,20303","1472,88281","-91,38779"
"15,951","0,238458","1460,757258",,"6,36554","-1,00526","-0,20404","1468,6812","-90,81523"
"15,952","-0,761542","1467,757258",,"6,43196","-0,99886","-0,20504","1465,32583","-90,23717"
"15,953","-2,761542","1474,757258",,"6,4873","-0,9924","-0,20603","1460,81159","-89,6536"
"15,954","-0,761542","1480,757258",,"6,57586","-0,98587","-0,20702","1459,08409","-89,06354"
"15,955","-0,761542","1488,757258",,"6,66441","-0,97925","-0,20801","1457,12033","-88,46548"
"15,956","-0,761542","1492,757258",,"6,70869","-0,97256","-0,20898","1451,06102","-87,86141"
"15,957","-0,761542","1497,757258",,"6,76404","-0,96583","-0,20995","1445,83954","-87,25285"
"15,958","-0,761542","1504,757258",,"6,84152","-0,95902","-0,21091","1442,36898","-86,63829"
"15,959","-0,761542","1508,757258",,"6,8858","-0,95216","-0,21187","1435,85471","-86,01822"
"15,96","0,238458","1515,757258",,"6,97435","-0,94523","-0,21282","1432,96604","-85,39216"
"15,961","-0,761542","1519,757258",,"7,00756","-0,93824","-0,21376","1425,1825","-84,7606"
"15,962","-0,761542","1523,757258",,"7,05184","-0,93121","-0,21469","1418,22926","-84,12554"
"15,963","0,238458","1527,757258",,"7,10718","-0,92413","-0,21562","1412,06785","-83,48597"
"15,964","1,238458","1531,757258",,"7,16253","-0,917","-0,21654","1405,75079","-82,84141"
"15,965","-0,761542","1534,757258",,"7,1736","-0,90983","-0,21746","1395,67201","-82,19385"
"15,966","3,238458","1538,757258",,"7,26215","-0,90261","-0,21836","1391,8207","-81,54178"
"15,967","1,238458","1540,757258",,"7,26215","-0,89535","-0,21926","1380,62249","-80,88572"
"15,968","1,238458","1542,757258",,"7,28429","-0,88807","-0,22015","1371,18336","-80,22866"
"15,969","2,238458","1543,757258",,"7,30643","-0,88078","-0,22104","1361,68091","-79,5696"
"15,97","0,238458","1543,757258",,"7,28429","-0,87348","-0,22191","1348,65535","-78,91053"
"15,971","1,238458","1543,757258",,"7,29536","-0,86619","-0,22278","1338,26608","-78,25197"
"15,972","-2,761542","1546,757258",,"7,28429","-0,8589","-0,22365","1326,14442","-77,59341"
"15,973","-0,761542","1546,757258",,"7,30643","-0,85161","-0,2245","1316,58363","-76,93434"
"15,974","-0,761542","1545,757258",,"7,29536","-0,84431","-0,22535","1304,45217","-76,27478"
"15,975","0,238458","1545,757258",,"7,30643","-0,83701","-0,22619","1294,00933","-75,61522"
"15,976","-1,761542","1544,757258",,"7,27322","-0,82972","-0,22702","1280,25013","-74,95665"
"15,977","-1,761542","1545,757258",,"7,28429","-0,82244","-0,22785","1269,84148","-74,29909"
"15,978","-1,761542","1542,757258",,"7,25108","-0,81517","-0,22867","1256,17469","-73,64253"
"15,979","-1,761542","1542,757258",,"7,25108","-0,80792","-0,22948","1245,0008","-72,98747"
"15,98","-0,761542","1542,757258",,"7,26215","-0,80066","-0,23028","1234,61904","-72,3319"
"15,981","-0,761542","1544,757258",,"7,28429","-0,79339","-0,23108","1224,99054","-71,67484"
"15,982","0,238458","1546,757258",,"7,3175","-0,78609","-0,23187","1216,07626","-71,01528"
"15,983","1,238458","1545,757258",,"7,3175","-0,77877","-0,23265","1204,75612","-70,35421"
"15,984","-0,761542","1544,757258",,"7,28429","-0,77147","-0,23343","1191,14725","-69,69465"
"15,985","0,238458","1548,757258",,"7,33964","-0,76416","-0,2342","1183,6784","-69,03409"
"15,986","1,238458","1546,757258",,"7,32857","-0,75682","-0,23496","1171,56108","-68,37153"
"15,987","-0,761542","1547,757258",,"7,3175","-0,7495","-0,23571","1159,47555","-67,70996"
"15,988","1,238458","1547,757258",,"7,33964","-0,74217","-0,23646","1149,62263","-67,0479"
"15,989","-0,761542","1549,757258",,"7,33964","-0,73483","-0,23719","1138,25356","-66,38484"
"15,99","1,238458","1549,757258",,"7,36178","-0,72748","-0,23793","1128,32231","-65,72077"
"15,991","1,238458","1550,757258",,"7,37285","-0,72012","-0,23865","1117,61576","-65,05521"
"15,992","0,238458","1550,757258",,"7,36178","-0,71275","-0,23937","1105,46897","-64,38965"
"15,993","-0,761542","1550,757258",,"7,35071","-0,70539","-0,24008","1093,35408","-63,72508"
"15,994","-0,761542","1553,757258",,"7,38392","-0,69802","-0,24078","1084,02885","-63,05952"
"15,995","-0,761542","1553,757258",,"7,38392","-0,69064","-0,24147","1072,56166","-62,39246"
"15,996","0,238458","1555,757258",,"7,41712","-0,68324","-0,24216","1063,11841","-61,7239"
"15,997","-0,761542","1554,757258",,"7,39499","-0,67583","-0,24284","1050,24295","-61,05483"
"15,998","-0,761542","1556,757258",,"7,41712","-0,66843","-0,24351","1040,07083","-60,38577"
"15,999","0,238458","1556,757258",,"7,42819","-0,66101","-0,24417","1029,18221","-59,71521"
16,"0,238458","1561,757258",,"7,48354","-0,65355","-0,24483","1020,84121","-59,04164"
"16,001","-0,761542","1558,757258",,"7,43926","-0,64609","-0,24548","1006,60218","-58,36758"
"16,002","-0,761542","1561,757258",,"7,47247","-0,63863","-0,24612","996,90187","-57,69402"
"16,003","3,238458","1562,757258",,"7,52782","-0,63113","-0,24676","988,34983","-57,01645"
"16,004","-0,761542","1560,757258",,"7,4614","-0,62364","-0,24739","972,87149","-56,33939"
"16,005","1,238458","1564,757258",,"7,52782","-0,61614","-0,24801","964,87678","-55,66233"
"16,006","-0,761542","1565,757258",,"7,51675","-0,60862","-0,24862","952,4883","-54,98277"
"16,007","1,238458","1567,757258",,"7,56102","-0,60108","-0,24922","943,0943","-54,3017"
"16,008","-0,761542","1568,757258",,"7,54996","-0,59353","-0,24982","930,64625","-53,61914"
"16,009","-0,761542","1567,757258",,"7,53889","-0,58598","-0,25041","918,23065","-52,93758"
"16,01","-1,761542","1568,757258",,"7,53889","-0,57844","-0,25099","906,41724","-52,25651"
"16,011","-0,761542","1568,757258",,"7,54996","-0,5709","-0,25157","895,16607","-51,57495"
"16,012","-0,761542","1570,757258",,"7,57209","-0,56334","-0,25213","884,43709","-50,89189"
"16,013","1,238458","1570,757258",,"7,59423","-0,55575","-0,25269","873,64306","-50,20683"
"16,014","0,238458","1572,757258",,"7,6053","-0,54815","-0,25325","862,24442","-49,52026"
"16,015","-0,761542","1577,757258",,"7,64958","-0,54053","-0,25379","852,40859","-48,8312"
"16,016","-0,761542","1578,757258",,"7,66065","-0,53287","-0,25433","840,86938","-48,13964"
"16,017","3,238458","1579,757258",,"7,71599","-0,52518","-0,25486","831,36316","-47,44507"
"16,018","-3,761542","1583,757258",,"7,68279","-0,51748","-0,25538","817,62261","-46,74951"
"16,019","-0,761542","1587,757258",,"7,76027","-0,50976","-0,25589","808,99096","-46,05195"
"16,02","-1,761542","1589,757258",,"7,77134","-0,502","-0,2564","797,16866","-45,35038"
"16,021","0,238458","1590,757258",,"7,80455","-0,49421","-0,25689","786,28406","-44,64682"
"16,022","-0,761542","1593,757258",,"7,82669","-0,48639","-0,25739","774,82223","-43,94076"
"16,023","1,238458","1598,757258",,"7,90417","-0,47853","-0,25787","765,64233","-43,2302"
"16,024","-0,761542","1598,757258",,"7,88203","-0,47063","-0,25834","752,07213","-42,51713"
"16,025","-0,761542","1600,757258",,"7,90417","-0,46274","-0,25881","740,38447","-41,80407"
"16,026","2,238458","1603,757258",,"7,97059","-0,4548","-0,25927","730,41352","-41,08701"
"16,027","-0,761542","1606,757258",,"7,97059","-0,44683","-0,25972","717,61278","-40,36694"
"16,028","1,238458","1604,757258",,"7,97059","-0,43886","-0,26016","704,81205","-39,64688"
"16,029","1,238458","1606,757258",,"7,99273","-0,43088","-0,2606","692,85531","-38,92582"
"16,03","1,238458","1606,757258",,"7,99273","-0,42289","-0,26102","680,00304","-38,20376"
"16,031","0,238458","1608,757258",,"8,0038","-0,41489","-0,26144","667,55676","-37,48119"
"16,032","1,238458","1609,757258",,"8,02593","-0,40688","-0,26185","655,47462","-36,75713"
"16,033","-0,761542","1609,757258",,"8,0038","-0,39886","-0,26226","641,76499","-36,03307"
"16,034","-0,761542","1612,757258",,"8,037","-0,39084","-0,26265","630,03272","-35,3085"
"16,035","0,238458","1610,757258",,"8,02593","-0,38281","-0,26304","616,70322","-34,58294"
"16,036","2,238458","1610,757258",,"8,04807","-0,37477","-0,26342","604,50518","-33,85688"
"16,037","0,238458","1612,757258",,"8,04807","-0,36672","-0,26379","591,52367","-33,12981"
"16,038","-0,761542","1609,757258",,"8,0038","-0,3587","-0,26415","577,14308","-32,40475"
"16,039","-0,761542","1610,757258",,"8,01487","-0,35069","-0,2645","564,60679","-31,68119"
"16,04","-0,761542","1607,757258",,"7,98166","-0,34269","-0,26485","550,70156","-30,95863"
"16,041","0,238458","1608,757258",,"8,0038","-0,3347","-0,26519","538,52667","-30,23656"
"16,042","-0,761542","1609,757258",,"8,0038","-0,32669","-0,26552","525,6486","-29,5135"
"16,043","0,238458","1610,757258",,"8,02593","-0,31868","-0,26584","513,39007","-28,78944"
"16,044","-0,761542","1608,757258",,"7,99273","-0,31067","-0,26616","499,55507","-28,06587"
"16,045","-0,761542","1609,757258",,"8,0038","-0,30267","-0,26646","486,99657","-27,34331"
"16,046","-0,761542","1609,757258",,"8,0038","-0,29467","-0,26676","474,11849","-26,62025"
"16,047","0,238458","1606,757258",,"7,98166","-0,28667","-0,26705","460,68488","-25,89818"
"16,048","-0,761542","1604,757258",,"7,94845","-0,27871","-0,26734","447,04894","-25,17862"
"16,049","-0,761542","1603,757258",,"7,93738","-0,27077","-0,26761","434,03778","-24,46106"
"16,05","2,238458","1600,757258",,"7,93738","-0,26283","-0,26788","421,31419","-23,744"
"16,051","1,238458","1599,757258",,"7,91524","-0,2549","-0,26814","408,09854","-23,02793"
"16,052","0,238458","1595,757258",,"7,8599","-0,24702","-0,26839","394,2355","-22,31537"
"16,053","-0,761542","1595,757258",,"7,84883","-0,23916","-0,26863","381,46081","-21,60581"
"16,054","-0,761542","1592,757258",,"7,81562","-0,23133","-0,26887","368,27446","-20,89824"
"16,055","-0,761542","1589,757258",,"7,78241","-0,22353","-0,26909","355,18788","-20,19368"
"16,056","0,238458","1588,757258",,"7,78241","-0,21575","-0,26931","342,82166","-19,49062"
"16,057","-0,761542","1583,757258",,"7,71599","-0,208","-0,26953","329,26022","-18,79056"
"16,058","0,238458","1580,757258",,"7,69386","-0,20029","-0,26973","316,66277","-18,09449"
"16,059","-0,761542","1578,757258",,"7,66065","-0,19262","-0,26993","303,94722","-17,40093"
"16,06","0,238458","1576,757258",,"7,64958","-0,18496","-0,27011","291,68252","-16,70937"
"16,061","-0,761542","1574,757258",,"7,61637","-0,17733","-0,2703","279,11337","-16,0198"
"16,062","0,238458","1571,757258",,"7,59423","-0,16972","-0,27047","266,80321","-15,33274"
"16,063","0,238458","1568,757258",,"7,56102","-0,16214","-0,27064","254,40478","-14,64818"
"16,064","-0,761542","1565,757258",,"7,51675","-0,15461","-0,27079","241,95788","-13,96711"
"16,065","-0,761542","1561,757258",,"7,47247","-0,14711","-0,27094","229,6404","-13,29005"
"16,066","-0,761542","1559,757258",,"7,45033","-0,13965","-0,27109","217,71388","-12,61599"
"16,067","1,238458","1555,757258",,"7,42819","-0,13221","-0,27122","205,85168","-11,94393"
"16,068","-0,761542","1555,757258",,"7,40605","-0,12479","-0,27135","194,05367","-11,27386"
"16,069","0,238458","1550,757258",,"7,36178","-0,11741","-0,27147","182,10207","-10,6068"
"16,07","0,238458","1551,757258",,"7,37285","-0,11004","-0,27159","170,78544","-9,94124"
"16,071","0,238458","1550,757258",,"7,36178","-0,10268","-0,27169","159,24873","-9,27567"
"16,072","0,238458","1544,757258",,"7,29536","-0,09535","-0,27179","147,31007","-8,61361"
"16,073","1,238458","1545,757258",,"7,3175","-0,08804","-0,27188","136,19775","-7,95355"
"16,074","-0,761542","1541,757258",,"7,25108","-0,08076","-0,27197","124,44445","-7,29549"
"16,075","1,238458","1541,757258",,"7,27322","-0,07349","-0,27205","113,40048","-6,63942"
"16,076","0,238458","1538,757258",,"7,22895","-0,06624","-0,27212","101,94712","-5,98436"
"16,077","-0,761542","1537,757258",,"7,20681","-0,05902","-0,27218","90,72079","-5,3323"
"16,078","0,238458","1535,757258",,"7,19574","-0,05182","-0,27223","79,60064","-4,68173"
"16,079","0,238458","1533,757258",,"7,1736","-0,04464","-0,27228","68,47575","-4,03267"
"16,08","1,238458","1531,757258",,"7,16253","-0,03747","-0,27232","57,44249","-3,38511"
"16,081","0,238458","1530,757258",,"7,14039","-0,03032","-0,27236","46,4187","-2,73904"
"16,082","-0,761542","1530,757258",,"7,12932","-0,02318","-0,27238","35,47208","-2,09448"
"16,083","0,238458","1530,757258",,"7,14039","-0,01605","-0,2724","24,57183","-1,44992"
"16,084","-0,761542","1529,757258",,"7,11825","-0,00892","-0,27242","13,63903","-0,80586"
"16,085","0,238458","1527,757258",,"7,10718","-0,00181","-0,27242","2,7619","-0,16329"
"16,086","-0,761542","1527,757258",,"7,09611","0,00529","-0,27242","8,08409","0,47827"
"16,087","0,238458","1528,757258",,"7,11825","0,0124","-0,27241","18,96153","1,12033"
"16,088","0,238458","1528,757258",,"7,11825","0,01952","-0,27239","29,84531","1,7634"
"16,089","-0,761542","1528,757258",,"7,10718","0,02663","-0,27237","40,69399","2,40596"
"16,09","-0,761542","1529,757258",,"7,11825","0,03374","-0,27234","51,59594","3,04852"
"16,091","0,238458","1530,757258",,"7,14039","0,04087","-0,2723","62,57839","3,69259"
"16,092","-1,761542","1530,757258",,"7,11825","0,048","-0,27226","73,39735","4,33665"
"16,093","0,238458","1535,757258",,"7,19574","0,05516","-0,27221","84,72649","4,98321"
"16,094","-0,761542","1534,757258",,"7,1736","0,06235","-0,27215","95,63742","5,63227"
"16,095","0,238458","1537,757258",,"7,21788","0,06954","-0,27208","106,95381","6,28234"
"16,096","-0,761542","1539,757258",,"7,22895","0,07676","-0,27201","118,14015","6,9349"
"16,097","-0,761542","1538,757258",,"7,21788","0,08399","-0,27193","129,17296","7,58746"
"16,098","-0,761542","1539,757258",,"7,22895","0,09121","-0,27184","140,37375","8,24003"
"16,099","0,238458","1543,757258",,"7,28429","0,09847","-0,27175","152,03399","8,89559"
"16,1","-0,761542","1544,757258",,"7,28429","0,10575","-0,27164","163,28091","9,55365"
"16,101","-0,761542","1545,757258",,"7,29536","0,11304","-0,27154","174,64941","10,21221"
"16,102","0,238458","1547,757258",,"7,32857","0,12035","-0,27142","186,30743","10,87278"
"16,103","0,238458","1549,757258",,"7,35071","0,12769","-0,27129","197,92455","11,53584"
"16,104","1,238458","1551,757258",,"7,38392","0,13506","-0,27116","209,74903","12,2014"
"16,105","-0,761542","1551,757258",,"7,36178","0,14243","-0,27102","220,91416","12,86747"
"16,106","-0,761542","1552,757258",,"7,37285","0,1498","-0,27088","232,49063","13,53303"
"16,107","-0,761542","1554,757258",,"7,39499","0,15718","-0,27073","244,26481","14,20009"
"16,108","0,238458","1557,757258",,"7,43926","0,1646","-0,27056","256,4494","14,87016"
"16,109","0,238458","1559,757258",,"7,4614","0,17205","-0,2704","268,40109","15,54322"
"16,11","0,238458","1560,757258",,"7,47247","0,17952","-0,27022","280,22899","16,21778"
"16,111","-1,761542","1561,757258",,"7,4614","0,18699","-0,27004","291,69786","16,89234"
"16,112","-0,761542","1562,757258",,"7,48354","0,19446","-0,26985","303,7438","17,56741"
"16,113","1,238458","1563,757258",,"7,51675","0,20196","-0,26965","316,06487","18,24497"
"16,114","1,238458","1566,757258",,"7,54996","0,20949","-0,26944","328,48301","18,92553"
"16,115","-0,761542","1568,757258",,"7,54996","0,21704","-0,26923","340,32131","19,6076"
"16,116","-0,761542","1571,757258",,"7,58316","0,22461","-0,26901","352,85946","20,29116"
"16,117","1,238458","1570,757258",,"7,59423","0,2322","-0,26878","365,01347","20,97672"
"16,118","-1,761542","1573,757258",,"7,59423","0,23979","-0,26854","376,95157","21,66278"
"16,119","0,238458","1575,757258",,"7,63851","0,24741","-0,2683","389,91411","22,35085"
"16,12","-1,761542","1575,757258",,"7,61637","0,25504","-0,26805","401,42485","23,03991"
"16,121","-0,761542","1580,757258",,"7,68279","0,26269","-0,26779","415,04137","23,73097"
"16,122","-0,761542","1582,757258",,"7,70493","0,27038","-0,26752","427,73838","24,42604"
"16,123","0,238458","1584,757258",,"7,73813","0,2781","-0,26725","440,78811","25,1236"
"16,124","1,238458","1584,757258",,"7,7492","0,28584","-0,26697","453,34764","25,82316"
"16,125","1,238458","1588,757258",,"7,79348","0,29362","-0,26668","466,84741","26,52523"
"16,126","-0,761542","1592,757258",,"7,81562","0,30142","-0,26638","479,85945","27,23029"
"16,127","-0,761542","1593,757258",,"7,82669","0,30924","-0,26607","492,61993","27,93685"
"16,128","-0,761542","1595,757258",,"7,84883","0,31708","-0,26576","505,73961","28,64491"
"16,129","1,238458","1597,757258",,"7,8931","0,32495","-0,26544","519,59356","29,35598"
"16,13","-0,761542","1598,757258",,"7,88203","0,33284","-0,26511","531,87291","30,06854"
"16,131","-0,761542","1601,757258",,"7,91524","0,34074","-0,26477","545,51711","30,7821"
"16,132","0,238458","1606,757258",,"7,98166","0,34868","-0,26443","560,33465","31,50017"
"16,133","-0,761542","1607,757258",,"7,98166","0,35667","-0,26408","573,16114","32,22123"
"16,134","0,238458","1610,757258",,"8,02593","0,36467","-0,26372","587,48189","32,94429"
"16,135","-0,761542","1611,757258",,"8,02593","0,3727","-0,26335","600,41163","33,66936"
"16,136","-0,761542","1613,757258",,"8,04807","0,38073","-0,26297","614,12068","34,39542"
"16,137","-1,761542","1616,757258",,"8,07021","0,38879","-0,26259","627,89763","35,12348"
"16,138","0,238458","1618,757258",,"8,11449","0,39688","-0,26219","642,55428","35,85454"
"16,139","-0,761542","1617,757258",,"8,09235","0,40499","-0,26179","654,8637","36,58661"
"16,14","0,238458","1621,757258",,"8,1477","0,41311","-0,26138","670,05929","37,32017"
"16,141","1,238458","1623,757258",,"8,1809","0,42127","-0,26097","684,56556","38,05773"
"16,142","1,238458","1625,757258",,"8,20304","0,42946","-0,26054","698,73642","38,7978"
"16,143","0,238458","1628,757258",,"8,22518","0,43768","-0,26011","712,9761","39,53986"
"16,144","-0,761542","1629,757258",,"8,22518","0,4459","-0,25967","726,37488","40,28292"
"16,145","0,238458","1631,757258",,"8,25839","0,45415","-0,25922","741,16315","41,02748"
"16,146","1,238458","1631,757258",,"8,26946","0,46241","-0,25876","755,11225","41,77405"
"16,147","1,238458","1633,757258",,"8,2916","0,47069","-0,25829","769,5757","42,52211"
"16,148","1,238458","1633,757258",,"8,2916","0,47898","-0,25782","783,13243","43,27117"
"16,149","-0,761542","1635,757258",,"8,2916","0,48727","-0,25733","796,68915","44,02024"
"16,15","0,238458","1635,757258",,"8,30267","0,49557","-0,25684","810,7505","44,7698"
"16,151","-1,761542","1637,757258",,"8,30267","0,50387","-0,25634","824,33363","45,51986"
"16,152","-0,761542","1639,757258",,"8,33588","0,51219","-0,25583","839,4805","46,27143"
"16,153","0,238458","1640,757258",,"8,35801","0,52054","-0,25532","854,20218","47,02549"
"16,154","-0,761542","1640,757258",,"8,34694","0,52889","-0,25479","867,37967","47,78005"
"16,155","0,238458","1641,757258",,"8,36908","0,53725","-0,25426","882,16128","48,53511"
"16,156","0,238458","1641,757258",,"8,36908","0,54562","-0,25372","895,90328","49,29118"
"16,157","-1,761542","1641,757258",,"8,34694","0,55398","-0,25317","908,51915","50,04624"
"16,158","0,238458","1643,757258",,"8,39122","0,56235","-0,25261","924,49379","50,8023"
"16,159","-0,761542","1641,757258",,"8,35801","0,57072","-0,25204","936,54946","51,55887"
"16,16","1,238458","1642,757258",,"8,39122","0,57909","-0,25147","952,02946","52,31543"
"16,161","-0,761542","1639,757258",,"8,33588","0,58746","-0,25089","962,8418","53,07099"
"16,162","1,238458","1645,757258",,"8,42443","0,59584","-0,25029","981,34355","53,82806"
"16,163","1,238458","1643,757258",,"8,40229","0,60425","-0,24969","993,99181","54,58812"
"16,164","-0,761542","1644,757258",,"8,39122","0,61265","-0,24909","1007,19179","55,34668"
"16,165","1,238458","1643,757258",,"8,40229","0,62105","-0,24847","1021,61707","56,10524"
"16,166","-0,761542","1642,757258",,"8,36908","0,62943","-0,24784","1033,52319","56,86281"
"16,167","1,238458","1642,757258",,"8,39122","0,63781","-0,24721","1048,55899","57,61987"
"16,168","1,238458","1642,757258",,"8,39122","0,6462","-0,24657","1062,35412","58,37793"
"16,169","0,238458","1640,757258",,"8,35801","0,65458","-0,24592","1074,15823","59,1345"
"16,17","1,238458","1642,757258",,"8,39122","0,66295","-0,24526","1089,88979","59,89106"
"16,171","-0,761542","1641,757258",,"8,35801","0,67133","-0,24459","1101,64365","60,64762"
"16,172","-0,761542","1640,757258",,"8,34694","0,67968","-0,24392","1114,67035","61,40218"
"16,173","1,238458","1640,757258",,"8,36908","0,68804","-0,24323","1129,75353","62,15725"
"16,174","1,238458","1641,757258",,"8,38015","0,69641","-0,24254","1144,20103","62,91381"
"16,175","0,238458","1642,757258",,"8,38015","0,70479","-0,24184","1157,96958","63,67087"
"16,176","1,238458","1640,757258",,"8,36908","0,71317","-0,24113","1171,01588","64,42744"
"16,177","1,238458","1639,757258",,"8,35801","0,72153","-0,24041","1184,02726","65,183"
"16,178","1,238458","1640,757258",,"8,36908","0,72989","-0,23969","1198,4817","65,93856"
"16,179","0,238458","1640,757258",,"8,35801","0,73826","-0,23895","1211,47635","66,69413"
"16,18","-0,761542","1640,757258",,"8,34694","0,74661","-0,23821","1224,43613","67,44869"
"16,181","1,238458","1638,757258",,"8,34694","0,75496","-0,23746","1238,12508","68,20275"
"16,182","0,238458","1636,757258",,"8,31374","0,76329","-0,2367","1249,49694","68,95531"
"16,183","1,238458","1640,757258",,"8,36908","0,77163","-0,23593","1267,00993","69,70888"
"16,184","0,238458","1641,757258",,"8,36908","0,78","-0,23516","1280,75193","70,46494"
"16,185","-0,761542","1639,757258",,"8,33588","0,78835","-0,23437","1292,10162","71,2195"
"16,186","-0,761542","1638,757258",,"8,32481","0,79668","-0,23358","1304,95833","71,97207"
"16,187","-0,761542","1639,757258",,"8,33588","0,80501","-0,23278","1319,4084","72,72463"
"16,188","-0,761542","1639,757258",,"8,33588","0,81335","-0,23197","1333,07087","73,47769"
"16,189","1,238458","1637,757258",,"8,33588","0,82168","-0,23115","1346,73333","74,23075"
"16,19","-0,761542","1636,757258",,"8,30267","0,83","-0,23033","1357,87858","74,98232"
"16,191","0,238458","1636,757258",,"8,31374","0,83831","-0,22949","1372,30907","75,73288"
"16,192","1,238458","1637,757258",,"8,33588","0,84663","-0,22865","1387,63001","76,48494"
"16,193","-0,761542","1637,757258",,"8,31374","0,85496","-0,2278","1399,56441","77,23701"
"16,194","0,238458","1636,757258",,"8,31374","0,86327","-0,22694","1413,17396","77,98807"
"16,195","-0,761542","1636,757258",,"8,30267","0,87158","-0,22607","1425,90287","78,73863"
"16,196","1,238458","1641,757258",,"8,38015","0,87992","-0,2252","1445,70884","79,4922"
"16,197","-0,761542","1637,757258",,"8,31374","0,88827","-0,22431","1454,09322","80,24626"
"16,198","0,238458","1637,757258",,"8,32481","0,89659","-0,22342","1468,60842","80,99782"
"16,199","-0,761542","1634,757258",,"8,28053","0,90489","-0,22252","1478,58859","81,74788"
"16,2","0,238458","1637,757258",,"8,32481","0,91319","-0,22161","1495,80788","82,49795"
"16,201","0,238458","1636,757258",,"8,31374","0,92151","-0,22069","1508,5133","83,24951"
"16,202","-0,761542","1635,757258",,"8,2916","0,92982","-0,21977","1520,2451","83,99957"
"16,203","0,238458","1634,757258",,"8,2916","0,93811","-0,21883","1533,80183","84,74864"
"16,204","-0,761542","1634,757258",,"8,28053","0,94639","-0,21789","1546,40311","85,4972"
"16,205","1,238458","1634,757258",,"8,30267","0,95469","-0,21694","1561,86092","86,24626"
"16,206","2,238458","1633,757258",,"8,30267","0,96299","-0,21598","1575,44405","86,99633"
"16,207","0,238458","1632,757258",,"8,26946","0,97127","-0,21502","1586,08619","87,74489"
"16,208","-0,761542","1630,757258",,"8,23625","0,97953","-0,21404","1596,62448","88,49045"
"16,209","-0,761542","1632,757258",,"8,25839","0,98777","-0,21306","1612,04313","89,23551"
"16,21","-0,761542","1630,757258",,"8,23625","0,99602","-0,21206","1623,51068","89,98058"
"16,211","1,238458","1629,757258",,"8,24732","1,00426","-0,21106","1637,94902","90,72514"
"16,212","0,238458","1630,757258",,"8,24732","1,01251","-0,21006","1651,40036","91,4702"
"16,213","-0,761542","1629,757258",,"8,22518","1,02075","-0,20904","1662,79216","92,21427"
"16,214","1,238458","1629,757258",,"8,24732","1,02898","-0,20801","1678,26695","92,95833"
"16,215","-1,761542","1628,757258",,"8,20304","1,03721","-0,20698","1687,53335","93,70139"
"16,216","1,238458","1627,757258",,"8,22518","1,04542","-0,20594","1702,98852","94,44345"
"16,217","-0,761542","1625,757258",,"8,1809","1,05363","-0,20489","1712,13674","95,18452"
"16,218","-2,761542","1624,757258",,"8,1477","1,06179","-0,20383","1722,21833","95,92208"
"16,219","-1,761542","1622,757258",,"8,13663","1,06993","-0,20277","1734,35495","96,65764"
"16,22","-0,761542","1625,757258",,"8,1809","1,07809","-0,20169","1751,89264","97,39471"
"16,221","-0,761542","1620,757258",,"8,12556","1,08624","-0,20061","1759,71038","98,13127"
"16,222","-0,761542","1622,757258",,"8,1477","1,09438","-0,19952","1775,08045","98,86633"
"16,223","0,238458","1620,757258",,"8,13663","1,10252","-0,19842","1787,18448","99,6019"
"16,224","-0,761542","1621,757258",,"8,13663","1,11066","-0,19732","1800,37391","100,33696"
"16,225","1,238458","1621,757258",,"8,15877","1,11881","-0,1962","1815,81891","101,07302"
"16,226","-0,761542","1617,757258",,"8,09235","1,12693","-0,19508","1822,24506","101,80708"
"16,227","-0,761542","1617,757258",,"8,09235","1,13502","-0,19395","1835,33036","102,53815"
"16,228","0,238458","1618,757258",,"8,11449","1,14313","-0,19281","1850,71981","103,27021"
"16,229","-0,761542","1616,757258",,"8,08128","1,15123","-0,19166","1860,37657","104,00177"
"16,23","-0,761542","1616,757258",,"8,08128","1,15931","-0,19051","1873,43589","104,73184"
"16,231","-1,761542","1615,757258",,"8,05914","1,16738","-0,18934","1884,14256","105,4609"
"16,232","0,238458","1613,757258",,"8,05914","1,17544","-0,18817","1897,14998","106,18896"
"16,233","-0,761542","1614,757258",,"8,05914","1,1835","-0,18699","1910,15741","106,91702"
"16,234","-0,761542","1609,757258",,"8,0038","1,19153","-0,1858","1917,16253","107,64259"
"16,235","-0,761542","1611,757258",,"8,02593","1,19954","-0,18461","1932,45749","108,36665"
"16,236","-0,761542","1611,757258",,"8,02593","1,20757","-0,1834","1945,38724","109,09171"
"16,237","1,238458","1609,757258",,"8,02593","1,21559","-0,18219","1958,31699","109,81678"
"16,238","0,238458","1610,757258",,"8,02593","1,22362","-0,18097","1971,24673","110,54184"
"16,239","1,238458","1607,757258",,"8,0038","1,23163","-0,17975","1981,69538","111,2659"
"16,24","2,238458","1610,757258",,"8,04807","1,23966","-0,17851","1999,56772","111,99097"
"16,241","1,238458","1608,757258",,"8,01487","1,24769","-0,17727","2008,77937","112,71653"
"16,242","1,238458","1606,757258",,"7,99273","1,2557","-0,17602","2019,15405","113,43959"
"16,243","-0,761542","1606,757258",,"7,97059","1,26368","-0,17476","2029,46117","114,16065"
"16,244","-0,761542","1609,757258",,"8,0038","1,27167","-0,17349","2046,10356","114,88222"
"16,245","-0,761542","1606,757258",,"7,97059","1,27965","-0,17221","2055,11596","115,60378"
"16,246","1,238458","1606,757258",,"7,99273","1,28763","-0,17093","2070,50974","116,32484"
"16,247","0,238458","1606,757258",,"7,98166","1,29562","-0,16964","2082,05749","117,04641"
"16,248","-0,761542","1606,757258",,"7,97059","1,3036","-0,16834","2093,57148","117,76697"
"16,249","-0,761542","1603,757258",,"7,93738","1,31155","-0,16703","2102,4109","118,48553"
"16,25","-0,761542","1604,757258",,"7,94845","1,31949","-0,16571","2116,46285","119,2031"
"16,251","2,238458","1604,757258",,"7,98166","1,32746","-0,16439","2133,22114","119,92266"
"16,252","0,238458","1602,757258",,"7,93738","1,33542","-0,16306","2140,67038","120,64172"
"16,253","-0,761542","1602,757258",,"7,92631","1,34335","-0,16172","2152,04174","121,35828"
"16,254","-0,761542","1602,757258",,"7,92631","1,35128","-0,16037","2164,73966","122,07435"
"16,255","-1,761542","1602,757258",,"7,91524","1,3592","-0,15902","2176,06951","122,78991"
"16,256","0,238458","1601,757258",,"7,92631","1,36712","-0,15765","2190,11776","123,50547"
"16,257","0,238458","1601,757258",,"7,92631","1,37504","-0,15628","2202,81568","124,22154"
"16,258","1,238458","1597,757258",,"7,8931","1,38295","-0,1549","2211,33813","124,9361"
"16,259","-0,761542","1597,757258",,"7,87096","1,39084","-0,15352","2221,15979","125,64816"
"16,26","-0,761542","1597,757258",,"7,87096","1,39871","-0,15212","2233,72969","126,35922"
"16,261","1,238458","1600,757258",,"7,92631","1,40661","-0,15072","2253,37681","127,07279"
"16,262","-0,761542","1597,757258",,"7,87096","1,4145","-0,14931","2258,95787","127,78635"
"16,263","0,238458","1598,757258",,"7,8931","1,42239","-0,14789","2274,39022","128,49841"
"16,264","0,238458","1597,757258",,"7,88203","1,43027","-0,14646","2285,57214","129,21098"
"16,265","1,238458","1596,757258",,"7,88203","1,43816","-0,14503","2298,16759","129,92304"
"16,266","1,238458","1597,757258",,"7,8931","1,44604","-0,14359","2312,21794","130,6356"
"16,267","-0,761542","1598,757258",,"7,88203","1,45393","-0,14214","2323,37619","131,34817"
"16,268","-0,761542","1594,757258",,"7,83776","1,46179","-0,14068","2330,08911","132,05823"
"16,269","-0,761542","1594,757258",,"7,83776","1,46963","-0,13921","2342,58246","132,76629"
"16,27","-0,761542","1594,757258",,"7,83776","1,47747","-0,13774","2355,07581","133,47435"
"16,271","-0,761542","1597,757258",,"7,87096","1,48532","-0,13626","2372,05159","134,18392"
"16,272","-0,761542","1596,757258",,"7,8599","1,49319","-0,13477","2383,11946","134,89448"
"16,273","-0,761542","1595,757258",,"7,84883","1,50104","-0,13327","2394,15395","135,60404"
"16,274","-0,761542","1594,757258",,"7,83776","1,50888","-0,13177","2405,15508","136,31261"
"16,275","-0,761542","1598,757258",,"7,88203","1,51674","-0,13026","2423,7507","137,02267"
"16,276","0,238458","1597,757258",,"7,88203","1,52463","-0,12873","2436,34615","137,73473"
"16,277","0,238458","1596,757258",,"7,87096","1,5325","-0,12721","2447,40026","138,44629"
"16,278","0,238458","1594,757258",,"7,84883","1,54036","-0,12567","2456,87176","139,15636"
"16,279","1,238458","1596,757258",,"7,88203","1,54823","-0,12413","2474,06177","139,86692"
"16,28","0,238458","1595,757258",,"7,8599","1,5561","-0,12257","2483,52734","140,57798"
"16,281","-0,761542","1596,757258",,"7,8599","1,56396","-0,12101","2496,0717","141,28805"
"16,282","-0,761542","1596,757258",,"7,8599","1,57182","-0,11945","2508,61606","141,99811"
"16,283","-0,761542","1596,757258",,"7,8599","1,57968","-0,11787","2521,16042","142,70817"
"16,284","-0,761542","1598,757258",,"7,88203","1,58755","-0,11629","2536,89754","143,41924"
"16,285","-0,761542","1598,757258",,"7,88203","1,59543","-0,11469","2549,493","144,1313"
"16,286","0,238458","1596,757258",,"7,87096","1,60331","-0,1131","2560,4763","144,84286"
"16,287","1,238458","1598,757258",,"7,90417","1,6112","-0,11149","2577,9063","145,55542"
"16,288","1,238458","1597,757258",,"7,8931","1,61909","-0,10987","2588,925","146,26899"
"16,289","-0,761542","1598,757258",,"7,88203","1,62698","-0,10825","2599,9102","146,98155"
"16,29","0,238458","1600,757258",,"7,91524","1,63488","-0,10662","2617,43683","147,69511"
"16,291","-0,761542","1599,757258",,"7,8931","1,64278","-0,10498","2626,80581","148,40918"
"16,292","0,238458","1600,757258",,"7,91524","1,65069","-0,10333","2642,74593","149,12324"
"16,293","-0,761542","1600,757258",,"7,90417","1,6586","-0,10168","2653,75074","149,8378"
"16,294","0,238458","1601,757258",,"7,92631","1,66651","-0,10002","2669,74812","150,55287"
"16,295","0,238458","1601,757258",,"7,92631","1,67444","-0,09835","2682,44603","151,26893"
"16,296","0,238458","1600,757258",,"7,91524","1,68236","-0,09667","2693,45272","151,98449"
"16,297","0,238458","1598,757258",,"7,8931","1,69027","-0,09498","2702,72674","152,69855"
"16,298","-0,761542","1599,757258",,"7,8931","1,69816","-0,09329","2715,34778","153,41162"
"16,299","2,238458","1598,757258",,"7,91524","1,70606","-0,09158","2731,39864","154,12568"
"16,3","-0,761542","1600,757258",,"7,90417","1,71397","-0,08987","2742,34808","154,84024"
"16,301","-0,761542","1599,757258",,"7,8931","1,72187","-0,08816","2753,26399","155,55381"
"16,302","-0,761542","1602,757258",,"7,92631","1,72978","-0,08643","2771,10092","156,26837"
"16,303","0,238458","1599,757258",,"7,90417","1,7377","-0,0847","2780,30571","156,98343"
"16,304","-0,761542","1602,757258",,"7,92631","1,74561","-0,08296","2796,46129","157,69849"
"16,305","-0,761542","1602,757258",,"7,92631","1,75354","-0,08121","2809,15921","158,41456"
"16,306","-0,761542","1600,757258",,"7,90417","1,76145","-0,07945","2818,31648","159,12962"
"16,307","2,238458","1602,757258",,"7,95952","1,76938","-0,07768","2839,85433","159,84618"
"16,308","-0,761542","1604,757258",,"7,94845","1,77734","-0,07591","2850,8431","160,56475"
"16,309","-0,761542","1601,757258",,"7,91524","1,78527","-0,07413","2858,20993","161,28131"
"16,31","-0,761542","1602,757258",,"7,92631","1,79319","-0,07234","2872,68425","161,99687"
"16,311","0,238458","1603,757258",,"7,94845","1,80113","-0,07054","2889,00216","162,71394"
"16,312","-0,761542","1603,757258",,"7,93738","1,80907","-0,06874","2899,93349","163,4315"
"16,313","2,238458","1603,757258",,"7,97059","1,81703","-0,06692","2918,13477","164,15006"
"16,314","-0,761542","1601,757258",,"7,91524","1,82497","-0,0651","2921,76622","164,86762"
"16,315","0,238458","1601,757258",,"7,92631","1,83289","-0,06327","2936,28023","165,58319"
"16,316","0,238458","1598,757258",,"7,8931","1,8408","-0,06144","2943,42916","166,29775"
"16,317","-0,761542","1600,757258",,"7,90417","1,8487","-0,05959","2957,90774","167,01131"
"16,318","0,238458","1599,757258",,"7,90417","1,8566","-0,05774","2970,55438","167,72538"
"16,319","-1,761542","1600,757258",,"7,8931","1,8645","-0,05588","2981,32767","168,43894"
"16,32","0,238458","1599,757258",,"7,90417","1,8724","-0,05401","2995,82996","169,1525"
"16,321","-0,761542","1597,757258",,"7,87096","1,88029","-0,05213","3002,80918","169,86506"
"16,322","2,238458","1597,757258",,"7,90417","1,88817","-0,05025","3021,07011","170,57763"
"16,323","-0,761542","1596,757258",,"7,8599","1,89606","-0,04836","3026,09711","171,28969"
"16,324","-0,761542","1594,757258",,"7,83776","1,9039","-0,04646","3034,81599","171,99875"
"16,325","-1,761542","1593,757258",,"7,81562","1,91173","-0,04455","3043,46823","172,70582"
"16,326","0,238458","1592,757258",,"7,82669","1,91955","-0,04263","3057,83903","173,41238"
"16,327","-1,761542","1591,757258",,"7,79348","1,92736","-0,04071","3064,49837","174,11794"
"16,328","0,238458","1589,757258",,"7,79348","1,93516","-0,03878","3076,88997","174,82201"
"16,329","-0,761542","1587,757258",,"7,76027","1,94293","-0,03684","3083,42637","175,52457"
"16,33","0,238458","1586,757258",,"7,76027","1,95069","-0,03489","3095,74189","176,22563"
"16,331","0,238458","1581,757258",,"7,70493","1,95843","-0,03294","3098,22136","176,92419"
"16,332","1,238458","1582,757258",,"7,72706","1,96614","-0,03098","3114,36031","177,62126"
"16,333","2,238458","1578,757258",,"7,69386","1,97385","-0,02901","3120,65209","178,31782"
"16,334","-0,761542","1573,757258",,"7,6053","1,9815","-0,02703","3116,89403","179,00888"
"16,335","1,238458","1575,757258",,"7,64958","1,98913","-0,02504","3136,84848","179,69795"
"16,336","-0,761542","1572,757258",,"7,59423","1,99675","-0,02305","3138,88443","180,38651"
"16,337","1,238458","1570,757258",,"7,59423","2,00435","-0,02105","3150,82253","181,07257"
"16,338","0,238458","1566,757258",,"7,53889","2,01191","-0,01904","3152,65757","181,75614"
"16,339","0,238458","1560,757258",,"7,47247","2,01942","-0,01703","3152,30243","182,4342"
"16,34","0,238458","1558,757258",,"7,45033","2,02688","-0,015","3159,89589","183,10826"
"16,341","-0,761542","1554,757258",,"7,39499","2,0343","-0,01297","3161,29627","183,77882"
"16,342","-0,761542","1546,757258",,"7,30643","2,04165","-0,01093","3156,38602","184,44289"
"16,343","-0,761542","1544,757258",,"7,28429","2,04895","-0,00889","3163,56672","185,10195"
"16,344","0,238458","1540,757258",,"7,25108","2,05622","-0,00684","3168,61935","185,75851"
"16,345","0,238458","1532,757258",,"7,16253","2,06342","-0,00478","3163,21763","186,40958"
"16,346","2,238458","1528,757258",,"7,14039","2,07057","-0,00271","3170,03965","187,05564"
"16,347","0,238458","1521,757258",,"7,04077","2,07766","-0,00064","3162,19631","187,6962"
"16,348","-0,761542","1516,757258",,"6,97435","2,08467","0,00145","3160,35376","188,32926"
"16,349","-0,761542","1509,757258",,"6,89687","2,09161","0,00353","3156,22686","188,95583"
"16,35","1,238458","1503,757258",,"6,85259","2,09848","0,00563","3158,20686","189,57689"
"16,351","-0,761542","1494,757258",,"6,73083","2,10527","0,00773","3145,27034","190,19045"
"16,352","-0,761542","1488,757258",,"6,66441","2,11197","0,00984","3142,60473","190,79552"
"16,353","0,238458","1478,757258",,"6,56479","2,11859","0,01195","3133,37995","191,39308"
"16,354","1,238458","1470,757258",,"6,4873","2,12511","0,01408","3128,15616","191,98264"
"16,355","-0,761542","1461,757258",,"6,36554","2,13154","0,0162","3114,1689","192,56321"
"16,356","1,238458","1449,757258",,"6,25485","2,13785","0,01834","3102,00957","193,13327"
"16,357","-0,761542","1439,757258",,"6,12202","2,14404","0,02048","3085,26051","193,69233"
"16,358","1,238458","1427,757258",,"6,01132","2,1501","0,02263","3072,48939","194,24039"
"16,359","-0,761542","1416,757258",,"5,86742","2,15604","0,02478","3052,94816","194,77696"
"16,36","0,238458","1404,757258",,"5,74566","2,16185","0,02694","3037,38985","195,30152"
"16,361","0,238458","1391,757258",,"5,60176","2,16752","0,0291","3017,18358","195,81408"
"16,362","0,238458","1377,757258",,"5,44679","2,17305","0,03127","2994,45068","196,31315"
"16,363","1,238458","1367,757258",,"5,34717","2,17844","0,03345","2982,28169","196,80071"
"16,364","2,238458","1352,757258",,"5,1922","2,18371","0,03563","2958,92385","197,27677"
"16,365","0,238458","1337,757258",,"5,00402","2,18881","0,03782","2928,62195","197,73733"
"16,366","1,238458","1322,757258",,"4,84905","2,19374","0,04001","2904,50128","198,1824"
"16,367","0,238458","1307,757258",,"4,67194","2,1985","0,0422","2875,62816","198,61246"
"16,368","-0,761542","1290,757258",,"4,47269","2,20307","0,04441","2841,95343","199,02552"
"16,369","1,238458","1274,757258",,"4,31772","2,20747","0,04661","2816,71869","199,42259"
"16,37","0,238458","1257,757258",,"4,11847","2,21169","0,04882","2782,29063","199,80365"
"16,371","-1,761542","1240,757258",,"3,90816","2,2157","0,05103","2745,24109","200,16621"
"16,372","-0,761542","1219,757258",,"3,68677","2,2195","0,05325","2705,55621","200,50928"
"16,373","-0,761542","1202,757258",,"3,49859","2,22309","0,05547","2672,14317","200,83384"
"16,374","2,238458","1183,757258",,"3,32149","2,2265","0,0577","2640,61804","201,1419"
"16,375","-0,761542","1161,757258",,"3,04475","2,22968","0,05993","2588,65115","201,42946"
"16,376","1,238458","1138,757258",,"2,8123","2,23261","0,06216","2545,16634","201,69403"
"16,377","1,238458","1115,757258",,"2,5577","2,2353","0,06439","2496,81543","201,93659"
"16,378","-0,761542","1091,757258",,"2,2699","2,23771","0,06663","2441,3312","202,15465"
"16,379","-0,761542","1064,757258",,"1,97103","2,23983","0,06887","2383,16922","202,34622"
"16,38","-0,761542","1036,757258",,"1,66109","2,24165","0,07111","2322,33542","202,51028"
"16,381","1,238458","1005,757258",,"1,34008","2,24315","0,07335","2258,83877","202,64584"
"16,382","1,238458","970,757258",,"0,95266","2,24429","0,07559","2181,44292","202,74941"
"16,383","0,238458","936,757258",,"0,56523","2,24505","0,07784","2103,6038","202,81797"
"16,384","0,238458","900,757258",,"0,16674","2,24542","0,08008","2023,11169","202,85103"
"16,385","0,238458","859,757258",,"-0,2871","2,24536","0,08233","1930,99781","202,84559"
"16,386","2,238458","816,757258",,"-0,74095","2,24484","0,08457","1838,51717","202,79916"
"16,387","0,238458","771,757258",,"-1,2612","2,24384","0,08682","1732,2367","202,70872"
"16,388","1,238458","727,757258",,"-1,73718","2,24234","0,08906","1634,65857","202,57328"
"16,389","0,238458","681,757258",,"-2,25744","2,24035","0,0913","1527,90628","202,39285"
"16,39","1,238458","639,757258",,"-2,71128","2,23786","0,09354","1434,45964","202,16841"
"16,391","0,238458","598,757258",,"-3,17619","2,23492","0,09578","1338,70617","201,90247"
"16,392","0,238458","560,757258",,"-3,59682","2,23153","0,09801","1251,87948","201,59653"
"16,393","-1,761542","522,757258",,"-4,0396","2,22771","0,10024","1160,62896","201,2516"
"16,394","0,238458","483,757258",,"-4,44916","2,22347","0,10247","1076,14932","200,86816"
"16,395","-1,761542","443,757258",,"-4,91407","2,21879","0,10469","980,69438","200,44522"
"16,396","-0,761542","399,757258",,"-5,39005","2,21364","0,1069","883,23088","199,97979"
"16,397","-1,761542","349,757258",,"-5,95458","2,20796","0,10911","768,36156","199,46735"
"16,398","0,238458","297,757258",,"-6,50805","2,20173","0,11132","656,10652","198,90441"
"16,399","1,238458","244,757258",,"-7,08365","2,19494","0,11352","539,94474","198,29048"
"16,4","0,238458","194,757258",,"-7,64819","2,18757","0,11571","426,5667","197,62504"
"16,401","2,238458","150,757258",,"-8,1131","2,17969","0,11789","333,48307","196,9131"
"16,402","-0,761542","112,757258",,"-8,56694","2,17135","0,12007","243,18178","196,15966"
"16,403","0,238458","77,757258",,"-8,94329","2,16259","0,12223","168,67305","195,36873"
"16,404","0,238458","46,757258",,"-9,28644","2,15348","0,12439","101,20429","194,54529"
"16,405","-0,761542","23,757258",,"-9,5521","2,14406","0,12654","49,30419","193,69435"
"16,406","-0,761542","6,757258",,"-9,74028","2,13441","0,12868","12,79734","192,82292"
"16,407","-2,761542","-0,242742",,"-9,83991","2,12462","0,13081","6,38297","191,93848"
"16,408","-4,761542","-5,242742",,"-9,91739","2,11474","0,13293","21,15651","191,04604"
"16,409","-2,761542","-6,242742",,"-9,90632","2,10483","0,13504","18,95251","190,1506"
"16,41","-1,761542","-9,242742",,"-9,92846","2,09492","0,13714","23,05305","189,25467"
"16,411","-4,761542","-7,242742",,"-9,93953","2,08498","0,13923","25,02871","188,35723"
"16,412","-1,761542","-5,242742",,"-9,88418","2,07507","0,14131","14,53438","187,46179"
"16,413","-2,761542","-1,242742",,"-9,85097","2,0652","0,14338","8,26966","186,57036"
"16,414","-1,761542","-1,242742",,"-9,83991","2,05536","0,14544","6,17488","185,68092"
"16,415","-0,761542","0,757258",,"-9,8067","2,04553","0,14749","0,00876","184,79348"
"16,416","-0,761542","1,757258",,"-9,79563","2,03573","0,14953","2,02701","183,90805"
"16,417","4,238458","1,757258",,"-9,74028","2,02596","0,15156","12,14711","183,02561"
"16,418","2,238458","1,757258",,"-9,76242","2,01621","0,15358","8,05621","182,14467"
"16,419","1,238458","2,757258",,"-9,76242","2,00645","0,15559","8,01721","181,26273"
"16,42","3,238458","1,757258",,"-9,75135","1,99669","0,1576","9,97491","180,3813"
"16,421","0,238458","2,757258",,"-9,77349","1,98693","0,15959","5,95228","179,49936"
"16,422","4,238458","-1,242742",,"-9,77349","1,97716","0,16157","5,923","178,61642"
"16,423","2,238458","2,757258",,"-9,75135","1,9674","0,16354","9,82855","177,73449"
"16,424","2,238458","0,757258",,"-9,77349","1,95763","0,1655","5,86451","176,85255"
"16,425","1,238458","-2,242742",,"-9,81777","1,94784","0,16746","1,95618","175,96761"
"16,426","0,238458","-1,242742",,"-9,81777","1,93802","0,1694","1,94632","175,08068"
"16,427","-1,761542","0,757258",,"-9,81777","1,9282","0,17133","1,93646","174,19374"
"16,428","-0,761542","-0,242742",,"-9,81777","1,91838","0,17326","1,9266","173,3068"
"16,429","-0,761542","0,757258",,"-9,8067","1,90857","0,17517","0,00818","172,42036"
"16,43","-1,761542","-1,242742",,"-9,83991","1,89875","0,17707","5,70438","171,53293"
"16,431","0,238458","0,757258",,"-9,79563","1,88893","0,17897","1,88084","170,64599"
"16,432","0,238458","-1,242742",,"-9,81777","1,87912","0,18085","1,88717","169,76005"
"16,433","-0,761542","0,757258",,"-9,8067","1,86931","0,18273","0,00801","168,87362"
"16,434","0,238458","-1,242742",,"-9,81777","1,8595","0,18459","1,86747","167,98718"
"16,435","0,238458","-2,242742",,"-9,82884","1,84968","0,18644","3,70728","167,09974"
"16,436","0,238458","-3,242742",,"-9,83991","1,83984","0,18829","5,52741","166,2113"
"16,437","-1,761542","-0,242742",,"-9,82884","1,83001","0,19012","3,66785","165,32287"
"16,438","-0,761542","-1,242742",,"-9,82884","1,82018","0,19195","3,64815","164,43493"
"16,439","-0,761542","1,757258",,"-9,79563","1,81037","0,19376","1,80261","163,54849"
"16,44","-2,761542","-1,242742",,"-9,85097","1,80054","0,19557","7,20989","162,66106"
"16,441","1,238458","-1,242742",,"-9,8067","1,79071","0,19737","0,00767","161,77312"
"16,442","-0,761542","-1,242742",,"-9,82884","1,7809","0,19915","3,56942","160,88618"
"16,443","0,238458","0,757258",,"-9,79563","1,77108","0,20093","1,7635","159,99975"
"16,444","2,238458","0,757258",,"-9,77349","1,7613","0,20269","5,27635","159,11581"
"16,445","-0,761542","-0,242742",,"-9,81777","1,7515","0,20445","1,75901","158,23087"
"16,446","2,238458","-1,242742",,"-9,79563","1,7417","0,2062","1,73424","157,34493"
"16,447","1,238458","0,757258",,"-9,78456","1,73191","0,20793","3,45639","156,4605"
"16,448","-0,761542","-0,242742",,"-9,81777","1,72211","0,20966","1,72948","155,57506"
"16,449","-0,761542","0,757258",,"-9,8067","1,71229","0,21138","0,00734","154,68862"
"16,45","-0,761542","-0,242742",,"-9,81777","1,70248","0,21309","1,70978","153,80219"
"16,451","0,238458","-0,242742",,"-9,8067","1,69267","0,21478","0,00725","152,91575"
"16,452","0,238458","1,757258",,"-9,78456","1,68287","0,21647","3,35854","152,03081"
"16,453","-0,761542","1,757258",,"-9,79563","1,67308","0,21815","1,66592","151,14637"
"16,454","0,238458","-1,242742",,"-9,81777","1,66328","0,21982","1,6704","150,26044"
"16,455","-0,761542","-1,242742",,"-9,82884","1,65345","0,22148","3,31399","149,373"
"16,456","-1,761542","-2,242742",,"-9,85097","1,64361","0,22312","6,5815","148,48406"
"16,457","0,238458","-0,242742",,"-9,8067","1,63378","0,22476","0,007","147,59613"
"16,458","-0,761542","-3,242742",,"-9,85097","1,62396","0,22639","6,50278","146,70819"
"16,459","-0,761542","-1,242742",,"-9,82884","1,61412","0,22801","3,23515","145,81925"
"16,46","-0,761542","-2,242742",,"-9,83991","1,60428","0,22962","4,81972","144,93082"
"16,461","-0,761542","-1,242742",,"-9,82884","1,59445","0,23122","3,19573","144,04238"
"16,462","0,238458","-0,242742",,"-9,8067","1,58463","0,23281","0,00679","143,15544"
"16,463","-0,761542","-0,242742",,"-9,81777","1,57482","0,23439","1,58156","142,269"
"16,464","1,238458","0,757258",,"-9,78456","1,56502","0,23596","3,12333","141,38357"
"16,465","2,238458","-0,242742",,"-9,78456","1,55523","0,23752","3,1038","140,49963"
"16,466","1,238458","-1,242742",,"-9,8067","1,54544","0,23907","0,00662","139,61469"
"16,467","1,238458","-0,242742",,"-9,79563","1,53563","0,24061","1,52906","138,72926"
"16,468","0,238458","0,757258",,"-9,79563","1,52584","0,24214","1,5193","137,84432"
"16,469","0,238458","-1,242742",,"-9,81777","1,51603","0,24366","1,52253","136,95838"
"16,47","-0,761542","-0,242742",,"-9,81777","1,50621","0,24517","1,51267","136,07145"
"16,471","-0,761542","0,757258",,"-9,8067","1,4964","0,24667","0,00641","135,18501"
"16,472","-1,761542","-0,242742",,"-9,82884","1,48658","0,24816","2,97954","134,29807"
"16,473","1,238458","-1,242742",,"-9,8067","1,47677","0,24965","0,00633","133,41113"
"16,474","1,238458","0,757258",,"-9,78456","1,46697","0,25112","2,92766","132,5262"
"16,475","-0,761542","-3,242742",,"-9,85097","1,45715","0,25258","5,83486","131,63926"
"16,476","-2,761542","-0,242742",,"-9,83991","1,44731","0,25403","4,34812","130,74982"
"16,477","-0,761542","-1,242742",,"-9,82884","1,43747","0,25547","2,88111","129,86139"
"16,478","1,238458","-1,242742",,"-9,8067","1,42766","0,25691","0,00612","128,97445"
"16,479","1,238458","-0,242742",,"-9,79563","1,41785","0,25833","1,41178","128,08901"
"16,48","-0,761542","-1,242742",,"-9,82884","1,40804","0,25974","2,82212","127,20257"
"16,481","-0,761542","-2,242742",,"-9,83991","1,39821","0,26115","4,20061","126,31414"
"16,482","0,238458","-0,242742",,"-9,8067","1,38838","0,26254","0,00595","125,4267"
"16,483","-0,761542","-2,242742",,"-9,83991","1,37856","0,26392","4,14159","124,53926"
"16,484","0,238458","-1,242742",,"-9,81777","1,36873","0,2653","1,3746","123,65133"
"16,485","0,238458","0,757258",,"-9,79563","1,35893","0,26666","1,3531","122,76539"
"16,486","1,238458","-2,242742",,"-9,81777","1,34912","0,26801","1,3549","121,87945"
"16,487","0,238458","-1,242742",,"-9,81777","1,3393","0,26936","1,34504","120,99252"
"16,488","0,238458","-2,242742",,"-9,82884","1,32948","0,27069","2,66465","120,10508"
"16,489","-0,761542","-2,242742",,"-9,83991","1,31964","0,27202","3,96459","119,21664"
"16,49","0,238458","-2,242742",,"-9,82884","1,30981","0,27333","2,62523","118,3282"
"16,491","1,238458","-0,242742",,"-9,79563","1,3","0,27464","1,29443","117,44177"
"16,492","-0,761542","1,757258",,"-9,79563","1,2902","0,27593","1,28467","116,55683"
"16,493","3,238458","-0,242742",,"-9,77349","1,28042","0,27722","3,83577","115,67289"
"16,494","1,238458","0,757258",,"-9,78456","1,27064","0,27849","2,53583","114,78946"
"16,495","0,238458","-0,242742",,"-9,8067","1,26084","0,27976","0,0054","113,90452"
"16,496","0,238458","0,757258",,"-9,79563","1,25104","0,28101","1,24568","113,01908"
"16,497","-0,761542","1,757258",,"-9,79563","1,24125","0,28226","1,23593","112,13414"
"16,498","1,238458","-1,242742",,"-9,8067","1,23144","0,2835","0,00528","111,24871"
"16,499","2,238458","-1,242742",,"-9,79563","1,22164","0,28472","1,21641","110,36327"
"16,5","-0,761542","-0,242742",,"-9,81777","1,21184","0,28594","1,21703","109,47733"
"16,501","-1,761542","0,757258",,"-9,81777","1,20202","0,28715","1,20717","108,5904"
"16,502","-1,761542","-1,242742",,"-9,83991","1,19219","0,28834","3,58168","107,70246"
"16,503","0,238458","-1,242742",,"-9,81777","1,18236","0,28953","1,18743","106,81452"
"16,504","0,238458","-0,242742",,"-9,8067","1,17255","0,29071","0,00502","105,92809"
"16,505","-0,761542","1,757258",,"-9,79563","1,16275","0,29188","1,15777","105,04265"
"16,506","-0,761542","-1,242742",,"-9,82884","1,15294","0,29303","2,31081","104,15621"
"16,507","1,238458","-2,242742",,"-9,81777","1,14311","0,29418","1,14801","103,26877"
"16,508","-0,761542","-0,242742",,"-9,81777","1,13329","0,29532","1,13815","102,38184"
"16,509","-0,761542","-0,242742",,"-9,81777","1,12348","0,29645","1,12829","101,4949"
"16,51","-0,761542","-0,242742",,"-9,81777","1,11366","0,29757","1,11843","100,60796"
"16,511","0,238458","-0,242742",,"-9,8067","1,10385","0,29868","0,00473","99,72153"
"16,512","0,238458","0,757258",,"-9,79563","1,09405","0,29978","1,08936","98,83609"
"16,513","-0,761542","1,757258",,"-9,79563","1,08425","0,30086","1,07961","97,95115"
"16,514","-0,761542","-1,242742",,"-9,82884","1,07444","0,30194","2,15348","97,06472"
"16,515","0,238458","0,757258",,"-9,79563","1,06463","0,30301","1,06006","96,17828"
"16,516","0,238458","-0,242742",,"-9,8067","1,05482","0,30407","0,00452","95,29284"
"16,517","1,238458","-1,242742",,"-9,8067","1,04502","0,30512","0,00448","94,4069"
"16,518","-0,761542","-2,242742",,"-9,83991","1,03519","0,30616","3,11002","93,51947"
"16,519","0,238458","1,757258",,"-9,78456","1,02538","0,30719","2,04637","92,63303"
"16,52","1,238458","-1,242742",,"-9,8067","1,01559","0,30821","0,00435","91,74809"
"16,521","0,238458","-0,242742",,"-9,8067","1,00578","0,30923","0,00431","90,86216"
"16,522","-0,761542","0,757258",,"-9,8067","0,99597","0,31023","0,00427","89,97622"
"16,523","-0,761542","-2,242742",,"-9,83991","0,98615","0,31122","2,96267","89,08878"
"16,524","-0,761542","0,757258",,"-9,8067","0,97633","0,3122","0,00418","88,20134"
"16,525","0,238458","-1,242742",,"-9,81777","0,96651","0,31317","0,97065","87,31491"
"16,526","-0,761542","-0,242742",,"-9,81777","0,9567","0,31413","0,9608","86,42797"
"16,527","0,238458","-0,242742",,"-9,8067","0,94688","0,31508","0,00406","85,54153"
"16,528","-0,761542","-1,242742",,"-9,82884","0,93707","0,31603","1,87815","84,6546"
"16,529","0,238458","-1,242742",,"-9,81777","0,92724","0,31696","0,93122","83,76716"
"16,53","0,238458","-2,242742",,"-9,82884","0,91742","0,31788","1,83877","82,87972"
"16,531","0,238458","1,757258",,"-9,78456","0,90761","0,31879","1,81134","81,99379"
"16,532","0,238458","-0,242742",,"-9,8067","0,89782","0,31969","0,00385","81,10885"
"16,533","1,238458","-1,242742",,"-9,8067","0,88801","0,32059","0,0038","80,22291"
"16,534","0,238458","-0,242742",,"-9,8067","0,8782","0,32147","0,00376","79,33697"
"16,535","0,238458","-0,242742",,"-9,8067","0,8684","0,32234","0,00372","78,45104"
"16,536","-0,761542","0,757258",,"-9,8067","0,85859","0,32321","0,00368","77,5651"
"16,537","1,238458","0,757258",,"-9,78456","0,8488","0,32406","1,69395","76,68016"
"16,538","2,238458","-0,242742",,"-9,78456","0,83901","0,32491","1,67443","75,79623"
"16,539","0,238458","-0,242742",,"-9,8067","0,82922","0,32574","0,00355","74,91129"
"16,54","1,238458","0,757258",,"-9,78456","0,81942","0,32656","1,63533","74,02635"
"16,541","0,238458","-0,242742",,"-9,8067","0,80962","0,32738","0,00347","73,14141"
"16,542","3,238458","-0,242742",,"-9,77349","0,79983","0,32818","2,39607","72,25698"
"16,543","1,238458","-0,242742",,"-9,79563","0,79005","0,32898","0,78666","71,37304"
"16,544","0,238458","0,757258",,"-9,79563","0,78025","0,32976","0,77691","70,4881"
"16,545","-1,761542","-1,242742",,"-9,83991","0,77044","0,33054","2,31461","69,60117"
"16,546","-0,761542","-1,242742",,"-9,82884","0,7606","0,3313","1,52446","68,71273"
"16,547","0,238458","-1,242742",,"-9,81777","0,75078","0,33206","0,75399","67,82529"
"16,548","0,238458","-2,242742",,"-9,82884","0,74095","0,33281","1,48508","66,93786"
"16,549","2,238458","0,757258",,"-9,77349","0,73115","0,33354","2,19033","66,05242"
"16,55","-1,761542","1,757258",,"-9,8067","0,72136","0,33427","0,00309","65,16798"
"16,551","0,238458","-1,242742",,"-9,81777","0,71155","0,33498","0,7146","64,28154"
"16,552","1,238458","-2,242742",,"-9,81777","0,70173","0,33569","0,70474","63,39461"
"16,553","0,238458","-1,242742",,"-9,81777","0,69192","0,33639","0,69488","62,50767"
"16,554","-0,761542","-1,242742",,"-9,82884","0,68209","0,33707","1,36711","61,62023"
"16,555","-0,761542","0,757258",,"-9,8067","0,67227","0,33775","0,00288","60,7333"
"16,556","0,238458","-0,242742",,"-9,8067","0,66247","0,33842","0,00284","59,84736"
"16,557","1,238458","0,757258",,"-9,78456","0,65267","0,33908","1,30255","58,96242"
"16,558","0,238458","-0,242742",,"-9,8067","0,64288","0,33972","0,00275","58,07749"
"16,559","0,238458","-1,242742",,"-9,81777","0,63306","0,34036","0,63578","57,19105"
"16,56","-0,761542","1,757258",,"-9,79563","0,62326","0,34099","0,62059","56,30511"
"16,561","-0,761542","-1,242742",,"-9,82884","0,61345","0,34161","1,22952","55,41867"
"16,562","-0,761542","-0,242742",,"-9,81777","0,60362","0,34222","0,60621","54,53124"
"16,563","-1,761542","1,757258",,"-9,8067","0,59381","0,34282","0,00254","53,6448"
"16,564","1,238458","-0,242742",,"-9,79563","0,58401","0,34341","0,58151","52,75936"
"16,565","0,238458","-0,242742",,"-9,8067","0,57421","0,34398","0,00246","51,87393"
"16,566","1,238458","-0,242742",,"-9,79563","0,56441","0,34455","0,56199","50,98849"
"16,567","2,238458","-0,242742",,"-9,78456","0,55462","0,34511","1,10686","50,10405"
"16,568","-0,761542","-1,242742",,"-9,82884","0,54481","0,34566","1,09195","49,21811"
"16,569","-0,761542","-0,242742",,"-9,81777","0,53499","0,3462","0,53728","48,33068"
"16,57","-0,761542","-0,242742",,"-9,81777","0,52517","0,34673","0,52742","47,44374"
"16,571","-1,761542","-0,242742",,"-9,82884","0,51535","0,34725","1,0329","46,5563"
"16,572","0,238458","2,757258",,"-9,77349","0,50554","0,34776","1,51447","45,67087"
"16,573","-0,761542","-0,242742",,"-9,81777","0,49575","0,34826","0,49787","44,78593"
"16,574","1,238458","-2,242742",,"-9,81777","0,48593","0,34875","0,48801","43,89899"
"16,575","1,238458","0,757258",,"-9,78456","0,47613","0,34924","0,95022","43,01356"
"16,576","0,238458","-2,242742",,"-9,82884","0,46632","0,34971","0,93464","42,12762"
"16,577","-0,761542","-1,242742",,"-9,82884","0,45649","0,35017","0,91494","41,23968"
"16,578","-1,761542","-0,242742",,"-9,82884","0,44667","0,35062","0,89524","40,35174"
"16,579","0,238458","-0,242742",,"-9,8067","0,43685","0,35106","0,00187","39,46481"
"16,58","1,238458","-0,242742",,"-9,79563","0,42705","0,35149","0,42522","38,57937"
"16,581","0,238458","-0,242742",,"-9,8067","0,41725","0,35192","0,00179","37,69393"
"16,582","-0,761542","-0,242742",,"-9,81777","0,40743","0,35233","0,40918","36,8075"
"16,583","-0,761542","0,757258",,"-9,8067","0,39762","0,35273","0,0017","35,92106"
"16,584","-0,761542","-0,242742",,"-9,81777","0,38781","0,35312","0,38947","35,03462"
"16,585","-0,761542","1,757258",,"-9,79563","0,378","0,35351","0,37638","34,14868"
"16,586","0,238458","-2,242742",,"-9,82884","0,36819","0,35388","0,73796","33,26225"
"16,587","-0,761542","0,757258",,"-9,8067","0,35837","0,35424","0,00154","32,37531"
"16,588","1,238458","0,757258",,"-9,78456","0,34858","0,3546","0,69566","31,49037"
"16,589","-0,761542","0,757258",,"-9,8067","0,33878","0,35494","0,00145","30,60544"
"16,59","1,238458","-0,242742",,"-9,79563","0,32898","0,35527","0,32757","29,72"
"16,591","1,238458","0,757258",,"-9,78456","0,31919","0,3556","0,63701","28,83556"
"16,592","-0,761542","-0,242742",,"-9,81777","0,30939","0,35591","0,31071","27,95013"
"16,593","0,238458","-1,242742",,"-9,81777","0,29957","0,35622","0,30085","27,06319"
"16,594","-0,761542","-0,242742",,"-9,81777","0,28975","0,35651","0,29099","26,17625"
"16,595","-0,761542","-2,242742",,"-9,83991","0,27992","0,3568","0,84097","25,28831"
"16,596","0,238458","-2,242742",,"-9,82884","0,27009","0,35707","0,54134","24,39988"
"16,597","-0,761542","-0,242742",,"-9,81777","0,26027","0,35734","0,26138","23,51244"
"16,598","0,238458","-2,242742",,"-9,82884","0,25044","0,35759","0,50196","22,625"
"16,599","-0,761542","0,757258",,"-9,8067","0,24063","0,35784","0,00103","21,73807"
"16,6","-0,761542","-0,242742",,"-9,81777","0,23081","0,35807","0,2318","20,85163"
"16,601","0,238458","-2,242742",,"-9,82884","0,22099","0,3583","0,44293","19,96419"
"16,602","-0,761542","-0,242742",,"-9,81777","0,21117","0,35852","0,21207","19,07676"
"16,603","0,238458","0,757258",,"-9,79563","0,20136","0,35872","0,2005","18,19082"
"16,604","-0,761542","-1,242742",,"-9,82884","0,19155","0,35892","0,38392","17,30438"
"16,605","-0,761542","-1,242742",,"-9,82884","0,18172","0,3591","0,36422","16,41644"
"16,606","1,238458","-1,242742",,"-9,8067","0,1719","0,35928","0,00074","15,52951"
"16,607","0,238458","-0,242742",,"-9,8067","0,16209","0,35945","0,00069","14,64357"
"16,608","1,238458","-2,242742",,"-9,81777","0,15228","0,35961","0,15293","13,75713"
"16,609","0,238458","-0,242742",,"-9,8067","0,14247","0,35975","0,00061","12,8707"
"16,61","0,238458","0,757258",,"-9,79563","0,13267","0,35989","0,1321","11,98526"
"16,611","-0,761542","-0,242742",,"-9,81777","0,12286","0,36002","0,12339","11,09932"
"16,612","1,238458","-0,242742",,"-9,79563","0,11305","0,36014","0,11257","10,21338"
"16,613","-0,761542","1,757258",,"-9,79563","0,10326","0,36024","0,10282","9,32845"
"16,614","2,238458","-1,242742",,"-9,79563","0,09346","0,36034","0,09306","8,44351"
"16,615","0,238458","1,757258",,"-9,78456","0,08367","0,36043","0,16699","7,55907"
"16,616","1,238458","-0,242742",,"-9,79563","0,07388","0,36051","0,07357","6,67464"
"16,617","-1,761542","-1,242742",,"-9,83991","0,06407","0,36058","0,19247","5,7877"
"16,618","0,238458","-0,242742",,"-9,8067","0,05424","0,36064","0,00023","4,90026"
"16,619","-0,761542","-0,242742",,"-9,81777","0,04443","0,36069","0,04462","4,01383"
"16,62","0,238458","0,757258",,"-9,79563","0,03462","0,36073","0,03448","3,12789"
"16,621","-0,761542","-1,242742",,"-9,82884","0,02481","0,36076","0,04973","2,24145"
"16,622","-0,761542","0,757258",,"-9,8067","0,01499","0,36078",6E-05,"1,35451"
"16,623","1,238458","1,757258",,"-9,77349","0,0052","0,36079","0,01559","0,47008"
"16,624","0,238458","1,757258",,"-9,78456","-0,00458","0,36079","0,00913","-0,41336"
"16,625","0,238458","-0,242742",,"-9,8067","-0,01437","0,36078",6E-05,"-1,2983"
"16,626","2,238458","-0,242742",,"-9,78456","-0,02417","0,36076","0,04823","-2,18323"
"16,627","-0,761542","-0,242742",,"-9,81777","-0,03397","0,36073","0,03411","-3,06867"
"16,628","0,238458","1,757258",,"-9,78456","-0,04377","0,36069","0,08735","-3,95411"
"16,629","-0,761542","-2,242742",,"-9,83991","-0,05358","0,36064","0,16097","-4,84055"
"16,63","-0,761542","-0,242742",,"-9,81777","-0,06341","0,36058","0,06368","-5,72848"
"16,631","1,238458","-3,242742",,"-9,82884","-0,07323","0,36051","0,14678","-6,61592"
"16,632","0,238458","-1,242742",,"-9,81777","-0,08306","0,36044","0,08341","-7,50336"
"16,633","0,238458","-2,242742",,"-9,82884","-0,09288","0,36035","0,18616","-8,39079"
"16,634","0,238458","-4,242742",,"-9,85097","-0,10272","0,36025","0,41132","-9,27973"
"16,635","-0,761542","-0,242742",,"-9,81777","-0,11255","0,36014","0,11304","-10,16817"
"16,636","0,238458","-1,242742",,"-9,81777","-0,12237","0,36003","0,1229","-11,0551"
"16,637","0,238458","-2,242742",,"-9,82884","-0,1322","0,3599","0,26496","-11,94254"
"16,638","-0,761542","-1,242742",,"-9,82884","-0,14202","0,35976","0,28466","-12,83048"
"16,639","1,238458","-0,242742",,"-9,79563","-0,15184","0,35961","0,15119","-13,71692"
"16,64","-0,761542","-2,242742",,"-9,83991","-0,16165","0,35946","0,48566","-14,60385"
"16,641","-0,761542","-1,242742",,"-9,82884","-0,17149","0,35929","0,34371","-15,49229"
"16,642","-0,761542","-0,242742",,"-9,81777","-0,18131","0,35911","0,18209","-16,37973"
"16,643","-0,761542","-1,242742",,"-9,82884","-0,19114","0,35893","0,38309","-17,26716"
"16,644","-0,761542","-0,242742",,"-9,81777","-0,20096","0,35873","0,20182","-18,1546"
"16,645","-0,761542","-2,242742",,"-9,83991","-0,21079","0,35853","0,63327","-19,04254"
"16,646","1,238458","-1,242742",,"-9,8067","-0,22061","0,35831","0,00095","-19,92997"
"16,647","0,238458","0,757258",,"-9,79563","-0,23041","0,35809","0,22942","-20,81541"
"16,648","1,238458","-2,242742",,"-9,81777","-0,24022","0,35785","0,24125","-21,70135"
"16,649","-1,761542","-1,242742",,"-9,83991","-0,25005","0,3576","0,75121","-22,58929"
"16,65","-1,761542","-2,242742",,"-9,85097","-0,25989","0,35735","1,04068","-23,47872"
"16,651","-0,761542","-2,242742",,"-9,83991","-0,26974","0,35709","0,81037","-24,36816"
"16,652","1,238458","-1,242742",,"-9,8067","-0,27956","0,35681","0,0012","-25,2556"
"16,653","-0,761542","-0,242742",,"-9,81777","-0,28937","0,35653","0,29061","-26,14203"
"16,654","-0,761542","-0,242742",,"-9,81777","-0,29919","0,35623","0,30047","-27,02897"
"16,655","2,238458","0,757258",,"-9,77349","-0,30899","0,35593","0,92564","-27,91391"
"16,656","0,238458","1,757258",,"-9,78456","-0,31877","0,35561","0,63617","-28,79735"
"16,657","-0,761542","-1,242742",,"-9,82884","-0,32857","0,35529","0,65855","-29,68328"
"16,658","1,238458","-1,242742",,"-9,8067","-0,33839","0,35496","0,00145","-30,57022"
"16,659","0,238458","-0,242742",,"-9,8067","-0,3482","0,35461","0,00149","-31,45616"
"16,66","-0,761542","0,757258",,"-9,8067","-0,358","0,35426","0,00153","-32,34209"
"16,661","1,238458","-2,242742",,"-9,81777","-0,36782","0,3539","0,36939","-33,22853"
"16,662","1,238458","-3,242742",,"-9,82884","-0,37764","0,35352","0,7569","-34,11597"
"16,663","-0,761542","-1,242742",,"-9,82884","-0,38747","0,35314","0,7766","-35,0039"
"16,664","0,238458","-0,242742",,"-9,8067","-0,39729","0,35275","0,0017","-35,89084"
"16,665","-0,761542","-0,242742",,"-9,81777","-0,4071","0,35235","0,40884","-36,77728"
"16,666","0,238458","-1,242742",,"-9,81777","-0,41692","0,35194","0,4187","-37,66422"
"16,667","-0,761542","-0,242742",,"-9,81777","-0,42673","0,35151","0,42856","-38,55115"
"16,668","1,238458","-1,242742",,"-9,8067","-0,43655","0,35108","0,00187","-39,43759"
"16,669","0,238458","-0,242742",,"-9,8067","-0,44635","0,35064","0,00191","-40,32353"
"16,67","0,238458","0,757258",,"-9,79563","-0,45615","0,35019","0,4542","-41,20896"
"16,671","0,238458","-2,242742",,"-9,82884","-0,46597","0,34973","0,93393","-42,0954"
"16,672","0,238458","0,757258",,"-9,79563","-0,47578","0,34926","0,47374","-42,98184"
"16,673","-0,761542","-2,242742",,"-9,83991","-0,4856","0,34878","1,45887","-43,86877"
"16,674","-0,761542","0,757258",,"-9,8067","-0,49542","0,34829","0,00212","-44,75621"
"16,675","-0,761542","0,757258",,"-9,8067","-0,50523","0,34779","0,00216","-45,64215"
"16,676","-0,761542","-2,242742",,"-9,83991","-0,51505","0,34728","1,54736","-46,52959"
"16,677","0,238458","-0,242742",,"-9,8067","-0,52487","0,34676","0,00225","-47,41702"
"16,678","0,238458","0,757258",,"-9,79563","-0,53467","0,34623","0,53238","-48,30246"
"16,679","1,238458","0,757258",,"-9,78456","-0,54446","0,34569","1,0866","-49,1869"
"16,68","1,238458","-0,242742",,"-9,79563","-0,55425","0,34514","0,55188","-50,07133"
"16,681","-0,761542","-0,242742",,"-9,81777","-0,56406","0,34458","0,56648","-50,95727"
"16,682","-0,761542","-3,242742",,"-9,85097","-0,5739","0,34401","2,29804","-51,84571"
"16,683","1,238458","0,757258",,"-9,78456","-0,58371","0,34343","1,16493","-52,73265"
"16,684","0,238458","-1,242742",,"-9,81777","-0,59351","0,34284","0,59606","-53,61808"
"16,685","-0,761542","0,757258",,"-9,8067","-0,60333","0,34224","0,00258","-54,50452"
"16,686","-0,761542","0,757258",,"-9,8067","-0,61313","0,34163","0,00263","-55,39046"
"16,687","-0,761542","0,757258",,"-9,8067","-0,62294","0,34102","0,00267","-56,27639"
"16,688","1,238458","-0,242742",,"-9,79563","-0,63274","0,34039","0,63003","-57,16183"
"16,689","-0,761542","0,757258",,"-9,8067","-0,64254","0,33975","0,00275","-58,04727"
"16,69","-2,761542","-1,242742",,"-9,85097","-0,65237","0,3391","2,61228","-58,9352"
"16,691","-0,761542","-0,242742",,"-9,81777","-0,66221","0,33845","0,66504","-59,82364"
"16,692","-0,761542","-0,242742",,"-9,81777","-0,67202","0,33778","0,6749","-60,71058"
"16,693","0,238458","-1,242742",,"-9,81777","-0,68184","0,3371","0,68476","-61,59752"
"16,694","0,238458","-2,242742",,"-9,82884","-0,69166","0,33642","1,38629","-62,48495"
"16,695","0,238458","-0,242742",,"-9,8067","-0,70148","0,33572","0,00301","-63,37189"
"16,696","-0,761542","-1,242742",,"-9,82884","-0,7113","0,33501","1,42565","-64,25883"
"16,697","-1,761542","0,757258",,"-9,81777","-0,72112","0,3343","0,72421","-65,14626"
"16,698","0,238458","-2,242742",,"-9,82884","-0,73095","0,33357","1,46502","-66,0337"
"16,699","0,238458","-0,242742",,"-9,8067","-0,74076","0,33283","0,00317","-66,92064"
"16,7","-0,761542","-0,242742",,"-9,81777","-0,75058","0,33209","0,75379","-67,80708"
"16,701","-1,761542","-2,242742",,"-9,85097","-0,76041","0,33133","3,0449","-68,69551"
"16,702","0,238458","-0,242742",,"-9,8067","-0,77024","0,33057","0,0033","-69,58345"
"16,703","0,238458","0,757258",,"-9,79563","-0,78004","0,32979","0,7767","-70,46889"
"16,704","-0,761542","-1,242742",,"-9,82884","-0,78985","0,32901","1,58309","-71,35532"
"16,705","0,238458","-1,242742",,"-9,81777","-0,79968","0,32821","0,8031","-72,24276"
"16,706","0,238458","1,757258",,"-9,78456","-0,80948","0,32741","1,61549","-73,1282"
"16,707","-0,761542","-1,242742",,"-9,82884","-0,81928","0,32659","1,64208","-74,01413"
"16,708","-0,761542","-1,242742",,"-9,82884","-0,82911","0,32577","1,66178","-74,90207"
"16,709","0,238458","0,757258",,"-9,79563","-0,83893","0,32494","0,83533","-75,78851"
"16,71","-0,761542","1,757258",,"-9,79563","-0,84872","0,32409","0,84508","-76,67345"
"16,711","-0,761542","-0,242742",,"-9,81777","-0,85853","0,32324","0,86221","-77,55938"
"16,712","-0,761542","-0,242742",,"-9,81777","-0,86835","0,32238","0,87207","-78,44632"
"16,713","-0,761542","-0,242742",,"-9,81777","-0,87816","0,3215","0,88193","-79,33326"
"16,714","-0,761542","1,757258",,"-9,79563","-0,88797","0,32062","0,88417","-80,21919"
"16,715","-0,761542","-1,242742",,"-9,82884","-0,89778","0,31973","1,79941","-81,10563"
"16,716","-0,761542","0,757258",,"-9,8067","-0,9076","0,31882","0,00389","-81,99257"
"16,717","-0,761542","0,757258",,"-9,8067","-0,91741","0,31791","0,00393","-82,8785"
"16,718","0,238458","0,757258",,"-9,79563","-0,92721","0,31699","0,92324","-83,76394"
"16,719","0,238458","-0,242742",,"-9,8067","-0,93701","0,31606","0,00401","-84,64938"
"16,72","-0,761542","-2,242742",,"-9,83991","-0,94683","0,31511","2,84455","-85,53682"
"16,721","1,238458","-1,242742",,"-9,8067","-0,95666","0,31416","0,0041","-86,42425"
"16,722","-1,761542","-2,242742",,"-9,85097","-0,96648","0,3132","3,87008","-87,31219"
"16,723","0,238458","-1,242742",,"-9,81777","-0,97632","0,31223","0,9805","-88,20063"
"16,724","1,238458","0,757258",,"-9,78456","-0,98612","0,31125","1,96802","-89,08606"
"16,725","1,238458","-0,242742",,"-9,79563","-0,99591","0,31026","0,99164","-89,9705"
"16,726","1,238458","-1,242742",,"-9,8067","-1,00571","0,30926","0,00431","-90,85594"
"16,727","-0,761542","-0,242742",,"-9,81777","-1,01552","0,30825","1,01987","-91,74238"
"16,728","-0,761542","0,757258",,"-9,8067","-1,02534","0,30723","0,00439","-92,62881"
"16,729","0,238458","-0,242742",,"-9,8067","-1,03514","0,3062","0,00443","-93,51475"
"16,73","0,238458","-0,242742",,"-9,8067","-1,04495","0,30516","0,00448","-94,40069"
"16,731","1,238458","-0,242742",,"-9,79563","-1,05475","0,30411","1,05023","-95,28612"
"16,732","0,238458","-1,242742",,"-9,81777","-1,06456","0,30305","1,06912","-96,17206"
"16,733","0,238458","-3,242742",,"-9,83991","-1,07439","0,30198","3,22776","-97,06"
"16,734","-0,761542","-0,242742",,"-9,81777","-1,08421","0,3009","1,08886","-97,94793"
"16,735","1,238458","0,757258",,"-9,78456","-1,09402","0,29981","2,18334","-98,83337"
"16,736","0,238458","-1,242742",,"-9,81777","-1,10382","0,29871","1,10855","-99,71881"
"16,737","0,238458","-1,242742",,"-9,81777","-1,11363","0,2976","1,11841","-100,60575"
"16,738","-0,761542","-0,242742",,"-9,81777","-1,12345","0,29648","1,12827","-101,49268"
"16,739","-0,761542","-1,242742",,"-9,82884","-1,13328","0,29535","2,27141","-102,38012"
"16,74","0,238458","-1,242742",,"-9,81777","-1,1431","0,29422","1,148","-103,26756"
"16,741","-0,761542","-1,242742",,"-9,82884","-1,15292","0,29307","2,31078","-104,15499"
"16,742","0,238458","-2,242742",,"-9,82884","-1,16275","0,29191","2,33048","-105,04293"
"16,743","-0,761542","1,757258",,"-9,79563","-1,17256","0,29074","1,16754","-105,92937"
"16,744","-0,761542","-0,242742",,"-9,81777","-1,18237","0,28956","1,18744","-106,81531"
"16,745","0,238458","-2,242742",,"-9,82884","-1,19219","0,28838","2,38949","-107,70274"
"16,746","1,238458","-0,242742",,"-9,79563","-1,20201","0,28718","1,19686","-108,58918"
"16,747","-0,761542","-1,242742",,"-9,82884","-1,21182","0,28597","2,42883","-109,47562"
"16,748","-0,761542","-0,242742",,"-9,81777","-1,22164","0,28476","1,22687","-110,36305"
"16,749","0,238458","-0,242742",,"-9,8067","-1,23145","0,28353","0,00528","-111,24949"
"16,75","-0,761542","-0,242742",,"-9,81777","-1,24127","0,28229","1,24658","-112,13593"
"16,751","-0,761542","-0,242742",,"-9,81777","-1,25108","0,28105","1,25644","-113,02286"
"16,752","1,238458","0,757258",,"-9,78456","-1,26088","0,27979","2,51637","-113,9083"
"16,753","-0,761542","-0,242742",,"-9,81777","-1,27069","0,27853","1,27613","-114,79374"
"16,754","-0,761542","-1,242742",,"-9,82884","-1,28051","0,27725","2,5665","-115,68118"
"16,755","1,238458","-1,242742",,"-9,8067","-1,29033","0,27596","0,00553","-116,56811"
"16,756","0,238458","-0,242742",,"-9,8067","-1,30013","0,27467","0,00557","-117,45405"
"16,757","-0,761542","-1,242742",,"-9,82884","-1,30995","0,27336","2,62551","-118,34099"
"16,758","-0,761542","-0,242742",,"-9,81777","-1,31977","0,27205","1,32543","-119,22842"
"16,759","0,238458","-0,242742",,"-9,8067","-1,32959","0,27072","0,0057","-120,11486"
"16,76","1,238458","0,757258",,"-9,78456","-1,33938","0,26939","2,67303","-120,9998"
"16,761","0,238458","-2,242742",,"-9,82884","-1,34919","0,26805","2,70416","-121,88573"
"16,762","-0,761542","0,757258",,"-9,8067","-1,35901","0,26669","0,00582","-122,77267"
"16,763","0,238458","0,757258",,"-9,79563","-1,36881","0,26533","1,36294","-123,65811"
"16,764","-2,761542","0,757258",,"-9,82884","-1,37862","0,26395","2,76315","-124,54455"
"16,765","1,238458","0,757258",,"-9,78456","-1,38843","0,26257","2,77091","-125,43048"
"16,766","-0,761542","-2,242742",,"-9,83991","-1,39824","0,26118","4,20071","-126,31692"
"16,767","-0,761542","-0,242742",,"-9,81777","-1,40807","0,25977","1,4141","-127,20486"
"16,768","-0,761542","-1,242742",,"-9,82884","-1,41789","0,25836","2,84186","-128,09229"
"16,769","1,238458","1,757258",,"-9,77349","-1,42769","0,25694","4,27696","-128,97773"
"16,77","1,238458","-1,242742",,"-9,8067","-1,43748","0,25551","0,00616","-129,86217"
"16,771","-0,761542","1,757258",,"-9,79563","-1,44728","0,25406","1,44108","-130,74761"
"16,772","1,238458","0,757258",,"-9,78456","-1,45707","0,25261","2,90791","-131,63204"
"16,773","1,238458","-0,242742",,"-9,79563","-1,46686","0,25115","1,46058","-132,51648"
"16,774","-0,761542","-1,242742",,"-9,82884","-1,47668","0,24968","2,95968","-133,40292"
"16,775","-1,761542","-0,242742",,"-9,82884","-1,4865","0,2482","2,97938","-134,29085"
"16,776","-0,761542","-3,242742",,"-9,85097","-1,49634","0,2467","5,99179","-135,17979"
"16,777","1,238458","-0,242742",,"-9,79563","-1,50617","0,2452","1,49972","-136,06723"
"16,778","0,238458","0,757258",,"-9,79563","-1,51596","0,24369","1,50947","-136,95216"
"16,779","1,238458","-1,242742",,"-9,8067","-1,52576","0,24217","0,00654","-137,8376"
"16,78","0,238458","-0,242742",,"-9,8067","-1,53557","0,24064","0,00658","-138,72354"
"16,781","-0,761542","-1,242742",,"-9,82884","-1,54539","0,2391","3,0974","-139,61048"
"16,782","1,238458","-1,242742",,"-9,8067","-1,55521","0,23755","0,00666","-140,49741"
"16,783","-0,761542","-0,242742",,"-9,81777","-1,56502","0,23599","1,57172","-141,38385"
"16,784","-0,761542","0,757258",,"-9,8067","-1,57483","0,23442","0,00675","-142,27029"
"16,785","-0,761542","-1,242742",,"-9,82884","-1,58465","0,23284","3,17609","-143,15722"
"16,786","-1,761542","-1,242742",,"-9,83991","-1,59448","0,23125","4,79028","-144,04566"
"16,787","0,238458","0,757258",,"-9,79563","-1,6043","0,22965","1,59743","-144,9326"
"16,788","1,238458","-0,242742",,"-9,79563","-1,6141","0,22804","1,60718","-145,81754"
"16,789","0,238458","-0,242742",,"-9,8067","-1,6239","0,22642","0,00696","-146,70297"
"16,79","-1,761542","-1,242742",,"-9,83991","-1,63372","0,22479","4,90816","-147,59041"
"16,791","3,238458","0,757258",,"-9,76242","-1,64352","0,22316","6,56705","-148,47585"
"16,792","-0,761542","-1,242742",,"-9,82884","-1,65332","0,22151","3,31372","-149,36078"
"16,793","-0,761542","-2,242742",,"-9,83991","-1,66315","0,21985","4,99658","-150,24922"
"16,794","0,238458","-0,242742",,"-9,8067","-1,67298","0,21818","0,00717","-151,13666"
"16,795","0,238458","0,757258",,"-9,79563","-1,68278","0,2165","1,67557","-152,02209"
"16,796","-0,761542","0,757258",,"-9,8067","-1,69258","0,21482","0,00725","-152,90753"
"16,797","-0,761542","-1,242742",,"-9,82884","-1,7024","0,21312","3,41209","-153,79447"
"16,798","-0,761542","1,757258",,"-9,79563","-1,71221","0,21141","1,70487","-154,68091"
"16,799","-0,761542","-1,242742",,"-9,82884","-1,72202","0,20969","3,45142","-155,56734"
"16,8","0,238458","-0,242742",,"-9,8067","-1,73184","0,20797","0,00742","-156,45428"
"16,801","0,238458","-1,242742",,"-9,81777","-1,74165","0,20623","1,74911","-157,34072"
"16,802","0,238458","0,757258",,"-9,79563","-1,75146","0,20448","1,74395","-158,22665"
"16,803","-0,761542","-0,242742",,"-9,81777","-1,76126","0,20273","1,76881","-159,11259"
"16,804","-2,761542","-1,242742",,"-9,85097","-1,7711","0,20096","7,09198","-160,00103"
"16,805","1,238458","-1,242742",,"-9,8067","-1,78093","0,19918","0,00763","-160,88896"
"16,806","-0,761542","-0,242742",,"-9,81777","-1,79074","0,1974","1,79841","-161,7754"
"16,807","-0,761542","1,757258",,"-9,79563","-1,80055","0,1956","1,79283","-162,66134"
"16,808","0,238458","-2,242742",,"-9,82884","-1,81036","0,1938","3,62847","-163,54778"
"16,809","0,238458","1,757258",,"-9,78456","-1,82017","0,19198","3,63253","-164,43371"
"16,81","1,238458","-0,242742",,"-9,79563","-1,82996","0,19016","1,82212","-165,31815"
"16,811","0,238458","-1,242742",,"-9,81777","-1,83976","0,18832","1,84764","-166,20409"
"16,812","-0,761542","-0,242742",,"-9,81777","-1,84958","0,18648","1,8575","-167,09102"
"16,813","0,238458","0,757258",,"-9,79563","-1,85939","0,18462","1,85142","-167,97696"
"16,814","-0,761542","-0,242742",,"-9,81777","-1,86919","0,18276","1,8772","-168,8629"
"16,815","-0,761542","-0,242742",,"-9,81777","-1,87901","0,18088","1,88706","-169,74984"
"16,816","-0,761542","2,757258",,"-9,78456","-1,88881","0,179","3,76953","-170,63527"
"16,817","-0,761542","-0,242742",,"-9,81777","-1,89861","0,17711","1,90675","-171,52071"
"16,818","0,238458","-1,242742",,"-9,81777","-1,90843","0,1752","1,91661","-172,40765"
"16,819","-0,761542","0,757258",,"-9,8067","-1,91824","0,17329","0,00822","-173,29408"
"16,82","-0,761542","-2,242742",,"-9,83991","-1,92807","0,17137","5,79246","-174,18152"
"16,821","0,238458","-2,242742",,"-9,82884","-1,9379","0,16943","3,8841","-175,06996"
"16,822","-0,761542","-2,242742",,"-9,83991","-1,94774","0,16749","5,85155","-175,95839"
"16,823","1,238458","0,757258",,"-9,78456","-1,95755","0,16554","3,90671","-176,84483"
"16,824","-0,761542","1,757258",,"-9,79563","-1,96734","0,16358","1,95891","-177,72927"
"16,825","-1,761542","-0,242742",,"-9,82884","-1,97715","0,1616","3,96277","-178,61571"
"16,826","1,238458","0,757258",,"-9,78456","-1,98696","0,15962","3,9654","-179,50164"
"16,827","0,238458","-0,242742",,"-9,8067","-1,99675","0,15763","0,00855","-180,38658"
"16,828","-0,761542","-2,242742",,"-9,83991","-2,00658","0,15563","6,02832","-181,27402"
"16,829","1,238458","-0,242742",,"-9,79563","-2,01639","0,15362","2,00775","-182,16095"
"16,83","-0,761542","-1,242742",,"-9,82884","-2,02621","0,1516","4,06109","-183,04739"
"16,831","-0,761542","1,757258",,"-9,79563","-2,03602","0,14956","2,0273","-183,93383"
"16,832","-0,761542","0,757258",,"-9,8067","-2,04582","0,14752","0,00876","-184,81927"
"16,833","-0,761542","-1,242742",,"-9,82884","-2,05564","0,14547","4,12008","-185,7062"
"16,834","0,238458","-2,242742",,"-9,82884","-2,06547","0,14341","4,13978","-186,59414"
"16,835","-0,761542","-0,242742",,"-9,81777","-2,07529","0,14134","2,08418","-187,48158"
"16,836","-0,761542","1,757258",,"-9,79563","-2,0851","0,13926","2,07616","-188,36751"
"16,837","1,238458","0,757258",,"-9,78456","-2,09489","0,13717","4,1808","-189,25195"
"16,838","-0,761542","-1,242742",,"-9,82884","-2,10469","0,13507","4,2184","-190,13789"
"16,839","0,238458","-0,242742",,"-9,8067","-2,11451","0,13296","0,00906","-191,02482"
"16,84","0,238458","0,757258",,"-9,79563","-2,12431","0,13084","2,11521","-191,91026"
"16,841","0,238458","-3,242742",,"-9,83991","-2,13413","0,12871","6,41153","-192,7972"
"16,842","-0,761542","1,757258",,"-9,79563","-2,14395","0,12657","2,13476","-193,68414"
"16,843","-0,761542","-0,242742",,"-9,81777","-2,15375","0,12443","2,16298","-194,57007"
"16,844","0,238458","0,757258",,"-9,79563","-2,16356","0,12227","2,15429","-195,45601"
"16,845","0,238458","-0,242742",,"-9,8067","-2,17336","0,1201","0,00931","-196,34145"
"16,846","1,238458","-0,242742",,"-9,79563","-2,18316","0,11792","2,17381","-197,22688"
"16,847","0,238458","-0,242742",,"-9,8067","-2,19296","0,11573","0,00939","-198,11232"
"16,848","0,238458","-1,242742",,"-9,81777","-2,20278","0,11353","2,21221","-198,99876"
"16,849","-0,761542","1,757258",,"-9,79563","-2,21258","0,11133","2,2031","-199,88469"
"16,85","-1,761542","-2,242742",,"-9,85097","-2,22241","0,10911","8,89914","-200,77213"
"16,851","0,238458","0,757258",,"-9,79563","-2,23223","0,10688","2,22267","-201,65957"
"16,852","1,238458","0,757258",,"-9,78456","-2,24202","0,10465","4,47443","-202,54401"
"16,853","2,238458","0,757258",,"-9,77349","-2,2518","0,1024","6,74575","-203,42744"
"16,854","0,238458","-1,242742",,"-9,81777","-2,26159","0,10014","2,27128","-204,31238"
"16,855","0,238458","0,757258",,"-9,79563","-2,2714","0,09787","2,26167","-205,19832"
"16,856","0,238458","-1,242742",,"-9,81777","-2,28121","0,0956","2,29098","-206,08425"
"16,857","1,238458","-0,242742",,"-9,79563","-2,29101","0,09331","2,2812","-206,97019"
"16,858","-2,761542","44,757258",,"-9,34179","-2,30058","0,09102","96,61461","-207,83463"
"16,859","-1,761542","147,757258",,"-8,19058","-2,30935","0,08871","337,15502","-208,62657"
"16,86","-9,761542","178,757258",,"-7,93599","-2,31741","0,0864","391,6327","-209,355"
"16,861","-7,761542","212,757258",,"-7,53749","-2,32515","0,08408","476,64554","-210,05394"
"16,862","-1,761542","308,757258",,"-6,40842","-2,33212","0,08175","715,95138","-210,68388"
"16,863","-7,761542","372,757258",,"-5,76641","-2,33821","0,07941","853,43632","-211,23381"
"16,864","-1,761542","448,757258",,"-4,85872","-2,34352","0,07707","1047,54416","-211,71375"
"16,865","-6,761542","541,757258",,"-3,88463","-2,34789","0,07473","1256,1129","-212,10869"
"16,866","-4,761542","695,757258",,"-2,15782","-2,35091","0,07238","1624,47191","-212,38162"
"16,867","-7,761542","1105,757258",,"2,34739","-2,35082","0,07003","2581,19008","-212,37306"
"16,868","-23,761542","1605,757258",,"7,70493","-2,34579","0,06768","3711,03551","-211,919"
"16,869","-35,761542","1385,757258",,"5,13685","-2,33937","0,06534","3158,14321","-211,33894"
"16,87","-21,761542","1097,757258",,"2,10386","-2,33575","0,063","2513,25959","-211,01187"
"16,871","25,238458","1097,757258",,"2,62412","-2,33339","0,06066","2620,3852","-210,79831"
"16,872","78,238458","1106,757258",,"3,31042","-2,33042","0,05833","2761,53908","-210,53025"
"16,873","55,238458","1123,757258",,"3,244","-2,32714","0,056","2743,69274","-210,23418"
"16,874","-1,761542","1062,757258",,"1,93782","-2,32455","0,05368","2466,34081","-210,00012"
"16,875","3,238458","1095,757258",,"2,35846","-2,3224","0,05135","2552,31303","-209,80606"
"16,876","6,238458","1162,757258",,"3,13331","-2,31966","0,04903","2711,67145","-209,558"
"16,877","16,238458","1132,757258",,"2,91192","-2,31664","0,04671","2661,8053","-209,28493"
"16,878","11,238458","1137,757258",,"2,91192","-2,31372","0,0444","2658,45951","-209,02187"
"16,879","-3,761542","1171,757258",,"3,12224","-2,31071","0,04209","2698,89634","-208,74931"
"16,88","-13,761542","1151,757258",,"2,79016","-2,30775","0,03978","2626,21098","-208,48224"
"16,881","-19,761542","1146,757258",,"2,6684","-2,30502","0,03747","2597,74983","-208,23568"
"16,882","-15,761542","1195,757258",,"3,25507","-2,30206","0,03517","2716,42116","-207,96812"
"16,883","-10,761542","1222,757258",,"3,60929","-2,29863","0,03287","2785,9273","-207,65805"
"16,884","-10,761542","1238,757258",,"3,7864","-2,29493","0,03057","2818,16442","-207,32399"
"16,885","-12,761542","1295,757258",,"4,39521","-2,29084","0,02828","2939,1371","-206,95443"
"16,886","-12,761542","1350,757258",,"5,00402","-2,28614","0,02599","3058,8452","-206,52987"
"16,887","-10,761542","1391,757258",,"5,48","-2,2809","0,02371","3149,91002","-206,0563"
"16,888","-3,761542","1443,757258",,"6,13309","-2,27509","0,02143","3276,12159","-205,53174"
"16,889","6,238458","1501,757258",,"6,8858","-2,26858","0,01916","3421,01158","-204,94368"
"16,89","11,238458","1549,757258",,"7,47247","-2,2614","0,01689","3530,03982","-204,29511"
"16,891","9,238458","1594,757258",,"7,94845","-2,25369","0,01463","3614,91259","-203,59855"
"16,892","4,238458","1639,757258",,"8,39122","-2,24552","0,01238","3691,6291","-202,86049"
"16,893","0,238458","1677,757258",,"8,76758","-2,23694","0,01014","3753,58066","-202,08542"
"16,894","1,238458","1707,757258",,"9,11073","-2,228","0,00791","3807,64892","-201,27786"
"16,895","6,238458","1743,757258",,"9,56457","-2,21867","0,00569","3882,65624","-200,4343"
"16,896","8,238458","1773,757258",,"9,91878","-2,20892","0,00347","3936,29393","-199,55424"
"16,897","5,238458","1806,757258",,"10,25086","-2,19884","0,00127","3984,28801","-198,64317"
"16,898","4,238458","1838,757258",,"10,59401","-2,18842","-0,00092","4033,24353","-197,70161"
"16,899","3,238458","1868,757258",,"10,91502","-2,17766","-0,00311","4076,57522","-196,73005"
"16,9","0,238458","1888,757258",,"11,1032","-2,16665","-0,00528","4092,79933","-195,73548"
"16,901","-0,761542","1911,757258",,"11,34672","-2,15543","-0,00744","4119,01485","-194,72142"
"16,902","0,238458","1934,757258",,"11,61239","-2,14395","-0,00959","4148,53225","-193,68436"
"16,903","2,238458","1949,757258",,"11,80056","-2,13224","-0,01173","4162,1284","-192,6268"
"16,904","0,238458","1968,757258",,"11,98874","-2,12035","-0,01385","4174,956","-191,55223"
"16,905","-0,761542","2017,757258",,"12,52007","-2,10809","-0,01597","4252,01562","-190,44517"
"16,906","-0,761542","2062,757258",,"13,01819","-2,09532","-0,01807","4320,54994","-189,29161"
"16,907","-6,761542","2111,757258",,"13,49417","-2,08207","-0,02016","4382,7447","-188,09404"
"16,908","-13,761542","2231,757258",,"14,745","-2,06795","-0,02223","4586,70123","-186,81848"
"16,909","-15,761542","2437,757258",,"17,00313","-2,05207","-0,02429","4970,11584","-185,38442"
"16,91","-28,761542","2789,757258",,"20,75562","-2,0332","-0,02634","5613,64325","-183,67885"
"16,911","-44,761542","3288,757258",,"26,10209","-2,00977","-0,02836","6519,67342","-181,56229"
"16,912","-54,761542","3791,757258",,"31,55925","-1,98094","-0,03035","7402,74813","-178,95773"
"16,913","-56,761542","4314,757258",,"37,32636","-1,94649","-0,03232","8288,1583","-175,84617"
"16,914","-52,761542","4718,757258",,"41,84263","-1,90691","-0,03424","8897,62632","-172,2701"
"16,915","-50,761542","4822,757258",,"43,01597","-1,86448","-0,03613","8897,28617","-168,43704"
"16,916","-48,761542","4772,757258",,"42,48465","-1,82173","-0,03797","8605,8389","-164,57498"
"16,917","45,238458","4658,757258",,"42,26326","-1,77935","-0,03977","8370,07743","-160,74691"
"16,918","214,238458","4471,757258",,"42,06401","-1,73719","-0,04153","8140,47042","-156,93785"
"16,919","124,238458","4270,757258",,"38,84285","-1,69674","-0,04325","7457,15513","-153,28329"
"16,92","54,238458","4098,757258",,"36,16408","-1,65923","-0,04493","6890,79287","-149,89523"
"16,921","102,238458","3915,757258",,"34,66972","-1,62382","-0,04657","6524,49128","-146,69566"
"16,922","87,238458","3697,757258",,"32,09058","-1,59044","-0,04818","6019,79809","-143,6801"
"16,923","49,238458","3499,757258",,"29,47823","-1,55965","-0,04975","5535,2012","-140,89904"
"16,924","4,238458","3307,757258",,"26,8548","-1,53149","-0,0513","5072,2761","-138,35447"
"16,925","-11,761542","3109,757258",,"24,48597","-1,50582","-0,05281","4665,01127","-136,03541"
"16,926","-24,761542","2913,757258",,"22,17249","-1,48249","-0,05431","4282,89769","-133,92785"
"16,927","-37,761542","2743,757258",,"20,14681","-1,46133","-0,05578","3954,3447","-132,01628"
"16,928","-46,761542","2594,757258",,"18,39786","-1,44205","-0,05723","3674,34919","-130,27522"
"16,929","-52,761542","2463,757258",,"16,88137","-1,42442","-0,05867","3434,25866","-128,68166"
"16,93","-49,761542","2352,757258",,"15,68589","-1,40813","-0,06008","3242,92071","-127,2106"
"16,931","-42,761542","2276,757258",,"14,9221","-1,39283","-0,06148","3111,57058","-125,82803"
"16,932","-39,761542","2217,757258",,"14,30222","-1,37822","-0,06287","3001,74701","-124,50797"
"16,933","-40,761542","2170,757258",,"13,7709","-1,36418","-0,06424","2905,69486","-123,23991"
"16,934","-28,761542","2133,757258",,"13,49417","-1,35055","-0,0656","2842,89397","-122,00834"
"16,935","-12,761542","2095,757258",,"13,25064","-1,33717","-0,06694","2785,32729","-120,80028"
"16,936","2,238458","2059,757258",,"13,01819","-1,32404","-0,06827","2730,16353","-119,61372"
"16,937","8,238458","2019,757258",,"12,64183","-1,31121","-0,06959","2659,12699","-118,45465"
"16,938","12,238458","1984,757258",,"12,29868","-1,29874","-0,07089","2593,57645","-117,32809"
"16,939","13,238458","1941,757258",,"11,83377","-1,28667","-0,07219","2515,43999","-116,23803"
"16,94","7,238458","1896,757258",,"11,26924","-1,27512","-0,07347","2427,82566","-115,19447"
"16,941","10,238458","1858,757258",,"10,88181","-1,26405","-0,07474","2362,4963","-114,1939"
"16,942","19,238458","1821,757258",,"10,57187","-1,25332","-0,076","2307,35494","-113,22484"
"16,943","22,238458","1793,757258",,"10,29514","-1,24289","-0,07724","2257,07476","-112,28228"
"16,944","18,238458","1769,757258",,"9,9852","-1,23275","-0,07848","2204,14339","-111,36621"
"16,945","10,238458","1752,757258",,"9,70847","-1,2229","-0,07971","2155,96483","-110,47665"
"16,946","7,238458","1742,757258",,"9,56457","-1,21326","-0,08093","2123,20329","-109,60609"
"16,947","5,238458","1734,757258",,"9,45387","-1,20375","-0,08214","2094,52466","-108,74703"
"16,948","4,238458","1734,757258",,"9,4428","-1,1943","-0,08334","2076,89029","-107,89346"
"16,949","1,238458","1736,757258",,"9,43174","-1,18487","-0,08452","2059,29405","-107,0409"
"16,95","-3,761542","1742,757258",,"9,4428","-1,17543","-0,0857","2044,06755","-106,18834"
"16,951","-5,761542","1753,757258",,"9,54243","-1,16594","-0,08688","2038,05336","-105,33077"
"16,952","-9,761542","1769,757258",,"9,67526","-1,15633","-0,08804","2035,13309","-104,46271"
"16,953","-20,761542","1786,757258",,"9,74168","-1,14662","-0,08919","2024,92594","-103,58565"
"16,954","-20,761542","1804,757258",,"9,94092","-1,13678","-0,09033","2028,00827","-102,69658"
"16,955","-18,761542","1823,757258",,"10,17338","-1,12672","-0,09146","2033,72751","-101,78802"
"16,956","-10,761542","1841,757258",,"10,46118","-1,1164","-0,09258","2044,13137","-100,85596"
"16,957","-3,761542","1856,757258",,"10,7047","-1,10582","-0,09369","2049,08212","-99,8999"
"16,958","0,238458","1871,757258",,"10,91502","-1,09501","-0,09479","2049,85671","-98,92333"
"16,959","5,238458","1881,757258",,"11,08106","-1,08401","-0,09588","2045,52863","-97,92977"
"16,96","5,238458","1885,757258",,"11,12534","-1,07291","-0,09696","2028,86858","-96,92671"
"16,961","10,238458","1892,757258",,"11,25817","-1,06172","-0,09803","2020,44564","-95,91564"
"16,962","8,238458","1897,757258",,"11,29138","-1,05044","-0,09909","2002,14113","-94,89708"
"16,963","4,238458","1899,757258",,"11,26924","-1,03916","-0,10013","1978,56259","-93,87802"
"16,964","5,238458","1898,757258",,"11,26924","-1,02789","-0,10116","1957,10601","-92,85996"
"16,965","1,238458","1897,757258",,"11,21389","-1,01665","-0,10219","1930,61885","-91,84439"
"16,966","-3,761542","1898,757258",,"11,16961","-1,00546","-0,1032","1905,34392","-90,83333"
"16,967","-3,761542","1898,757258",,"11,16961","-0,99429","-0,1042","1884,17755","-89,82427"
"16,968","-4,761542","1898,757258",,"11,15854","-0,98313","-0,10519","1862,03854","-88,8157"
"16,969","1,238458","1901,757258",,"11,25817","-0,97192","-0,10616","1849,55723","-87,80314"
"16,97","7,238458","1898,757258",,"11,29138","-0,96064","-0,10713","1830,98331","-86,78458"
"16,971","14,238458","1897,757258",,"11,35779","-0,94932","-0,10809","1815,09462","-85,76151"
"16,972","5,238458","1898,757258",,"11,26924","-0,93801","-0,10903","1785,95918","-84,73945"
"16,973","-8,761542","1900,757258",,"11,13641","-0,9268","-0,10996","1753,50742","-83,72739"
"16,974","-7,761542","1902,757258",,"11,16961","-0,91565","-0,11088","1735,15292","-82,71983"
"16,975","1,238458","1901,757258",,"11,25817","-0,90444","-0,11179","1721,13814","-81,70676"
"16,976","5,238458","1898,757258",,"11,26924","-0,89317","-0,11269","1700,59653","-80,6892"
"16,977","13,238458","1898,757258",,"11,35779","-0,88186","-0,11358","1686,11052","-79,66714"
"16,978","10,238458","1896,757258",,"11,30245","-0,87053","-0,11445","1660,09473","-78,64357"
"16,979","5,238458","1893,757258",,"11,21389","-0,85927","-0,11532","1631,75129","-77,62651"
"16,98","-4,761542","1889,757258",,"11,05892","-0,84813","-0,11617","1598,72942","-76,62045"
"16,981","-7,761542","1886,757258",,"10,99251","-0,83711","-0,11702","1572,92335","-75,62438"
"16,982","-7,761542","1885,757258",,"10,98144","-0,82612","-0,11785","1551,45275","-74,63182"
"16,983","-7,761542","1883,757258",,"10,9593","-0,81515","-0,11867","1529,22015","-73,64076"
"16,984","-4,761542","1874,757258",,"10,89288","-0,80423","-0,11948","1503,8975","-72,6537"
"16,985","-6,761542","1874,757258",,"10,87074","-0,79334","-0,12028","1481,96187","-71,67063"
"16,986","-5,761542","1871,757258",,"10,8486","-0,78248","-0,12106","1460,11108","-70,68957"
"16,987","-0,761542","1862,757258",,"10,80433","-0,77166","-0,12184","1436,82231","-69,71151"
"16,988","3,238458","1850,757258",,"10,71577","-0,7609","-0,12261","1410,69997","-68,73944"
"16,989","9,238458","1838,757258",,"10,64936","-0,75021","-0,12336","1386,39325","-67,77438"
"16,99","9,238458","1825,757258",,"10,50546","-0,73964","-0,12411","1357,23096","-66,81882"
"16,991","1,238458","1812,757258",,"10,273","-0,72925","-0,12484","1322,85257","-65,88026"
"16,992","-8,761542","1800,757258",,"10,02948","-0,7191","-0,12557","1288,61814","-64,96319"
"16,993","-7,761542","1786,757258",,"9,88558","-0,70914","-0,12628","1261,55548","-64,06363"
"16,994","-0,761542","1773,757258",,"9,81916","-0,69929","-0,12699","1239,83244","-63,17357"
"16,995","6,238458","1759,757258",,"9,74168","-0,68951","-0,12768","1217,66526","-62,29"
"16,996","9,238458","1749,757258",,"9,66419","-0,6798","-0,12836","1195,77129","-61,41344"
"16,997","10,238458","1736,757258",,"9,53136","-0,67021","-0,12904","1170,84638","-60,54638"
"16,998","7,238458","1725,757258",,"9,37639","-0,66075","-0,12971","1145,07998","-59,69231"
"16,999","1,238458","1714,757258",,"9,18821","-0,65147","-0,13036","1117,91881","-58,85375"
17,"-2,761542","1701,757258",,"9,00003","-0,64238","-0,13101","1091,39296","-58,03219"
"17,001","-1,761542","1689,757258",,"8,87827","-0,63344","-0,13165","1069,23758","-57,22463"
"17,002","-1,761542","1680,757258",,"8,77865","-0,62461","-0,13228","1048,71371","-56,42706"
"17,003","-4,761542","1669,757258",,"8,62368","-0,61591","-0,1329","1025,48181","-55,641"
"17,004","-3,761542","1660,757258",,"8,53512","-0,60733","-0,13351","1006,33853","-54,86594"
"17,005","-5,761542","1654,757258",,"8,44657","-0,59884","-0,13411","987,47854","-54,09887"
"17,006","-6,761542","1644,757258",,"8,32481","-0,59045","-0,1347","967,15562","-53,34131"
"17,007","-7,761542","1636,757258",,"8,22518","-0,58218","-0,13529","948,36164","-52,59375"
"17,008","-3,761542","1628,757258",,"8,1809","-0,57397","-0,13587","932,70302","-51,85269"
"17,009","1,238458","1618,757258",,"8,12556","-0,56582","-0,13644","916,62496","-51,11612"
"17,01","-0,761542","1610,757258",,"8,01487","-0,55775","-0,137","897,97376","-50,38706"
"17,011","-4,761542","1604,757258",,"7,90417","-0,54979","-0,13755","879,66107","-49,668"
"17,012","-5,761542","1593,757258",,"7,77134","-0,54195","-0,1381","860,61727","-48,95993"
"17,013","-2,761542","1586,757258",,"7,72706","-0,5342","-0,13864","846,17476","-48,25987"
"17,014","6,238458","1574,757258",,"7,69386","-0,52649","-0,13917","832,38195","-47,56331"
"17,015","11,238458","1566,757258",,"7,66065","-0,51881","-0,13969","818,6878","-46,86974"
"17,016","10,238458","1556,757258",,"7,53889","-0,51122","-0,14021","801,07203","-46,18318"
"17,017","9,238458","1546,757258",,"7,41712","-0,50374","-0,14071","783,81292","-45,50762"
"17,018","3,238458","1534,757258",,"7,21788","-0,49642","-0,14121","763,49137","-44,84656"
"17,019","1,238458","1526,757258",,"7,10718","-0,48926","-0,14171","747,58286","-44,19949"
"17,02","-1,761542","1515,757258",,"6,95221","-0,48223","-0,14219","730,09032","-43,56443"
"17,021","-1,761542","1503,757258",,"6,81938","-0,47534","-0,14267","713,96115","-42,94237"
"17,022","-3,761542","1494,757258",,"6,69762","-0,46858","-0,14314","698,6555","-42,3318"
"17,023","-0,761542","1484,757258",,"6,62013","-0,46192","-0,14361","685,49367","-41,73024"
"17,024","-0,761542","1478,757258",,"6,55372","-0,45534","-0,14407","672,98668","-41,13518"
"17,025","-1,761542","1467,757258",,"6,42089","-0,44885","-0,14452","658,01227","-40,54911"
"17,026","-0,761542","1458,757258",,"6,33233","-0,44247","-0,14496","645,1244","-39,97305"
"17,027","0,238458","1451,757258",,"6,26592","-0,43617","-0,1454","633,32326","-39,40399"
"17,028","3,238458","1442,757258",,"6,1995","-0,42994","-0,14584","621,69374","-38,84093"
"17,029","0,238458","1435,757258",,"6,08881","-0,4238","-0,14626","608,57134","-38,28586"
"17,03","-3,761542","1430,757258",,"5,98918","-0,41776","-0,14668","596,13954","-37,7403"
"17,031","-2,761542","1421,757258",,"5,90063","-0,41181","-0,1471","584,36168","-37,20324"
"17,032","-2,761542","1416,757258",,"5,84528","-0,40594","-0,14751","573,99827","-36,67267"
"17,033","1,238458","1408,757258",,"5,80101","-0,40012","-0,14791","564,1639","-36,14661"
"17,034","3,238458","1403,757258",,"5,7678","-0,39433","-0,14831","554,82492","-35,62405"
"17,035","2,238458","1396,757258",,"5,67924","-0,38861","-0,1487","543,66307","-35,10699"
"17,036","2,238458","1391,757258",,"5,6239","-0,38296","-0,14909","533,84176","-34,59642"
"17,037","0,238458","1388,757258",,"5,56855","-0,37736","-0,14947","524,15384","-34,09086"
"17,038","-3,761542","1383,757258",,"5,46893","-0,37184","-0,14984","513,14174","-33,5923"
"17,039","-1,761542","1381,757258",,"5,46893","-0,36637","-0,15021","505,59465","-33,09823"
"17,04","1,238458","1375,757258",,"5,43572","-0,36092","-0,15057","496,9877","-32,60567"
"17,041","-0,761542","1372,757258",,"5,38037","-0,35551","-0,15093","487,76327","-32,11711"
"17,042","-0,761542","1370,757258",,"5,35824","-0,35014","-0,15128","479,69632","-31,63204"
"17,043","0,238458","1368,757258",,"5,34717","-0,34479","-0,15163","472,01835","-31,14848"
"17,044","0,238458","1365,757258",,"5,31396","-0,33946","-0,15197","463,70245","-30,66692"
"17,045","-0,761542","1361,757258",,"5,25861","-0,33417","-0,15231","454,81054","-30,18936"
"17,046","1,238458","1360,757258",,"5,26968","-0,32891","-0,15264","447,97497","-29,71379"
"17,047","-1,761542","1361,757258",,"5,24754","-0,32365","-0,15297","440,16546","-29,23873"
"17,048","1,238458","1356,757258",,"5,2254","-0,31842","-0,15329","432,40704","-28,76567"
"17,049","2,238458","1356,757258",,"5,23647","-0,31318","-0,15361","425,61664","-28,2931"
"17,05","0,238458","1352,757258",,"5,17006","-0,30798","-0,15392","416,69753","-27,82304"
"17,051","-1,761542","1350,757258",,"5,12578","-0,30283","-0,15422","408,52109","-27,35798"
"17,052","-0,761542","1344,757258",,"5,07043","-0,29774","-0,15452","400,15509","-26,89742"
"17,053","-0,761542","1341,757258",,"5,03723","-0,29268","-0,15482","392,48472","-26,44085"
"17,054","-0,761542","1338,757258",,"5,00402","-0,28766","-0,15511","384,8891","-25,98729"
"17,055","-0,761542","1332,757258",,"4,9376","-0,28269","-0,15539","376,54204","-25,53823"
"17,056","-0,761542","1329,757258",,"4,90439","-0,27777","-0,15567","369,15398","-25,09366"
"17,057","0,238458","1326,757258",,"4,88226","-0,27288","-0,15595","362,10502","-24,6516"
"17,058","-0,761542","1320,757258",,"4,80477","-0,26803","-0,15622","353,80148","-24,21404"
"17,059","-0,761542","1317,757258",,"4,77156","-0,26324","-0,15648","346,69139","-23,78147"
"17,06","0,238458","1312,757258",,"4,72729","-0,25849","-0,15675","339,40244","-23,35241"
"17,061","0,238458","1310,757258",,"4,70515","-0,25378","-0,157","332,70251","-22,92635"
"17,062","-0,761542","1304,757258",,"4,62766","-0,24911","-0,15725","324,84109","-22,50479"
"17,063","-0,761542","1299,757258",,"4,57232","-0,24451","-0,1575","317,62016","-22,08922"
"17,064","-0,761542","1298,757258",,"4,56125","-0,23995","-0,15774","311,44799","-21,67666"
"17,065","1,238458","1293,757258",,"4,52804","-0,2354","-0,15798","304,84286","-21,2661"
"17,066","-0,761542","1291,757258",,"4,48376","-0,23089","-0,15821","298,08416","-20,85903"
"17,067","-0,761542","1288,757258",,"4,45055","-0,22643","-0,15844","291,6378","-20,45547"
"17,068","0,238458","1284,757258",,"4,41735","-0,22199","-0,15867","285,26091","-20,05491"
"17,069","1,238458","1285,757258",,"4,43948","-0,21757","-0,15889","280,00555","-19,65484"
"17,07","0,238458","1284,757258",,"4,41735","-0,21314","-0,1591","273,87992","-19,25478"
"17,071","3,238458","1279,757258",,"4,39521","-0,20873","-0,15931","267,80042","-18,85672"
"17,072","-0,761542","1279,757258",,"4,35093","-0,20436","-0,15952","261,37236","-18,46166"
"17,073","0,238458","1276,757258",,"4,32879","-0,20002","-0,15972","255,42166","-18,06959"
"17,074","0,238458","1276,757258",,"4,32879","-0,19569","-0,15992","249,89381","-17,67853"
"17,075","-0,761542","1271,757258",,"4,26237","-0,19139","-0,16011","243,26001","-17,29047"
"17,076","0,238458","1270,757258",,"4,26237","-0,18713","-0,1603","237,84255","-16,9054"
"17,077","-0,761542","1267,757258",,"4,2181","-0,18289","-0,16049","231,72167","-16,52234"
"17,078","1,238458","1264,757258",,"4,20703","-0,17868","-0,16067","226,20569","-16,14178"
"17,079","0,238458","1261,757258",,"4,16275","-0,17449","-0,16084","220,20966","-15,76372"
"17,08","-0,761542","1258,757258",,"4,11847","-0,17035","-0,16102","214,30282","-15,38965"
"17,081","-1,761542","1256,757258",,"4,08527","-0,16625","-0,16118","208,64393","-15,01909"
"17,082","0,238458","1253,757258",,"4,0742","-0,16217","-0,16135","203,36171","-14,65053"
"17,083","-0,761542","1249,757258",,"4,01885","-0,15812","-0,16151","197,49677","-14,28496"
"17,084","-0,761542","1246,757258",,"3,98564","-0,15412","-0,16166","192,03561","-13,9234"
"17,085","0,238458","1245,757258",,"3,98564","-0,15014","-0,16182","187,06952","-13,56334"
"17,086","0,238458","1243,757258",,"3,9635","-0,14616","-0,16196","181,82489","-13,20427"
"17,087","1,238458","1242,757258",,"3,9635","-0,1422","-0,16211","176,89431","-12,84621"
"17,088","2,238458","1238,757258",,"3,9303","-0,13825","-0,16225","171,56963","-12,48965"
"17,089","1,238458","1232,757258",,"3,85281","-0,13436","-0,16239","165,79971","-12,13809"
"17,09","-0,761542","1229,757258",,"3,79746","-0,13053","-0,16252","160,42683","-11,79252"
"17,091","1,238458","1228,757258",,"3,80853","-0,12673","-0,16265","155,87969","-11,44896"
"17,092","-0,761542","1223,757258",,"3,73105","-0,12296","-0,16277","150,38213","-11,1084"
"17,093","-0,761542","1219,757258",,"3,68677","-0,11925","-0,16289","145,36914","-10,77333"
"17,094","-0,761542","1213,757258",,"3,62036","-0,1156","-0,16301","140,22186","-10,44327"
"17,095","-0,761542","1210,757258",,"3,58715","-0,112","-0,16312","135,51454","-10,11771"
"17,096","-0,761542","1204,757258",,"3,52073","-0,10844","-0,16323","130,56363","-9,79665"
"17,097","-0,761542","1202,757258",,"3,49859","-0,10493","-0,16334","126,12815","-9,47958"
"17,098","0,238458","1195,757258",,"3,43218","-0,10147","-0,16344","121,35397","-9,16652"
"17,099","-0,761542","1186,757258",,"3,32149","-0,09809","-0,16354","116,33439","-8,86146"
"17,1","2,238458","1183,757258",,"3,32149","-0,09477","-0,16364","112,39513","-8,56139"
"17,101","-0,761542","1176,757258",,"3,21079","-0,0915","-0,16373","107,60647","-8,26633"
"17,102","-0,761542","1174,757258",,"3,18865","-0,0883","-0,16382","103,66701","-7,97727"
"17,103","-1,761542","1167,757258",,"3,1001","-0,08516","-0,16391","99,29426","-7,6932"
"17,104","-0,761542","1162,757258",,"3,05582","-0,08208","-0,16399","95,37705","-7,41514"
"17,105","0,238458","1158,757258",,"3,02261","-0,07904","-0,16407","91,60837","-7,14058"
"17,106","1,238458","1150,757258",,"2,94513","-0,07606","-0,16415","87,61767","-6,87102"
"17,107","0,238458","1147,757258",,"2,90085","-0,07313","-0,16423","83,95786","-6,60695"
"17,108","0,238458","1144,757258",,"2,86764","-0,07025","-0,1643","80,43601","-6,34639"
"17,109","-1,761542","1141,757258",,"2,8123","-0,06741","-0,16437","76,8472","-6,08983"
"17,11","-0,761542","1140,757258",,"2,8123","-0,0646","-0,16443","73,64119","-5,83576"
"17,111","-0,761542","1134,757258",,"2,74588","-0,06182","-0,1645","70,10213","-5,5847"
"17,112","1,238458","1133,757258",,"2,75695","-0,05907","-0,16456","67,04111","-5,33614"
"17,113","0,238458","1133,757258",,"2,74588","-0,05632","-0,16461","63,86194","-5,08757"
"17,114","0,238458","1133,757258",,"2,74588","-0,05357","-0,16467","60,74813","-4,83951"
"17,115","1,238458","1133,757258",,"2,75695","-0,05082","-0,16472","57,67885","-4,59095"
"17,116","-0,761542","1131,757258",,"2,71267","-0,04808","-0,16477","54,38251","-4,34389"
"17,117","1,238458","1134,757258",,"2,76802","-0,04534","-0,16482","51,50991","-4,09632"
"17,118","0,238458","1133,757258",,"2,74588","-0,04259","-0,16486","48,29285","-3,84726"
"17,119","-0,761542","1138,757258",,"2,79016","-0,03982","-0,1649","45,3132","-3,5972"
"17,12","0,238458","1137,757258",,"2,79016","-0,03703","-0,16494","42,13801","-3,34513"
"17,121","-0,761542","1138,757258",,"2,79016","-0,03424","-0,16498","38,96283","-3,09307"
"17,122","-0,761542","1139,757258",,"2,80123","-0,03144","-0,16501","35,81278","-2,84051"
"17,123","1,238458","1144,757258",,"2,87871","-0,0286","-0,16504","32,77828","-2,58395"
"17,124","-0,761542","1143,757258",,"2,84551","-0,02574","-0,16507","29,4211","-2,32538"
"17,125","-2,761542","1147,757258",,"2,86764","-0,02288","-0,16509","26,20181","-2,06732"
"17,126","-0,761542","1147,757258",,"2,88978","-0,02001","-0,16511","22,94571","-1,80726"
"17,127","1,238458","1151,757258",,"2,9562","-0,01708","-0,16513","19,69554","-1,54319"
"17,128","-0,761542","1154,757258",,"2,96727","-0,01412","-0,16515","16,2948","-1,27563"
"17,129","-0,761542","1155,757258",,"2,97834","-0,01115","-0,16516","12,87534","-1,00707"
"17,13","-0,761542","1156,757258",,"2,98941","-0,00816","-0,16517","9,43715","-0,7375"
"17,131","1,238458","1160,757258",,"3,05582","-0,00514","-0,16518","5,97387","-0,46444"
"17,132","-0,761542","1160,757258",,"3,03368","-0,0021","-0,16518","2,43168","-0,18938"
"17,133","0,238458","1163,757258",,"3,07796","0,00096","-0,16518","1,11689","0,08668"
"17,134","1,238458","1163,757258",,"3,08903","0,00404","-0,16518","4,71011","0,36525"
"17,135","1,238458","1165,757258",,"3,11117","0,00714","-0,16517","8,336","0,64531"
"17,136","0,238458","1165,757258",,"3,1001","0,01025","-0,16516","11,95001","0,92587"
"17,137","0,238458","1168,757258",,"3,13331","0,01337","-0,16515","15,62417","1,20744"
"17,138","0,238458","1169,757258",,"3,14438","0,0165","-0,16514","19,30997","1,491"
"17,139","3,238458","1170,757258",,"3,18865","0,01967","-0,16512","23,09346","1,77706"
"17,14","-0,761542","1170,757258",,"3,14438","0,02284","-0,1651","26,71959","2,06313"
"17,141","1,238458","1171,757258",,"3,17758","0,026","-0,16507","30,49591","2,34869"
"17,142","0,238458","1171,757258",,"3,16651","0,02917","-0,16504","34,18754","2,63525"
"17,143","1,238458","1172,757258",,"3,18865","0,03235","-0,16501","37,97636","2,92231"
"17,144","0,238458","1171,757258",,"3,16651","0,03553","-0,16498","41,63577","3,20938"
"17,145","-2,761542","1171,757258",,"3,13331","0,03868","-0,16494","45,21143","3,49394"
"17,146","-1,761542","1173,757258",,"3,16651","0,04183","-0,1649","49,01914","3,7785"
"17,147","-1,761542","1173,757258",,"3,16651","0,04499","-0,16486","52,73028","4,06457"
"17,148","-0,761542","1173,757258",,"3,17758","0,04816","-0,16481","56,49607","4,35113"
"17,149","-0,761542","1173,757258",,"3,17758","0,05134","-0,16476","60,22337","4,63819"
"17,15","-3,761542","1171,757258",,"3,12224","0,05449","-0,16471","63,64574","4,92275"
"17,151","1,238458","1174,757258",,"3,21079","0,05766","-0,16465","67,80548","5,20882"
"17,152","-0,761542","1174,757258",,"3,18865","0,06086","-0,16459","71,44663","5,49788"
"17,153","0,238458","1172,757258",,"3,17758","0,06404","-0,16453","75,11955","5,78544"
"17,154","0,238458","1172,757258",,"3,17758","0,06722","-0,16447","78,84684","6,07251"
"17,155","-0,761542","1173,757258",,"3,17758","0,0704","-0,1644","82,57414","6,35957"
"17,156","0,238458","1172,757258",,"3,17758","0,07357","-0,16433","86,30143","6,64663"
"17,157","-0,761542","1174,757258",,"3,18865","0,07676","-0,16425","90,11197","6,9342"
"17,158","0,238458","1174,757258",,"3,19972","0,07995","-0,16417","93,94189","7,22276"
"17,159","2,238458","1174,757258",,"3,22186","0,08316","-0,16409","97,88088","7,51282"
"17,16","-0,761542","1173,757258",,"3,17758","0,08636","-0,16401","101,30149","7,80188"
"17,161","-0,761542","1173,757258",,"3,17758","0,08954","-0,16392","105,02878","8,08895"
"17,162","-0,761542","1172,757258",,"3,16651","0,09271","-0,16383","108,65687","8,37551"
"17,163","-0,761542","1172,757258",,"3,16651","0,09588","-0,16373","112,36801","8,66157"
"17,164","0,238458","1172,757258",,"3,17758","0,09905","-0,16364","116,18469","8,94814"
"17,165","0,238458","1173,757258",,"3,18865","0,10223","-0,16353","120,02071","9,2357"
"17,166","0,238458","1173,757258",,"3,18865","0,10542","-0,16343","123,76418","9,52376"
"17,167","0,238458","1173,757258",,"3,18865","0,10861","-0,16332","127,50764","9,81182"
"17,168","-0,761542","1173,757258",,"3,17758","0,11179","-0,16321","131,13282","10,09939"
"17,169","2,238458","1175,757258",,"3,23293","0,115","-0,1631","135,46756","10,38895"
"17,17","-0,761542","1170,757258",,"3,14438","0,11819","-0,16298","138,27828","10,67701"
"17,171","0,238458","1172,757258",,"3,17758","0,12135","-0,16286","142,34066","10,96258"
"17,172","-0,761542","1171,757258",,"3,15545","0,12451","-0,16274","145,80594","11,24864"
"17,173","1,238458","1171,757258",,"3,17758","0,12768","-0,16261","149,76928","11,5347"
"17,174","-0,761542","1169,757258",,"3,13331","0,13084","-0,16249","152,94726","11,81977"
"17,175","2,238458","1170,757258",,"3,17758","0,13399","-0,16235","157,17193","12,10483"
"17,176","0,238458","1171,757258",,"3,16651","0,13716","-0,16222","160,75556","12,39139"
"17,177","0,238458","1166,757258",,"3,11117","0,1403","-0,16208","163,73276","12,67495"
"17,178","0,238458","1166,757258",,"3,11117","0,14341","-0,16194","167,36348","12,95602"
"17,179","1,238458","1166,757258",,"3,12224","0,14653","-0,16179","171,14719","13,23758"
"17,18","1,238458","1166,757258",,"3,12224","0,14965","-0,16164","174,79395","13,51964"
"17,181","1,238458","1162,757258",,"3,07796","0,15275","-0,16149","177,80384","13,79971"
"17,182","0,238458","1163,757258",,"3,07796","0,15583","-0,16134","181,38657","14,07777"
"17,183","0,238458","1162,757258",,"3,06689","0,1589","-0,16118","184,80396","14,35533"
"17,184","0,238458","1160,757258",,"3,04475","0,16196","-0,16102","188,03395","14,6314"
"17,185","0,238458","1158,757258",,"3,02261","0,16499","-0,16086","191,22606","14,90546"
"17,186","-0,761542","1158,757258",,"3,01154","0,16801","-0,16069","194,55483","15,17802"
"17,187","0,238458","1156,757258",,"3,00048","0,17102","-0,16052","197,86476","15,44958"
"17,188","-0,761542","1155,757258",,"2,97834","0,17401","-0,16035","200,97548","15,71965"
"17,189","-0,761542","1154,757258",,"2,96727","0,17698","-0,16017","204,23207","15,98821"
"17,19","0,238458","1152,757258",,"2,9562","0,17994","-0,15999","207,46996","16,25577"
"17,191","-0,761542","1150,757258",,"2,92299","0,18288","-0,15981","210,31066","16,52134"
"17,192","-0,761542","1150,757258",,"2,92299","0,1858","-0,15963","213,67209","16,7854"
"17,193","-0,761542","1148,757258",,"2,90085","0,18871","-0,15944","216,64336","17,04846"
"17,194","0,238458","1145,757258",,"2,87871","0,1916","-0,15925","219,57761","17,30952"
"17,195","-0,761542","1143,757258",,"2,84551","0,19447","-0,15906","222,27417","17,56809"
"17,196","0,238458","1142,757258",,"2,84551","0,19731","-0,15886","225,52657","17,82515"
"17,197","0,238458","1143,757258",,"2,85657","0,20016","-0,15866","228,98546","18,08271"
"17,198","-0,761542","1139,757258",,"2,80123","0,20299","-0,15846","231,20676","18,33828"
"17,199","-0,761542","1140,757258",,"2,8123","0,2058","-0,15826","234,60944","18,59184"
"17,2","-0,761542","1136,757258",,"2,76802","0,20859","-0,15805","236,95586","18,8439"
"17,201","0,238458","1134,757258",,"2,75695","0,21135","-0,15784","239,88268","19,09347"
"17,202","0,238458","1132,757258",,"2,73481","0,2141","-0,15763","242,57105","19,34153"
"17,203","-0,761542","1132,757258",,"2,72374","0,21683","-0,15741","245,44648","19,58809"
"17,204","-0,761542","1129,757258",,"2,69054","0,21953","-0,15719","247,85235","19,83265"
"17,205","-0,761542","1126,757258",,"2,65733","0,22221","-0,15697","250,20459","20,07422"
"17,206","0,238458","1126,757258",,"2,6684","0,22487","-0,15675","253,42783","20,31478"
"17,207","2,238458","1121,757258",,"2,63519","0,22752","-0,15652","255,73382","20,55434"
"17,208","0,238458","1119,757258",,"2,59091","0,23014","-0,15629","257,75034","20,79041"
"17,209","1,238458","1117,757258",,"2,57984","0,23272","-0,15606","260,41323","21,02397"
"17,21","1,238458","1114,757258",,"2,54663","0,23528","-0,15583","262,57563","21,25553"
"17,211","-1,761542","1111,757258",,"2,48022","0,2378","-0,15559","263,95382","21,48259"
"17,212","1,238458","1107,757258",,"2,46915","0,24027","-0,15535","266,46044","21,70616"
"17,213","0,238458","1104,757258",,"2,42487","0,24272","-0,15511","268,20329","21,92722"
"17,214","-0,761542","1100,757258",,"2,36953","0,24512","-0,15487","269,6266","22,14378"
"17,215","2,238458","1096,757258",,"2,35846","0,24748","-0,15462","271,9795","22,35735"
"17,216","0,238458","1092,757258",,"2,29204","0,24981","-0,15437","273,03611","22,56741"
"17,217","0,238458","1087,757258",,"2,23669","0,25207","-0,15412","274,2507","22,77197"
"17,218","-0,761542","1085,757258",,"2,20349","0,25429","-0,15387","275,90328","22,97254"
"17,219","0,238458","1080,757258",,"2,15921","0,25647","-0,15361","277,24415","23,1696"
"17,22","0,238458","1076,757258",,"2,11493","0,25861","-0,15336","278,51988","23,36266"
"17,221","-0,761542","1071,757258",,"2,04852","0,26069","-0,1531","279,19775","23,55072"
"17,222","0,238458","1066,757258",,"2,00424","0,26272","-0,15284","280,31713","23,73379"
"17,223","0,238458","1061,757258",,"1,94889","0,26469","-0,15257","281,10265","23,91235"
"17,224","0,238458","1058,757258",,"1,91568","0,26663","-0,15231","282,35486","24,08691"
"17,225","1,238458","1054,757258",,"1,88248","0,26852","-0,15204","283,5604","24,25848"
"17,226","1,238458","1048,757258",,"1,81606","0,27037","-0,15177","283,89098","24,42554"
"17,227","0,238458","1044,757258",,"1,76071","0,27216","-0,1515","284,40797","24,5871"
"17,228","-0,761542","1038,757258",,"1,68323","0,27388","-0,15122","284,29024","24,74267"
"17,229","-0,761542","1034,757258",,"1,63895","0,27554","-0,15095","284,91227","24,89273"
"17,23","0,238458","1027,757258",,"1,57254","0,27715","-0,15067","284,90969","25,03779"
"17,231","-0,761542","1022,757258",,"1,50612","0,27869","-0,1504","284,81998","25,17685"
"17,232","0,238458","1020,757258",,"1,49505","0,28019","-0,15012","286,07338","25,31242"
"17,233","-1,761542","1010,757258",,"1,36222","0,28162","-0,14984","284,15258","25,44148"
"17,234","0,238458","1006,757258",,"1,34008","0,28297","-0,14955","284,94995","25,56354"
"17,235","0,238458","1001,757258",,"1,28473","0,28428","-0,14927","284,85012","25,68211"
"17,236","-0,761542","994,757258",,"1,19618","0,28552","-0,14898","283,80887","25,79417"
"17,237","-0,761542","988,757258",,"1,12976","0,28669","-0,1487","283,24474","25,89923"
"17,238","-0,761542","983,757258",,"1,07442","0,28779","-0,14841","282,89466","25,99879"
"17,239","-0,761542","977,757258",,"1,008","0,28883","-0,14812","282,18519","26,09286"
"17,24","0,238458","976,757258",,"1,008","0,28984","-0,14783","283,17","26,18392"
"17,241","-0,761542","968,757258",,"0,90838","0,2908","-0,14754","281,48899","26,27048"
"17,242","0,238458","964,757258",,"0,87517","0,29169","-0,14725","281,47716","26,35105"
"17,243","0,238458","959,757258",,"0,81982","0,29253","-0,14696","280,83232","26,42761"
"17,244","-0,761542","953,757258",,"0,74234","0,29332","-0,14667","279,52894","26,49817"
"17,245","-0,761542","945,757258",,"0,65379","0,29401","-0,14637","277,84208","26,56124"
"17,246","-0,761542","939,757258",,"0,58737","0,29463","-0,14608","276,66072","26,6173"
"17,247","-0,761542","937,757258",,"0,56523","0,29521","-0,14578","276,61144","26,66936"
"17,248","-0,761542","931,757258",,"0,49882","0,29574","-0,14549","275,33548","26,71742"
"17,249","0,238458","927,757258",,"0,46561","0,29623","-0,14519","274,89574","26,76099"
"17,25","1,238458","920,757258",,"0,39919","0,29666","-0,1449","273,51706","26,80005"
"17,251","0,238458","914,757258",,"0,32171","0,29702","-0,1446","271,77027","26,83261"
"17,252","0,238458","908,757258",,"0,25529","0,29731","-0,1443","270,2504","26,85868"
"17,253","2,238458","904,757258",,"0,23315","0,29755","-0,144","269,8773","26,88074"
"17,254","1,238458","898,757258",,"0,15567","0,29775","-0,14371","267,96941","26,8983"
"17,255","0,238458","894,757258",,"0,10032","0,29787","-0,14341","266,59524","26,90986"
"17,256","1,238458","887,757258",,"0,0339","0,29794","-0,14311","264,86766","26,91593"
"17,257","0,238458","881,757258",,"-0,04358","0,29794","-0,14281","262,77781","26,91549"
"17,258","-0,761542","878,757258",,"-0,08786","0,29787","-0,14252","261,52837","26,90955"
"17,259","-0,761542","873,757258",,"-0,1432","0,29775","-0,14222","259,93816","26,89912"
"17,26","-0,761542","866,757258",,"-0,22069","0,29757","-0,14192","257,69632","26,88268"
"17,261","0,238458","862,757258",,"-0,2539","0,29733","-0,14162","256,59882","26,86124"
"17,262","1,238458","856,757258",,"-0,30924","0,29705","-0,14133","254,87056","26,83581"
"17,263","-0,761542","849,757258",,"-0,40887","0,29669","-0,14103","251,89224","26,80337"
"17,264","-0,761542","844,757258",,"-0,46421","0,29626","-0,14073","250,04033","26,76393"
"17,265","-0,761542","840,757258",,"-0,50849","0,29577","-0,14044","248,44677","26,71999"
"17,266","-1,761542","835,757258",,"-0,57491","0,29523","-0,14014","246,22036","26,67106"
"17,267","-0,761542","829,757258",,"-0,63025","0,29463","-0,13985","244,24468","26,61662"
"17,268","-0,761542","824,757258",,"-0,6856","0,29397","-0,13955","242,22941","26,55718"
"17,269","0,238458","818,757258",,"-0,74095","0,29326","-0,13926","240,1754","26,49275"
"17,27","0,238458","815,757258",,"-0,77415","0,2925","-0,13896","238,67747","26,42431"
"17,271","-0,761542","808,757258",,"-0,86271","0,29168","-0,13867","235,6762","26,35037"
"17,272","-0,761542","804,757258",,"-0,90699","0,2908","-0,13838","233,79807","26,27044"
"17,273","-0,761542","798,757258",,"-0,9734","0,28985","-0,13809","231,30302","26,1855"
"17,274","1,238458","794,757258",,"-0,99554","0,28887","-0,1378","229,93968","26,09656"
"17,275","-0,761542","791,757258",,"-1,05089","0,28785","-0,13751","227,68597","26,00412"
"17,276","-0,761542","784,757258",,"-1,12837","0,28676","-0,13723","224,81678","25,90569"
"17,277","-0,761542","776,757258",,"-1,21693","0,28559","-0,13694","221,61274","25,79975"
"17,278","0,238458","772,757258",,"-1,25013","0,28435","-0,13665","219,80248","25,68831"
"17,279","-0,761542","772,757258",,"-1,2612","0,2831","-0,13637","218,54875","25,57488"
"17,28","-0,761542","763,757258",,"-1,36083","0,28178","-0,13609","215,00059","25,45644"
"17,281","-0,761542","759,757258",,"-1,4051","0,2804","-0,13581","212,82379","25,3315"
"17,282","0,238458","755,757258",,"-1,43831","0,27898","-0,13553","210,90778","25,20306"
"17,283","1,238458","751,757258",,"-1,47152","0,27753","-0,13525","208,9753","25,07163"
"17,284","-0,761542","746,757258",,"-1,549","0,27601","-0,13497","205,90597","24,93519"
"17,285","0,238458","740,757258",,"-1,60435","0,27444","-0,1347","203,35758","24,79275"
"17,286","-0,761542","735,757258",,"-1,67077","0,2728","-0,13442","200,50736","24,64482"
"17,287","0,238458","731,757258",,"-1,70397","0,27111","-0,13415","198,45381","24,49238"
"17,288","0,238458","724,757258",,"-1,78146","0,26937","-0,13388","195,29255","24,33494"
"17,289","0,238458","719,757258",,"-1,83681","0,26756","-0,13361","192,64313","24,17151"
"17,29","1,238458","717,757258",,"-1,84788","0,26572","-0,13335","191,05093","24,00507"
"17,291","-0,761542","710,757258",,"-1,9475","0,26382","-0,13308","187,31211","23,83363"
"17,292","-0,761542","705,757258",,"-2,00285","0,26185","-0,13282","184,60052","23,65519"
"17,293","-1,761542","703,757258",,"-2,03605","0,25983","-0,13256","182,39733","23,47276"
"17,294","0,238458","695,757258",,"-2,10247","0,25776","-0,1323","179,39817","23,28582"
"17,295","2,238458","693,757258",,"-2,10247","0,25566","-0,13204","177,93486","23,09588"
"17,296","-0,761542","688,757258",,"-2,19102","0,25351","-0,13179","174,41267","22,90195"
"17,297","-0,761542","681,757258",,"-2,26851","0,25128","-0,13154","171,11965","22,70051"
"17,298","0,238458","678,757258",,"-2,29065","0,249","-0,13129","169,06927","22,49457"
"17,299","-0,761542","672,757258",,"-2,36813","0,24667","-0,13104","165,76094","22,28413"
"17,3","0,238458","669,757258",,"-2,39027","0,24429","-0,13079","163,67354","22,0692"
"17,301","-0,761542","663,757258",,"-2,46776","0,24186","-0,13055","160,35309","21,84976"
"17,302","-0,761542","656,757258",,"-2,54524","0,23935","-0,13031","157,0158","21,62332"
"17,303","-0,761542","653,757258",,"-2,57845","0,23679","-0,13007","154,62487","21,39189"
"17,304","0,238458","648,757258",,"-2,62273","0,23419","-0,12983","151,98992","21,15695"
"17,305","-0,761542","645,757258",,"-2,667","0,23155","-0,1296","149,34723","20,91801"
"17,306","1,238458","639,757258",,"-2,71128","0,22886","-0,12937","146,69731","20,67508"
"17,307","0,238458","636,757258",,"-2,75556","0,22613","-0,12914","144,0407","20,42814"
"17,308","-0,761542","629,757258",,"-2,84411","0,22333","-0,12892","140,47061","20,1752"
"17,309","-0,761542","626,757258",,"-2,87732","0,22046","-0,1287","138,00984","19,91676"
"17,31","-0,761542","622,757258",,"-2,9216","0,21757","-0,12848","135,32453","19,65483"
"17,311","-1,761542","618,757258",,"-2,97694","0,21462","-0,12826","132,41702","19,38839"
"17,312","1,238458","612,757258",,"-3,01015","0,21162","-0,12805","129,93515","19,11795"
"17,313","1,238458","606,757258",,"-3,07657","0,20858","-0,12784","126,81507","18,84302"
"17,314","0,238458","602,757258",,"-3,13191","0,20547","-0,12763","123,90033","18,56258"
"17,315","-0,761542","596,757258",,"-3,2094","0,2023","-0,12743","120,57231","18,27614"
"17,316","1,238458","593,757258",,"-3,22047","0,19909","-0,12723","118,45713","17,98571"
"17,317","-0,761542","587,757258",,"-3,30902","0,19582","-0,12703","114,94803","17,69077"
"17,318","0,238458","585,757258",,"-3,32009","0,19251","-0,12684","112,80989","17,39133"
"17,319","0,238458","579,757258",,"-3,38651","0,18916","-0,12665","109,70993","17,08839"
"17,32","0,238458","575,757258",,"-3,43078","0,18575","-0,12646","106,98994","16,78046"
"17,321","-0,761542","571,757258",,"-3,48613","0,18229","-0,12627","104,08644","16,46802"
"17,322","-0,761542","567,757258",,"-3,53041","0,17878","-0,12609","101,36811","16,15108"
"17,323","0,238458","560,757258",,"-3,59682","0,17522","-0,12592","98,29625","15,82915"
"17,324","0,238458","556,757258",,"-3,6411","0,1716","-0,12574","95,57963","15,50221"
"17,325","-1,761542","551,757258",,"-3,71859","0,16792","-0,12557","92,35454","15,16977"
"17,326","2,238458","546,757258",,"-3,72966","0,16419","-0,12541","90,1421","14,83333"
"17,327","-0,761542","542,757258",,"-3,80714","0,16043","-0,12524","86,95028","14,4929"
"17,328","-1,761542","535,757258",,"-3,89569","0,15657","-0,12509","83,61023","14,14496"
"17,329","-0,761542","531,757258",,"-3,9289","0,15266","-0,12493","81,06309","13,79152"
"17,33","2,238458","526,757258",,"-3,95104","0,14872","-0,12478","78,67354","13,43559"
"17,331","-1,761542","522,757258",,"-4,0396","0,14473","-0,12463","75,40222","13,07465"
"17,332","0,238458","516,757258",,"-4,08387","0,14067","-0,12449","72,72341","12,70771"
"17,333","-0,761542","511,757258",,"-4,15029","0,13655","-0,12435","69,77561","12,33578"
"17,334","0,238458","504,757258",,"-4,2167","0,13236","-0,12422","66,84367","11,95784"
"17,335","2,238458","499,757258",,"-4,24991","0,12813","-0,12409","64,32147","11,5754"
"17,336","1,238458","495,757258",,"-4,30526","0,12385","-0,12396","61,55487","11,18896"
"17,337","-0,761542","491,757258",,"-4,37167","0,11952","-0,12384","58,68158","10,79703"
"17,338","1,238458","484,757258",,"-4,42702","0,11512","-0,12372","55,94594","10,39959"
"17,339","-1,761542","479,757258",,"-4,51557","0,11064","-0,12361","52,88775","9,99565"
"17,34","0,238458","475,757258",,"-4,53771","0,10612","-0,1235","50,5118","9,58672"
"17,341","0,238458","467,757258",,"-4,62627","0,10154","-0,1234","47,5185","9,17278"
"17,342","-0,761542","461,757258",,"-4,70375","0,09687","-0,1233","44,6572","8,75134"
"17,343","-0,761542","456,757258",,"-4,7591","0,09214","-0,1232","42,01533","8,3239"
"17,344","0,238458","449,757258",,"-4,82552","0,08735","-0,12311","39,30597","7,89097"
"17,345","1,238458","442,757258",,"-4,89193","0,08249","-0,12303","36,62464","7,45203"
"17,346","-0,761542","437,757258",,"-4,96942","0,07756","-0,12295","33,89253","7,00659"
"17,347","0,238458","431,757258",,"-5,02476","0,07256","-0,12287","31,34602","6,55516"
"17,348","0,238458","424,757258",,"-5,10225","0,0675","-0,1228","28,68613","6,09772"
"17,349","1,238458","417,757258",,"-5,16866","0,06236","-0,12274","26,12941","5,63378"
"17,35","0,238458","412,757258",,"-5,23508","0,05716","-0,12268","23,60689","5,16385"
"17,351","0,238458","405,757258",,"-5,31256","0,05189","-0,12263","21,06562","4,68741"
"17,352","-1,761542","399,757258",,"-5,40112","0,04653","-0,12258","18,51853","4,20347"
"17,353","0,238458","393,757258",,"-5,4454","0,04111","-0,12253","16,19567","3,71353"
"17,354","-1,761542","387,757258",,"-5,53395","0,03562","-0,12249","13,74783","3,2176"
"17,355","-0,761542","378,757258",,"-5,6225","0,03004","-0,12246","11,35435","2,71366"
"17,356","-0,761542","373,757258",,"-5,67785","0,02439","-0,12243","9,09667","2,20322"
"17,357","0,238458","366,757258",,"-5,74427","0,01868","-0,12241","6,8544","1,68729"
"17,358","0,238458","358,757258",,"-5,83282","0,01289","-0,1224","4,62692","1,16435"
"17,359","1,238458","352,757258",,"-5,88817","0,00703","-0,12239","2,48789","0,63491"
"17,36","-0,761542","347,757258",,"-5,96565","0,0011","-0,12238","0,38208","0,09948"
"17,361","-0,761542","339,757258",,"-6,05421","-0,00491","-0,12238","1,66407","-0,44346"
"17,362","1,238458","332,757258",,"-6,10955","-0,01099","-0,12239","3,67084","-0,9929"
"17,363","-0,761542","327,757258",,"-6,18704","-0,01714","-0,12241","5,60438","-1,54834"
"17,364","1,238458","321,757258",,"-6,23132","-0,02335","-0,12243","7,54136","-2,10927"
"17,365","2,238458","315,757258",,"-6,28666","-0,02961","-0,12245","9,41495","-2,67471"
"17,366","-0,761542","307,757258",,"-6,40842","-0,03595","-0,12249","11,03794","-3,24815"
"17,367","-0,761542","301,757258",,"-6,47484","-0,0424","-0,12253","12,76111","-3,83008"
"17,368","1,238458","292,757258",,"-6,55233","-0,04891","-0,12257","14,3793","-4,41852"
"17,369","0,238458","289,757258",,"-6,5966","-0,05548","-0,12262","16,09023","-5,01246"
"17,37","-0,761542","280,757258",,"-6,7073","-0,06214","-0,12268","17,3979","-5,6134"
"17,371","-0,761542","275,757258",,"-6,76264","-0,06887","-0,12275","18,93931","-6,22183"
"17,372","0,238458","266,757258",,"-6,8512","-0,07568","-0,12282","20,20576","-6,83677"
"17,373","-0,761542","262,757258",,"-6,90654","-0,08256","-0,1229","21,6296","-7,45821"
"17,374","-0,761542","258,757258",,"-6,95082","-0,08949","-0,12298","23,08694","-8,08414"
"17,375","-0,761542","250,757258",,"-7,03937","-0,09648","-0,12308","24,1198","-8,71608"
"17,376","-0,761542","243,757258",,"-7,11686","-0,10356","-0,12318","25,16439","-9,35552"
"17,377","-0,761542","238,757258",,"-7,17221","-0,1107","-0,12328","26,34696","-10,00095"
"17,378","-0,761542","234,757258",,"-7,21648","-0,1179","-0,1234","27,58759","-10,65089"
"17,379","-0,761542","229,757258",,"-7,27183","-0,12514","-0,12352","28,65698","-11,30533"
"17,38","-0,761542","224,757258",,"-7,32718","-0,13244","-0,12365","29,66633","-11,96477"
"17,381","-1,761542","219,757258",,"-7,39359","-0,1398","-0,12379","30,47621","-12,6297"
"17,382","0,238458","216,757258",,"-7,40466","-0,1472","-0,12393","31,94199","-13,29814"
"17,383","0,238458","210,757258",,"-7,47108","-0,15464","-0,12408","32,62814","-13,97008"
"17,384","0,238458","209,757258",,"-7,48215","-0,16212","-0,12424","34,04356","-14,64551"
"17,385","-0,761542","203,757258",,"-7,55963","-0,16964","-0,1244","34,43546","-15,32495"
"17,386","2,238458","198,757258",,"-7,58177","-0,17721","-0,12458","35,61786","-16,00889"
"17,387","-0,761542","194,757258",,"-7,65925","-0,18483","-0,12476","35,85576","-16,69733"
"17,388","-0,761542","188,757258",,"-7,72567","-0,19252","-0,12495","36,19295","-17,39226"
"17,389","1,238458","185,757258",,"-7,73674","-0,20025","-0,12514","37,44613","-18,0907"
"17,39","-0,761542","184,757258",,"-7,76995","-0,208","-0,12535","38,27196","-18,79114"
"17,391","0,238458","176,757258",,"-7,84743","-0,21581","-0,12556","38,19803","-19,49657"
"17,392","-0,761542","174,757258",,"-7,88064","-0,22368","-0,12578","38,9189","-20,20701"
"17,393","-0,761542","172,757258",,"-7,90278","-0,23157","-0,12601","39,82888","-20,91995"
"17,394","0,238458","166,757258",,"-7,95813","-0,2395","-0,12624","39,99539","-21,63638"
"17,395","-0,761542","163,757258",,"-8,0024","-0,24748","-0,12649","40,33814","-22,35732"
"17,396","0,238458","160,757258",,"-8,02454","-0,25549","-0,12674","41,13332","-23,08126"
"17,397","-0,761542","157,757258",,"-8,06882","-0,26354","-0,127","41,37464","-23,8082"
"17,398","0,238458","154,757258",,"-8,09096","-0,27162","-0,12726","42,09991","-24,53813"
"17,399","-0,761542","152,757258",,"-8,12416","-0,27973","-0,12754","42,51736","-25,27057"
"17,4","0,238458","146,757258",,"-8,17951","-0,28788","-0,12782","42,31701","-26,00701"
"17,401","-0,761542","143,757258",,"-8,22379","-0,29608","-0,12812","42,33829","-26,74794"
"17,402","1,238458","142,757258",,"-8,21272","-0,3043","-0,12842","43,81777","-27,49038"
"17,403","-0,761542","140,757258",,"-8,257","-0,31253","-0,12872","43,75342","-28,23432"
"17,404","-0,761542","134,757258",,"-8,32341","-0,32082","-0,12904","42,98906","-28,98325"
"17,405","-4,761542","130,757258",,"-8,41197","-0,32919","-0,12937","41,47676","-29,73919"
"17,406","-1,761542","128,757258",,"-8,4009","-0,3376","-0,1297","42,87354","-30,49863"
"17,407","-0,761542","125,757258",,"-8,42304","-0,34601","-0,13004","43,2498","-31,25857"
"17,408","0,238458","124,757258",,"-8,42304","-0,35443","-0,13039","44,30264","-32,0195"
"17,409","-0,761542","122,757258",,"-8,45624","-0,36287","-0,13075","44,26894","-32,78194"
"17,41","0,238458","118,757258",,"-8,48945","-0,37135","-0,13112","44,18856","-33,54738"
"17,411","-3,761542","117,757258",,"-8,5448","-0,37986","-0,13149","43,30274","-34,31681"
"17,412","-3,761542","116,757258",,"-8,55587","-0,38841","-0,13188","43,88903","-35,08925"
"17,413","0,238458","110,757258",,"-8,57801","-0,39698","-0,13227","44,0631","-35,86319"
"17,414","3,238458","109,757258",,"-8,55587","-0,40555","-0,13267","45,82509","-36,63713"
"17,415","2,238458","108,757258",,"-8,57801","-0,41411","-0,13308","45,96488","-37,41106"
"17,416","-1,761542","108,757258",,"-8,62228","-0,42271","-0,1335","45,22861","-38,188"
"17,417","0,238458","103,757258",,"-8,65549","-0,43135","-0,13393","44,85887","-38,96844"
"17,418","0,238458","102,757258",,"-8,66656","-0,44001","-0,13436","45,31957","-39,75087"
"17,419","3,238458","100,757258",,"-8,65549","-0,44868","-0,13481","46,66029","-40,53331"
"17,42","-0,761542","97,757258",,"-8,73298","-0,45737","-0,13526","44,36287","-41,31875"
"17,421","1,238458","97,757258",,"-8,71084","-0,46609","-0,13572","46,14104","-42,10668"
"17,422","-0,761542","95,757258",,"-8,75511","-0,47482","-0,13619","45,10627","-42,89562"
"17,423","-0,761542","94,757258",,"-8,76618","-0,48358","-0,13667","45,45491","-43,68706"
"17,424","-1,761542","92,757258",,"-8,79939","-0,49237","-0,13716","44,80335","-44,4805"
"17,425","-2,761542","89,757258",,"-8,84367","-0,50119","-0,13766","43,60131","-45,27743"
"17,426","-4,761542","87,757258",,"-8,88795","-0,51006","-0,13816","42,33238","-46,07837"
"17,427","-2,761542","83,757258",,"-8,91008","-0,51895","-0,13868","42,03305","-46,88231"
"17,428","-1,761542","81,757258",,"-8,92115","-0,52787","-0,1392","42,22731","-47,68774"
"17,429","2,238458","80,757258",,"-8,88795","-0,53677","-0,13973","44,54996","-48,49218"
"17,43","4,238458","80,757258",,"-8,86581","-0,54565","-0,14027","46,378","-49,29412"
"17,431","3,238458","77,757258",,"-8,91008","-0,55454","-0,14082","44,91528","-50,09706"
"17,432","0,238458","77,757258",,"-8,94329","-0,56347","-0,14138","43,94791","-50,90349"
"17,433","0,238458","76,757258",,"-8,95436","-0,57241","-0,14195","44,07347","-51,71193"
"17,434","-1,761542","73,757258",,"-9,00971","-0,5814","-0,14253","41,85806","-52,52337"
"17,435","-0,761542","72,757258",,"-9,00971","-0,59041","-0,14311","42,50672","-53,3373"
"17,436","1,238458","69,757258",,"-9,02078","-0,59942","-0,14371","42,55636","-54,15174"
"17,437","0,238458","70,757258",,"-9,02078","-0,60844","-0,14431","43,1968","-54,96668"
"17,438","-0,761542","68,757258",,"-9,05399","-0,61748","-0,14492","41,98597","-55,78311"
"17,439","-1,761542","64,757258",,"-9,10933","-0,62656","-0,14555","39,47068","-56,60355"
"17,44","-1,761542","64,757258",,"-9,10933","-0,63567","-0,14618","40,04453","-57,42649"
"17,441","-2,761542","60,757258",,"-9,16468","-0,64481","-0,14682","37,39608","-58,25193"
"17,442","-0,761542","58,757258",,"-9,16468","-0,65397","-0,14747","37,92759","-59,07986"
"17,443","-2,761542","57,757258",,"-9,19789","-0,66315","-0,14813","36,47061","-59,9093"
"17,444","-3,761542","56,757258",,"-9,22002","-0,67236","-0,14879","35,63234","-60,74124"
"17,445","-0,761542","54,757258",,"-9,20896","-0,68158","-0,14947","36,80224","-61,57367"
"17,446","-1,761542","54,757258",,"-9,22002","-0,69079","-0,15016","36,60899","-62,40611"
"17,447","0,238458","48,757258",,"-9,2643","-0,70003","-0,15085","34,29865","-63,24105"
"17,448","-0,761542","47,757258",,"-9,28644","-0,70931","-0,15156","33,33449","-64,07898"
"17,449","1,238458","45,757258",,"-9,28644","-0,7186","-0,15227","33,77091","-64,91792"
"17,45","2,238458","46,757258",,"-9,2643","-0,72787","-0,15299","35,66256","-65,75586"
"17,451","4,238458","43,757258",,"-9,27537","-0,73714","-0,15373","35,3796","-66,5933"
"17,452","3,238458","42,757258",,"-9,29751","-0,74643","-0,15447","34,33245","-67,43223"
"17,453","2,238458","42,757258",,"-9,30858","-0,75573","-0,15522","34,00462","-68,27267"
"17,454","4,238458","39,757258",,"-9,31965","-0,76504","-0,15598","33,65867","-69,11411"
"17,455","4,238458","36,757258",,"-9,35286","-0,77438","-0,15675","31,74629","-69,95754"
"17,456","5,238458","34,757258",,"-9,36393","-0,78374","-0,15753","31,3462","-70,80298"
"17,457","3,238458","33,757258",,"-9,39713","-0,79312","-0,15832","29,34202","-71,65042"
"17,458","1,238458","32,757258",,"-9,43034","-0,80253","-0,15912","27,28269","-72,50086"
"17,459","2,238458","30,757258",,"-9,44141","-0,81197","-0,15992","26,7915","-73,35329"
"17,46","0,238458","29,757258",,"-9,47462","-0,82143","-0,16074","24,6393","-74,20773"
"17,461","0,238458","23,757258",,"-9,54103","-0,83093","-0,16157","19,93888","-75,06667"
"17,462","-0,761542","22,757258",,"-9,56317","-0,84049","-0,1624","18,48712","-75,9296"
"17,463","0,238458","22,757258",,"-9,5521","-0,85004","-0,16325","19,54739","-76,79304"
"17,464","1,238458","20,757258",,"-9,56317","-0,8596","-0,1641","18,90757","-77,65648"
"17,465","-0,761542","15,757258",,"-9,64066","-0,8692","-0,16497","13,03434","-78,52391"
"17,466","-2,761542","16,757258",,"-9,65173","-0,87885","-0,16584","12,30014","-79,39535"
"17,467","-0,761542","11,757258",,"-9,68494","-0,88852","-0,16672","9,7699","-80,26879"
"17,468","-0,761542","11,757258",,"-9,68494","-0,8982","-0,16762","9,87639","-81,14373"
"17,469","-0,761542","10,757258",,"-9,696","-0,90789","-0,16852","9,07505","-82,01916"
"17,47","0,238458","11,757258",,"-9,67387","-0,91758","-0,16943","11,00702","-82,8941"
"17,471","-0,761542","7,757258",,"-9,72921","-0,92728","-0,17035","6,48699","-83,77054"
"17,472","0,238458","8,757258",,"-9,70707","-0,937","-0,17129","8,42898","-84,64847"
"17,473","0,238458","6,757258",,"-9,72921","-0,94672","-0,17223","6,62296","-85,52641"
"17,474","1,238458","6,757258",,"-9,71814","-0,95644","-0,17318","7,64743","-86,40485"
"17,475","0,238458","9,757258",,"-9,696","-0,96615","-0,17414","9,65734","-87,28179"
"17,476","1,238458","6,757258",,"-9,71814","-0,97585","-0,17511","7,80266","-88,15872"
"17,477","0,238458","3,757258",,"-9,76242","-0,9856","-0,17609","3,93816","-89,03866"
"17,478","1,238458","3,757258",,"-9,75135","-0,99535","-0,17708","4,9725","-89,9201"
"17,479","1,238458","4,757258",,"-9,74028","-1,0051","-0,17808","6,02628","-90,80053"
"17,48","0,238458","3,757258",,"-9,76242","-1,01485","-0,17909","4,05505","-91,68147"
"17,481","1,238458","-1,242742",,"-9,8067","-1,02463","-0,18011","0,00439","-92,56541"
"17,482","0,238458","-1,242742",,"-9,81777","-1,03445","-0,18114","1,03888","-93,45184"
"17,483","1,238458","0,757258",,"-9,78456","-1,04425","-0,18218","2,08402","-94,33728"
"17,484","0,238458","-1,242742",,"-9,81777","-1,05405","-0,18323","1,05856","-95,22272"
"17,485","-1,761542","-0,242742",,"-9,82884","-1,06387","-0,18429","2,1323","-96,11016"
"17,486","-0,761542","-0,242742",,"-9,81777","-1,07369","-0,18536","1,07829","-96,99759"
"17,487","-0,761542","-1,242742",,"-9,82884","-1,08352","-0,18644","2,17168","-97,88503"
"17,488","-0,761542","-0,242742",,"-9,81777","-1,09334","-0,18753","1,09803","-98,77247"
"17,489","-1,761542","-0,242742",,"-9,82884","-1,10316","-0,18862","2,21106","-99,6599"
"17,49","0,238458","-1,242742",,"-9,81777","-1,11299","-0,18973","1,11776","-100,54734"
"17,491","1,238458","-1,242742",,"-9,8067","-1,1228","-0,19085","0,00481","-101,43378"
"17,492","0,238458","-0,242742",,"-9,8067","-1,13261","-0,19198","0,00485","-102,31971"
"17,493","0,238458","-0,242742",,"-9,8067","-1,14241","-0,19312","0,00489","-103,20565"
"17,494","0,238458","-1,242742",,"-9,81777","-1,15223","-0,19426","1,15716","-104,09209"
"17,495","1,238458","-1,242742",,"-9,8067","-1,16204","-0,19542","0,00498","-104,97853"
"17,496","0,238458","-0,242742",,"-9,8067","-1,17184","-0,19659","0,00502","-105,86446"
"17,497","2,238458","-1,242742",,"-9,79563","-1,18165","-0,19776","1,17658","-106,7499"
"17,498","2,238458","-0,242742",,"-9,78456","-1,19144","-0,19895","2,37777","-107,63434"
"17,499","1,238458","-1,242742",,"-9,8067","-1,20123","-0,20015","0,00515","-108,51927"
"17,5","2,238458","0,757258",,"-9,77349","-1,21102","-0,20135","3,62788","-109,40371"
"17,501","2,238458","-0,242742",,"-9,78456","-1,2208","-0,20257","2,43637","-110,28715"
"17,502","0,238458","1,757258",,"-9,78456","-1,23059","-0,20379","2,4559","-111,17109"
"17,503","0,238458","-0,242742",,"-9,8067","-1,24038","-0,20503","0,00531","-112,05602"
"17,504","1,238458","-1,242742",,"-9,8067","-1,25019","-0,20628","0,00536","-112,94196"
"17,505","0,238458","-1,242742",,"-9,81777","-1,26","-0,20753","1,2654","-113,8284"
"17,506","0,238458","-0,242742",,"-9,8067","-1,26981","-0,2088","0,00544","-114,71483"
"17,507","-0,761542","0,757258",,"-9,8067","-1,27962","-0,21007","0,00548","-115,60077"
"17,508","-1,761542","-3,242742",,"-9,86204","-1,28945","-0,21135","6,45279","-116,48921"
"17,509","-0,761542","-0,242742",,"-9,81777","-1,29929","-0,21265","1,30486","-117,37814"
"17,51","-0,761542","-0,242742",,"-9,81777","-1,30911","-0,21395","1,31472","-118,26508"
"17,511","-1,761542","-0,242742",,"-9,82884","-1,31893","-0,21527","2,64352","-119,15252"
"17,512","-1,761542","-1,242742",,"-9,83991","-1,32877","-0,21659","3,992","-120,04096"
"17,513","-0,761542","-1,242742",,"-9,82884","-1,3386","-0,21792","2,68294","-120,92939"
"17,514","-0,761542","-0,242742",,"-9,81777","-1,34843","-0,21927","1,3542","-121,81683"
"17,515","-0,761542","-2,242742",,"-9,83991","-1,35826","-0,22062","4,08058","-122,70477"
"17,516","0,238458","0,757258",,"-9,79563","-1,36807","-0,22198","1,36221","-123,5917"
"17,517","2,238458","-0,242742",,"-9,78456","-1,37786","-0,22336","2,74982","-124,47614"
"17,518","-0,761542","-1,242742",,"-9,82884","-1,38767","-0,22474","2,78128","-125,36208"
"17,519","1,238458","-0,242742",,"-9,79563","-1,39748","-0,22613","1,3915","-126,24852"
"17,52","2,238458","-0,242742",,"-9,78456","-1,40727","-0,22754","2,80852","-127,13295"
"17,521","1,238458","-1,242742",,"-9,8067","-1,41707","-0,22895","0,00607","-128,01789"
"17,522","1,238458","1,757258",,"-9,77349","-1,42686","-0,23037","4,27446","-128,90233"
"17,523","1,238458","0,757258",,"-9,78456","-1,43664","-0,2318","2,86712","-129,78576"
"17,524","2,238458","0,757258",,"-9,77349","-1,44642","-0,23324","4,33305","-130,6692"
"17,525","-0,761542","-2,242742",,"-9,83991","-1,45622","-0,23469","4,37491","-131,55514"
"17,526","-0,761542","-1,242742",,"-9,82884","-1,46606","-0,23616","2,93839","-132,44357"
"17,527","1,238458","-0,242742",,"-9,79563","-1,47587","-0,23763","1,46955","-133,33001"
"17,528","-0,761542","-0,242742",,"-9,81777","-1,48568","-0,23911","1,49204","-134,21595"
"17,529","-1,761542","-2,242742",,"-9,85097","-1,49551","-0,2406","5,98845","-135,10439"
"17,53","2,238458","-1,242742",,"-9,79563","-1,50533","-0,2421","1,49888","-135,99182"
"17,531","-1,761542","-0,242742",,"-9,82884","-1,51515","-0,24361","3,03678","-136,87826"
"17,532","-1,761542","-0,242742",,"-9,82884","-1,52497","-0,24513","3,05648","-137,7662"
"17,533","-0,761542","-0,242742",,"-9,81777","-1,5348","-0,24666","1,54137","-138,65363"
"17,534","-0,761542","-0,242742",,"-9,81777","-1,54462","-0,2482","1,55123","-139,54057"
"17,535","-0,761542","-1,242742",,"-9,82884","-1,55444","-0,24975","3,11554","-140,42801"
"17,536","-0,761542","-0,242742",,"-9,81777","-1,56426","-0,25131","1,57096","-141,31544"
"17,537","-0,761542","-0,242742",,"-9,81777","-1,57408","-0,25288","1,58082","-142,20238"
"17,538","-0,761542","0,757258",,"-9,8067","-1,58389","-0,25446","0,00679","-143,08882"
"17,539","-1,761542","-0,242742",,"-9,82884","-1,59371","-0,25604","3,19425","-143,97576"
"17,54","0,238458","-0,242742",,"-9,8067","-1,60353","-0,25764","0,00687","-144,86269"
"17,541","0,238458","-2,242742",,"-9,82884","-1,61335","-0,25925","3,2336","-145,74963"
"17,542","0,238458","0,757258",,"-9,79563","-1,62316","-0,26087","1,6162","-146,63607"
"17,543","0,238458","0,757258",,"-9,79563","-1,63295","-0,2625","1,62596","-147,521"
"17,544","-0,761542","-0,242742",,"-9,81777","-1,64276","-0,26414","1,6498","-148,40694"
"17,545","0,238458","-0,242742",,"-9,8067","-1,65257","-0,26578","0,00708","-149,29338"
"17,546","0,238458","0,757258",,"-9,79563","-1,66237","-0,26744","1,65525","-150,17882"
"17,547","-0,761542","-0,242742",,"-9,81777","-1,67218","-0,26911","1,67934","-151,06475"
"17,548","0,238458","-0,242742",,"-9,8067","-1,68199","-0,27078","0,00721","-151,95119"
"17,549","-0,761542","-1,242742",,"-9,82884","-1,69181","-0,27247","3,39087","-152,83813"
"17,55","0,238458","-1,242742",,"-9,81777","-1,70163","-0,27417","1,70892","-153,72556"
"17,551","-1,761542","-0,242742",,"-9,82884","-1,71146","-0,27587","3,43025","-154,613"
"17,552","-0,761542","-1,242742",,"-9,82884","-1,72129","-0,27759","3,44995","-155,50094"
"17,553","0,238458","2,757258",,"-9,77349","-1,73109","-0,27932","5,18584","-156,38637"
"17,554","1,238458","0,757258",,"-9,78456","-1,74087","-0,28105","3,47427","-157,26981"
"17,555","-1,761542","-1,242742",,"-9,83991","-1,75068","-0,2828","5,25953","-158,15625"
"17,556","0,238458","-1,242742",,"-9,81777","-1,76051","-0,28455","1,76805","-159,04419"
"17,557","-0,761542","-1,242742",,"-9,82884","-1,77033","-0,28632","3,54824","-159,93162"
"17,558","-0,761542","-3,242742",,"-9,85097","-1,78017","-0,2881","7,12831","-160,82056"
"17,559","-0,761542","-3,242742",,"-9,85097","-1,79002","-0,28988","7,16775","-161,7105"
"17,56","-0,761542","0,757258",,"-9,8067","-1,79985","-0,29168","0,00771","-162,59843"
"17,561","1,238458","0,757258",,"-9,78456","-1,80965","-0,29348","3,61154","-163,48337"
"17,562","-0,761542","-0,242742",,"-9,81777","-1,81945","-0,29529","1,82724","-164,36881"
"17,563","1,238458","0,757258",,"-9,78456","-1,82925","-0,29712","3,65066","-165,25425"
"17,564","-0,761542","-0,242742",,"-9,81777","-1,83905","-0,29895","1,84693","-166,13968"
"17,565","-0,761542","-0,242742",,"-9,81777","-1,84887","-0,3008","1,85679","-167,02662"
"17,566","-0,761542","1,757258",,"-9,79563","-1,85867","-0,30265","1,85071","-167,91256"
"17,567","0,238458","-2,242742",,"-9,82884","-1,86849","-0,30451","3,74498","-168,79899"
"17,568","2,238458","0,757258",,"-9,77349","-1,87829","-0,30639","5,62681","-169,68443"
"17,569","-2,761542","-1,242742",,"-9,85097","-1,8881","-0,30827","7,56048","-170,57087"
"17,57","0,238458","-0,242742",,"-9,8067","-1,89793","-0,31016","0,00813","-171,4588"
"17,571","-0,761542","-3,242742",,"-9,85097","-1,90776","-0,31207","7,6392","-172,34674"
"17,572","-0,761542","-0,242742",,"-9,81777","-1,91759","-0,31398","1,92581","-173,23518"
"17,573","-0,761542","0,757258",,"-9,8067","-1,9274","-0,3159","0,00826","-174,12162"
"17,574","-0,761542","0,757258",,"-9,8067","-1,93721","-0,31783","0,0083","-175,00755"
"17,575","-0,761542","-0,242742",,"-9,81777","-1,94702","-0,31978","1,95536","-175,89399"
"17,576","-0,761542","-1,242742",,"-9,82884","-1,95685","-0,32173","3,92207","-176,78143"
"17,577","-0,761542","1,757258",,"-9,79563","-1,96666","-0,32369","1,95823","-177,66786"
"17,578","-0,761542","-1,242742",,"-9,82884","-1,97647","-0,32566","3,96141","-178,5543"
"17,579","-0,761542","-1,242742",,"-9,82884","-1,9863","-0,32764","3,98111","-179,44224"
"17,58","-0,761542","-0,242742",,"-9,81777","-1,99612","-0,32963","2,00467","-180,32967"
"17,581","0,238458","-1,242742",,"-9,81777","-2,00594","-0,33164","2,01453","-181,21661"
"17,582","-0,761542","-0,242742",,"-9,81777","-2,01576","-0,33365","2,02439","-182,10355"
"17,583","0,238458","-0,242742",,"-9,8067","-2,02557","-0,33567","0,00868","-182,98999"
"17,584","0,238458","0,757258",,"-9,79563","-2,03537","-0,3377","2,02665","-183,87542"
"17,585","-0,761542","-1,242742",,"-9,82884","-2,04518","-0,33974","4,09913","-184,76186"
"17,586","-0,761542","-1,242742",,"-9,82884","-2,05501","-0,34179","4,11883","-185,6498"
"17,587","-1,761542","-0,242742",,"-9,82884","-2,06484","-0,34385","4,13853","-186,53773"
"17,588","-2,761542","-1,242742",,"-9,85097","-2,07468","-0,34592","8,30761","-187,42667"
"17,589","-0,761542","-0,242742",,"-9,81777","-2,08452","-0,348","2,09345","-188,31511"
"17,59","-1,761542","0,757258",,"-9,81777","-2,09433","-0,35009","2,10331","-189,20205"
"17,591","-1,761542","-1,242742",,"-9,83991","-2,10416","-0,35219","6,3215","-190,08998"
"17,592","-1,761542","-1,242742",,"-9,83991","-2,114","-0,35429","6,35106","-190,97892"
"17,593","1,238458","-1,242742",,"-9,8067","-2,12383","-0,35641","0,0091","-191,86636"
"17,594","-0,761542","-1,242742",,"-9,82884","-2,13364","-0,35854","4,27643","-192,75329"
"17,595","1,238458","-1,242742",,"-9,8067","-2,14346","-0,36068","0,00918","-193,64023"
"17,596","1,238458","-0,242742",,"-9,79563","-2,15326","-0,36283","2,14404","-194,52567"
"17,597","2,238458","0,757258",,"-9,77349","-2,16305","-0,36499","6,47987","-195,4096"
"17,598","5,238458","-0,242742",,"-9,75135","-2,17281","-0,36716","10,85474","-196,29154"
"17,599","4,238458","1,757258",,"-9,74028","-2,18255","-0,36933","13,08598","-197,17198"
"17,6","6,238458","1,757258",,"-9,71814","-2,19228","-0,37152","17,52888","-198,05092"
"17,601","5,238458","0,757258",,"-9,74028","-2,20201","-0,37372","13,20264","-198,92985"
"17,602","6,238458","1,757258",,"-9,71814","-2,21174","-0,37592","17,68446","-199,80879"
"17,603","4,238458","0,757258",,"-9,75135","-2,22148","-0,37814","11,09787","-200,68823"
"17,604","3,238458","1,757258",,"-9,75135","-2,23123","-0,38037","11,14658","-201,56916"
"17,605","2,238458","1,757258",,"-9,76242","-2,24099","-0,3826","8,95434","-202,4506"
"17,606","3,238458","-1,242742",,"-9,78456","-2,25076","-0,38485","4,49188","-203,33354"
"17,607","0,238458","0,757258",,"-9,79563","-2,26055","-0,38711","2,25086","-204,21798"
"17,608","0,238458","-2,242742",,"-9,82884","-2,27036","-0,38937","4,55045","-205,10441"
"17,609","-2,761542","-4,242742",,"-9,88418","-2,28022","-0,39165","15,97129","-205,99485"
"17,61","-3,761542","-1,242742",,"-9,86204","-2,29009","-0,39393","11,46026","-206,88679"
"17,611","-3,761542","-3,242742",,"-9,88418","-2,29996","-0,39623","16,1096","-207,77872"
"17,612","-2,761542","-0,242742",,"-9,83991","-2,30983","-0,39853","6,93937","-208,66966"
"17,613","-2,761542","-3,242742",,"-9,87311","-2,31968","-0,40085","13,92803","-209,5601"
"17,614","-2,761542","-2,242742",,"-9,86204","-2,32955","-0,40317","11,65773","-210,45153"
"17,615","-3,761542","-0,242742",,"-9,85097","-2,33941","-0,4055","9,36765","-211,34197"
"17,616","-3,761542","-1,242742",,"-9,86204","-2,34926","-0,40785","11,75638","-212,23241"
"17,617","-0,761542","0,757258",,"-9,8067","-2,3591","-0,4102","0,01011","-213,12085"
"17,618","-0,761542","-4,242742",,"-9,86204","-2,36893","-0,41257","11,85481","-214,00928"
"17,619","-0,761542","-1,242742",,"-9,82884","-2,37878","-0,41494","4,76774","-214,89872"
"17,62","0,238458","-0,242742",,"-9,8067","-2,38859","-0,41732","0,01023","-215,78566"
"17,621","0,238458","0,757258",,"-9,79563","-2,3984","-0,41972","2,38812","-216,67109"
"17,622","1,238458","0,757258",,"-9,78456","-2,40819","-0,42212","4,80606","-217,55553"
"17,623","2,238458","-0,242742",,"-9,78456","-2,41797","-0,42453","4,82558","-218,43947"
"17,624","1,238458","0,757258",,"-9,78456","-2,42776","-0,42696","4,84511","-219,3234"
"17,625","1,238458","1,757258",,"-9,77349","-2,43753","-0,42939","7,30216","-220,20684"
"17,626","2,238458","0,757258",,"-9,77349","-2,44731","-0,43183","7,33144","-221,08978"
"17,627","-0,761542","-1,242742",,"-9,82884","-2,45711","-0,43428","4,92474","-221,97522"
"17,628","0,238458","-1,242742",,"-9,81777","-2,46693","-0,43675","2,4775","-222,86265"
"17,629","-0,761542","-1,242742",,"-9,82884","-2,47676","-0,43922","4,96412","-223,75009"
"17,63","-1,761542","-2,242742",,"-9,85097","-2,4866","-0,4417","9,95703","-224,63903"
"17,631","-0,761542","-3,242742",,"-9,85097","-2,49645","-0,44419","9,99648","-225,52896"
"17,632","-0,761542","-1,242742",,"-9,82884","-2,50629","-0,44669","5,02331","-226,4179"
"17,633","-0,761542","-2,242742",,"-9,83991","-2,51612","-0,4492","7,55914","-227,30634"
"17,634","-1,761542","-2,242742",,"-9,85097","-2,52597","-0,45173","10,11469","-228,19578"
"17,635","-1,761542","-2,242742",,"-9,85097","-2,53582","-0,45426","10,15413","-229,08571"
"17,636","-3,761542","-0,242742",,"-9,85097","-2,54567","-0,4568","10,19358","-229,97565"
"17,637","-0,761542","-1,242742",,"-9,82884","-2,55551","-0,45935","5,12196","-230,86459"
"17,638","-0,761542","-2,242742",,"-9,83991","-2,56534","-0,46191","7,70702","-231,75302"
"17,639","0,238458","1,757258",,"-9,78456","-2,57515","-0,46448","5,13928","-232,63946"
"17,64","-0,761542","-2,242742",,"-9,83991","-2,58497","-0,46706","7,76597","-233,5259"
"17,641","0,238458","0,757258",,"-9,79563","-2,59478","-0,46965","2,58367","-234,41283"
"17,642","2,238458","-0,242742",,"-9,78456","-2,60457","-0,47225","5,19799","-235,29727"
"17,643","0,238458","-0,242742",,"-9,8067","-2,61437","-0,47486","0,0112","-236,18221"
"17,644","1,238458","0,757258",,"-9,78456","-2,62417","-0,47748","5,23709","-237,06715"
"17,645","2,238458","-1,242742",,"-9,79563","-2,63396","-0,48011","2,62267","-237,95158"
"17,646","2,238458","1,757258",,"-9,76242","-2,64373","-0,48274","10,56361","-238,83502"
"17,647","2,238458","-1,242742",,"-9,79563","-2,65351","-0,48539","2,64215","-239,71846"
"17,648","2,238458","-1,242742",,"-9,79563","-2,66331","-0,48805","2,6519","-240,60339"
"17,649","1,238458","-0,242742",,"-9,79563","-2,67311","-0,49072","2,66165","-241,48833"
"17,65","-0,761542","-0,242742",,"-9,81777","-2,68291","-0,4934","2,69441","-242,37427"
"17,651","1,238458","0,757258",,"-9,78456","-2,69271","-0,49609","5,37389","-243,2597"
"17,652","-0,761542","-0,242742",,"-9,81777","-2,70251","-0,49878","2,71409","-244,14514"
"17,653","0,238458","-1,242742",,"-9,81777","-2,71233","-0,50149","2,72395","-245,03208"
"17,654","-1,761542","-1,242742",,"-9,83991","-2,72216","-0,50421","8,17814","-245,92002"
"17,655","-1,761542","-1,242742",,"-9,83991","-2,732","-0,50694","8,20771","-246,80895"
"17,656","-0,761542","-1,242742",,"-9,82884","-2,74184","-0,50967","5,49542","-247,69739"
"17,657","-0,761542","-2,242742",,"-9,83991","-2,75167","-0,51242","8,2668","-248,58583"
"17,658","-1,761542","-0,242742",,"-9,82884","-2,7615","-0,51518","5,53484","-249,47426"
"17,659","-0,761542","-1,242742",,"-9,82884","-2,77133","-0,51794","5,55454","-250,3622"
"17,66","-0,761542","-1,242742",,"-9,82884","-2,78116","-0,52072","5,57424","-251,25014"
"17,661","-0,761542","-1,242742",,"-9,82884","-2,79099","-0,5235","5,59394","-252,13808"
"17,662","0,238458","-1,242742",,"-9,81777","-2,80081","-0,5263","2,81281","-253,02551"
"17,663","0,238458","0,757258",,"-9,79563","-2,81062","-0,52911","2,79858","-253,91145"
"17,664","-0,761542","1,757258",,"-9,79563","-2,82042","-0,53192","2,80833","-254,79639"
"17,665","0,238458","0,757258",,"-9,79563","-2,83021","-0,53475","2,81809","-255,68132"
"17,666","2,238458","-0,242742",,"-9,78456","-2,84","-0,53758","5,66784","-256,56576"
"17,667","1,238458","-0,242742",,"-9,79563","-2,84979","-0,54043","2,83758","-257,4502"
"17,668","1,238458","-1,242742",,"-9,8067","-2,85959","-0,54328","0,01225","-258,33563"
"17,669","0,238458","0,757258",,"-9,79563","-2,86939","-0,54615","2,8571","-259,22107"
"17,67","1,238458","-1,242742",,"-9,8067","-2,8792","-0,54902","0,01233","-260,10651"
"17,671","2,238458","-0,242742",,"-9,78456","-2,88899","-0,5519","5,76561","-260,99145"
"17,672","1,238458","-0,242742",,"-9,79563","-2,89878","-0,5548","2,88636","-261,87588"
"17,673","-0,761542","-1,242742",,"-9,82884","-2,90859","-0,5577","5,82965","-262,76232"
"17,674","1,238458","-1,242742",,"-9,8067","-2,91841","-0,56062","0,0125","-263,64926"
"17,675","-0,761542","-1,242742",,"-9,82884","-2,92823","-0,56354","5,869","-264,53619"
"17,676","-0,761542","-1,242742",,"-9,82884","-2,93806","-0,56647","5,8887","-265,42413"
"17,677","-0,761542","0,757258",,"-9,8067","-2,94788","-0,56941","0,01263","-266,31107"
"17,678","-0,761542","-0,242742",,"-9,81777","-2,95769","-0,57237","2,97036","-267,19751"
"17,679","-0,761542","-1,242742",,"-9,82884","-2,96751","-0,57533","5,94773","-268,08494"
"17,68","-0,761542","-1,242742",,"-9,82884","-2,97734","-0,5783","5,96743","-268,97288"
"17,681","0,238458","-0,242742",,"-9,8067","-2,98716","-0,58128","0,0128","-269,85982"
"17,682","0,238458","-2,242742",,"-9,82884","-2,99698","-0,58428","6,00679","-270,74675"
"17,683","-0,761542","0,757258",,"-9,8067","-3,00679","-0,58728","0,01288","-271,63369"
"17,684","0,238458","-0,242742",,"-9,8067","-3,0166","-0,59029","0,01292","-272,51963"
"17,685","-0,761542","-2,242742",,"-9,83991","-3,02642","-0,59331","9,09223","-273,40706"
"17,686","2,238458","-1,242742",,"-9,79563","-3,03624","-0,59634","3,02323","-274,294"
"17,687","0,238458","0,757258",,"-9,79563","-3,04604","-0,59938","3,03299","-275,17894"
"17,688","0,238458","0,757258",,"-9,79563","-3,05583","-0,60244","3,04274","-276,06388"
"17,689","1,238458","-3,242742",,"-9,82884","-3,06564","-0,6055","6,14442","-276,95031"
"17,69","1,238458","0,757258",,"-9,78456","-3,07545","-0,60857","6,13773","-277,83625"
"17,691","2,238458","-0,242742",,"-9,78456","-3,08524","-0,61165","6,15725","-278,72019"
"17,692","0,238458","-1,242742",,"-9,81777","-3,09504","-0,61474","3,1083","-279,60562"
"17,693","0,238458","-1,242742",,"-9,81777","-3,10485","-0,61784","3,11816","-280,49256"
"17,694","-0,761542","-0,242742",,"-9,81777","-3,11467","-0,62095","3,12802","-281,3795"
"17,695","-0,761542","0,757258",,"-9,8067","-3,12448","-0,62407","0,01339","-282,26593"
"17,696","1,238458","-2,242742",,"-9,81777","-3,1343","-0,6272","3,14772","-283,15237"
"17,697","0,238458","1,757258",,"-9,78456","-3,1441","-0,63033","6,27473","-284,03781"
"17,698","-0,761542","-0,242742",,"-9,81777","-3,1539","-0,63348","3,16741","-284,92325"
"17,699","1,238458","-2,242742",,"-9,81777","-3,16372","-0,63664","3,17727","-285,81018"
"17,7","-0,761542","-1,242742",,"-9,82884","-3,17354","-0,63981","6,36068","-286,69762"
"17,701","0,238458","-0,242742",,"-9,8067","-3,18336","-0,64299","0,01364","-287,58456"
"17,702","-0,761542","0,757258",,"-9,8067","-3,19316","-0,64618","0,01368","-288,47049"
"17,703","0,238458","-1,242742",,"-9,81777","-3,20298","-0,64938","3,2167","-289,35693"
"17,704","-0,761542","1,757258",,"-9,79563","-3,21278","-0,65258","3,19902","-290,24287"
"17,705","-0,761542","0,757258",,"-9,8067","-3,22258","-0,6558","0,01381","-291,12831"
"17,706","-1,761542","0,757258",,"-9,81777","-3,2324","-0,65903","3,24624","-292,01474"
"17,707","0,238458","0,757258",,"-9,79563","-3,2422","-0,66227","3,22831","-292,90068"
"17,708","1,238458","-0,242742",,"-9,79563","-3,252","-0,66551","3,23807","-293,78562"
"17,709","-0,761542","-0,242742",,"-9,81777","-3,26181","-0,66877","3,27578","-294,67155"
"17,71","-1,761542","1,757258",,"-9,8067","-3,27162","-0,67204","0,01402","-295,55799"
"17,711","2,238458","-1,242742",,"-9,79563","-3,28142","-0,67531","3,26736","-296,44343"
"17,712","0,238458","0,757258",,"-9,79563","-3,29122","-0,6786","3,27712","-297,32836"
"17,713","0,238458","0,757258",,"-9,79563","-3,30101","-0,6819","3,28687","-298,2133"
"17,714","0,238458","0,757258",,"-9,79563","-3,31081","-0,6852","3,29662","-299,09824"
"17,715","-0,761542","0,757258",,"-9,8067","-3,32061","-0,68852","0,01423","-299,98368"
"17,716","1,238458","0,757258",,"-9,78456","-3,3304","-0,69184","6,64654","-300,86861"
"17,717","-0,761542","-0,242742",,"-9,81777","-3,3402","-0,69518","3,35451","-301,75405"
"17,718","-0,761542","-2,242742",,"-9,83991","-3,35003","-0,69852","10,06445","-302,64199"
"17,719","0,238458","-1,242742",,"-9,81777","-3,35986","-0,70188","3,37426","-303,52992"
"17,72","-0,761542","-0,242742",,"-9,81777","-3,36968","-0,70524","3,38412","-304,41686"
"17,721","-1,761542","-1,242742",,"-9,83991","-3,37951","-0,70862","10,153","-305,3048"
"17,722","-0,761542","-2,242742",,"-9,83991","-3,38935","-0,712","10,18257","-306,19374"
"17,723","-0,761542","-1,242742",,"-9,82884","-3,39918","-0,7154","6,81293","-307,08217"
"17,724","-0,761542","-3,242742",,"-9,85097","-3,40902","-0,7188","13,65069","-307,97111"
"17,725","-0,761542","-1,242742",,"-9,82884","-3,41886","-0,72221","6,85237","-308,86005"
"17,726","-0,761542","-0,242742",,"-9,81777","-3,42869","-0,72564","3,44337","-309,74748"
"17,727","1,238458","-1,242742",,"-9,8067","-3,4385","-0,72907","0,01473","-310,63392"
"17,728","-0,761542","2,757258",,"-9,78456","-3,44829","-0,73252","6,88182","-311,51886"
"17,729","-0,761542","1,757258",,"-9,79563","-3,45808","-0,73597","3,44327","-312,40329"
"17,73","0,238458","-0,242742",,"-9,8067","-3,46789","-0,73943","0,01486","-313,28873"
"17,731","-0,761542","2,757258",,"-9,78456","-3,47768","-0,7429","6,94046","-314,17367"
"17,732","1,238458","1,757258",,"-9,77349","-3,48746","-0,74639","10,44744","-315,05711"
"17,733","-0,761542","-0,242742",,"-9,81777","-3,49726","-0,74988","3,51224","-315,94204"
"17,734","-0,761542","0,757258",,"-9,8067","-3,50707","-0,75338","0,01502","-316,82848"
"17,735","-0,761542","-1,242742",,"-9,82884","-3,51689","-0,75689","7,04884","-317,71542"
"17,736","0,238458","-0,242742",,"-9,8067","-3,5267","-0,76042","0,01511","-318,60235"
"17,737","1,238458","0,757258",,"-9,78456","-3,5365","-0,76395","7,05785","-319,48729"
"17,738","0,238458","-3,242742",,"-9,83991","-3,54631","-0,76749","10,65413","-320,37373"
"17,739","-0,761542","-1,242742",,"-9,82884","-3,55615","-0,77104","7,12753","-321,26216"
"17,74","-0,761542","-2,242742",,"-9,83991","-3,56598","-0,7746","10,71322","-322,1506"
"17,741","-0,761542","-1,242742",,"-9,82884","-3,57581","-0,77817","7,16695","-323,03904"
"17,742","-0,761542","-1,242742",,"-9,82884","-3,58564","-0,78175","7,18665","-323,92698"
"17,743","-0,761542","-0,242742",,"-9,81777","-3,59547","-0,78534","3,61087","-324,81441"
"17,744","-0,761542","-0,242742",,"-9,81777","-3,60528","-0,78894","3,62073","-325,70135"
"17,745","-0,761542","0,757258",,"-9,8067","-3,6151","-0,79255","0,01549","-326,58779"
"17,746","0,238458","-1,242742",,"-9,81777","-3,62491","-0,79617","3,64044","-327,47422"
"17,747","-0,761542","-0,242742",,"-9,81777","-3,63473","-0,7998","3,6503","-328,36116"
"17,748","-0,761542","0,757258",,"-9,8067","-3,64454","-0,80344","0,01561","-329,2476"
"17,749","0,238458","-2,242742",,"-9,82884","-3,65436","-0,80709","7,32437","-330,13454"
"17,75","-0,761542","-0,242742",,"-9,81777","-3,66418","-0,81075","3,67988","-331,02197"
"17,751","0,238458","1,757258",,"-9,78456","-3,67398","-0,81442","7,33222","-331,90741"
"17,752","1,238458","-2,242742",,"-9,81777","-3,68378","-0,8181","3,69956","-332,79285"
"17,753","0,238458","-0,242742",,"-9,8067","-3,69359","-0,82179","0,01582","-333,67928"
"17,754","-0,761542","-0,242742",,"-9,81777","-3,70341","-0,82549","3,71927","-334,56572"
"17,755","-0,761542","1,757258",,"-9,79563","-3,71321","-0,8292","3,69731","-335,45166"
"17,756","-1,761542","-0,242742",,"-9,82884","-3,72303","-0,83291","7,462","-336,33809"
"17,757","-0,761542","0,757258",,"-9,8067","-3,73284","-0,83664","0,01599","-337,22503"
"17,758","2,238458","-2,242742",,"-9,8067","-3,74265","-0,84038","0,01603","-338,11097"
"17,759","-2,761542","-0,242742",,"-9,83991","-3,75247","-0,84413","11,27349","-338,99841"
"17,76","-0,761542","-0,242742",,"-9,81777","-3,7623","-0,84788","3,77842","-339,88634"
"17,761","-0,761542","0,757258",,"-9,8067","-3,77211","-0,85165","0,01616","-340,77278"
"17,762","-0,761542","-1,242742",,"-9,82884","-3,78193","-0,85543","7,58007","-341,65972"
"17,763","-0,761542","-0,242742",,"-9,81777","-3,79176","-0,85921","3,808","-342,54715"
"17,764","1,238458","-1,242742",,"-9,8067","-3,80157","-0,86301","0,01629","-343,43359"
"17,765","-1,761542","-0,242742",,"-9,82884","-3,81139","-0,86682","7,6391","-344,32053"
"17,766","2,238458","-0,242742",,"-9,78456","-3,82119","-0,87063","7,62601","-345,20647"
"17,767","-0,761542","0,757258",,"-9,8067","-3,83099","-0,87446","0,01641","-346,0914"
"17,768","0,238458","-0,242742",,"-9,8067","-3,84079","-0,8783","0,01645","-346,97734"
"17,769","-0,761542","-0,242742",,"-9,81777","-3,85061","-0,88214","3,8671","-347,86378"
"17,77","0,238458","1,757258",,"-9,78456","-3,86041","-0,886","7,70428","-348,74921"
"17,771","0,238458","-0,242742",,"-9,8067","-3,8702","-0,88986","0,01658","-349,63415"
"17,772","-0,761542","-0,242742",,"-9,81777","-3,88002","-0,89374","3,89664","-350,52059"
"17,773","-0,761542","0,757258",,"-9,8067","-3,88983","-0,89762","0,01666","-351,40702"
"17,774","-0,761542","-0,242742",,"-9,81777","-3,89964","-0,90152","3,91635","-352,29346"
"17,775","-0,761542","-1,242742",,"-9,82884","-3,90946","-0,90542","7,83567","-353,1809"
"17,776","0,238458","-0,242742",,"-9,8067","-3,91928","-0,90934","0,01679","-354,06784"
"17,777","-0,761542","0,757258",,"-9,8067","-3,92909","-0,91326","0,01683","-354,95377"
"17,778","-1,761542","-2,242742",,"-9,85097","-3,93892","-0,91719","15,77254","-355,84171"
"17,779","-0,761542","-0,242742",,"-9,81777","-3,94875","-0,92114","3,96567","-356,73015"
"17,78","1,238458","-1,242742",,"-9,8067","-3,95856","-0,92509","0,01696","-357,61658"
"17,781","0,238458","-0,242742",,"-9,8067","-3,96837","-0,92906","0,017","-358,50252"
"17,782","0,238458","-1,242742",,"-9,81777","-3,97818","-0,93303","3,99522","-359,38896"
"17,783","-0,761542","-0,242742",,"-9,81777","-3,988","-0,93701","4,00508","-360,27589"
"17,784","-1,761542","-1,242742",,"-9,83991","-3,99783","-0,941","12,01061","-361,16383"
"17,785","-0,761542","-1,242742",,"-9,82884","-4,00766","-0,94501","8,03249","-362,05227"
"17,786","-0,761542","-2,242742",,"-9,83991","-4,0175","-0,94902","12,0697","-362,94071"
"17,787","0,238458","0,757258",,"-9,79563","-4,02732","-0,95304","4,01006","-363,82764"
"17,788","0,238458","-2,242742",,"-9,82884","-4,03713","-0,95707","8,09155","-364,71408"
"17,789","0,238458","-1,242742",,"-9,81777","-4,04695","-0,96112","4,06429","-365,60152"
"17,79","0,238458","-1,242742",,"-9,81777","-4,05677","-0,96517","4,07415","-366,48845"
"17,791","-0,761542","-1,242742",,"-9,82884","-4,06659","-0,96923","8,1506","-367,37589"
"17,792","-0,761542","-0,242742",,"-9,81777","-4,07641","-0,9733","4,09388","-368,26333"
"17,793","2,238458","0,757258",,"-9,77349","-4,08621","-0,97738","12,24113","-369,14827"
"17,794","-0,761542","0,757258",,"-9,8067","-4,096","-0,98147","0,01755","-370,0327"
"17,795","-0,761542","-2,242742",,"-9,83991","-4,10582","-0,98558","12,33506","-370,92014"
"17,796","2,238458","-0,242742",,"-9,78456","-4,11564","-0,98969","8,21364","-371,80658"
"17,797","-0,761542","-0,242742",,"-9,81777","-4,12544","-0,99381","4,14311","-372,69201"
"17,798","-0,761542","0,757258",,"-9,8067","-4,13525","-0,99794","0,01772","-373,57845"
"17,799","-2,761542","-0,242742",,"-9,83991","-4,14507","-1,00208","12,45298","-374,46589"
"17,8","0,238458","0,757258",,"-9,79563","-4,15489","-1,00623","4,13709","-375,35282"
"17,801","0,238458","-1,242742",,"-9,81777","-4,1647","-1,01039","4,18254","-376,23876"
"17,802","0,238458","-0,242742",,"-9,8067","-4,17451","-1,01456","0,01788","-377,1252"
"17,803","0,238458","-2,242742",,"-9,82884","-4,18433","-1,01874","8,38658","-378,01214"
"17,804","1,238458","1,757258",,"-9,77349","-4,19413","-1,02293","12,56442","-378,89757"
"17,805","0,238458","-0,242742",,"-9,8067","-4,20392","-1,02712","0,01801","-379,78201"
"17,806","-0,761542","-1,242742",,"-9,82884","-4,21374","-1,03133","8,44552","-380,66895"
"17,807","1,238458","-0,242742",,"-9,79563","-4,22355","-1,03555","4,20545","-381,55538"
"17,808","1,238458","0,757258",,"-9,78456","-4,23334","-1,03978","8,44854","-382,43982"
"17,809","-0,761542","-0,242742",,"-9,81777","-4,24314","-1,04402","4,26132","-383,32526"
"17,81","-0,761542","-1,242742",,"-9,82884","-4,25296","-1,04827","8,52415","-384,2127"
"17,811","-1,761542","-1,242742",,"-9,83991","-4,2628","-1,05252","12,80665","-385,10113"
"17,812","-1,761542","-0,242742",,"-9,82884","-4,27263","-1,05679","8,56357","-385,98957"
"17,813","0,238458","-1,242742",,"-9,81777","-4,28246","-1,06107","4,3008","-386,87701"
"17,814","0,238458","0,757258",,"-9,79563","-4,29226","-1,06536","4,27387","-387,76294"
"17,815","-0,761542","0,757258",,"-9,8067","-4,30206","-1,06965","0,01843","-388,64838"
"17,816","-0,761542","-1,242742",,"-9,82884","-4,31188","-1,07396","8,64223","-389,53532"
"17,817","1,238458","-0,242742",,"-9,79563","-4,32169","-1,07828","4,30318","-390,42175"
"17,818","0,238458","-1,242742",,"-9,81777","-4,3315","-1,0826","4,35006","-391,30769"
"17,819","-1,761542","-0,242742",,"-9,82884","-4,34132","-1,08694","8,70124","-392,19513"
"17,82","0,238458","-1,242742",,"-9,81777","-4,35115","-1,09129","4,36979","-393,08257"
"17,821","-0,761542","-0,242742",,"-9,81777","-4,36096","-1,09564","4,37965","-393,9695"
"17,822","0,238458","-0,242742",,"-9,8067","-4,37078","-1,10001","0,01872","-394,85594"
"17,823","0,238458","1,757258",,"-9,78456","-4,38057","-1,10438","8,74238","-395,74088"
"17,824","-0,761542","-0,242742",,"-9,81777","-4,39037","-1,10877","4,40918","-396,62631"
"17,825","-0,761542","0,757258",,"-9,8067","-4,40019","-1,11317","0,01885","-397,51275"
"17,826","-0,761542","0,757258",,"-9,8067","-4,40999","-1,11757","0,01889","-398,39869"
"17,827","-2,761542","-0,242742",,"-9,83991","-4,41982","-1,12199","13,27838","-399,28612"
"17,828","1,238458","-0,242742",,"-9,79563","-4,42963","-1,12641","4,41066","-400,17306"
"17,829","0,238458","-0,242742",,"-9,8067","-4,43943","-1,13084","0,01902","-401,0585"
"17,83","-0,761542","-1,242742",,"-9,82884","-4,44925","-1,13529","8,91756","-401,94544"
"17,831","-0,761542","0,757258",,"-9,8067","-4,45907","-1,13974","0,0191","-402,83237"
"17,832","0,238458","-0,242742",,"-9,8067","-4,46888","-1,14421","0,01914","-403,71831"
"17,833","-0,761542","-0,242742",,"-9,81777","-4,47869","-1,14868","4,49788","-404,60475"
"17,834","1,238458","-0,242742",,"-9,79563","-4,4885","-1,15316","4,46927","-405,49068"
"17,835","-0,761542","0,757258",,"-9,8067","-4,4983","-1,15766","0,01927","-406,37612"
"17,836","-0,761542","-0,242742",,"-9,81777","-4,50811","-1,16216","4,52742","-407,26256"
"17,837","1,238458","-0,242742",,"-9,79563","-4,51792","-1,16667","4,49856","-408,1485"
"17,838","0,238458","-3,242742",,"-9,83991","-4,52773","-1,1712","13,6026","-409,03543"
"17,839","0,238458","-0,242742",,"-9,8067","-4,53756","-1,17573","0,01944","-409,92287"
"17,84","1,238458","-1,242742",,"-9,8067","-4,54736","-1,18027","0,01948","-410,80881"
"17,841","-0,761542","-0,242742",,"-9,81777","-4,55718","-1,18482","4,5767","-411,69524"
"17,842","0,238458","-2,242742",,"-9,82884","-4,567","-1,18939","9,15356","-412,58268"
"17,843","-0,761542","-1,242742",,"-9,82884","-4,57683","-1,19396","9,17326","-413,47062"
"17,844","1,238458","-2,242742",,"-9,81777","-4,58665","-1,19854","4,6063","-414,35805"
"17,845","0,238458","-0,242742",,"-9,8067","-4,59646","-1,20313","0,01969","-415,24449"
"17,846","-1,761542","-2,242742",,"-9,85097","-4,60629","-1,20773","18,4449","-416,13243"
"17,847","0,238458","-1,242742",,"-9,81777","-4,61613","-1,21234","4,6359","-417,02087"
"17,848","1,238458","-1,242742",,"-9,8067","-4,62594","-1,21697","0,01982","-417,9073"
"17,849","1,238458","-0,242742",,"-9,79563","-4,63574","-1,2216","4,61588","-418,79274"
"17,85","0,238458","-0,242742",,"-9,8067","-4,64554","-1,22624","0,0199","-419,67818"
"17,851","1,238458","-1,242742",,"-9,8067","-4,65535","-1,23089","0,01994","-420,56411"
"17,852","0,238458","0,757258",,"-9,79563","-4,66515","-1,23555","4,64516","-421,44955"
"17,853","-0,761542","-0,242742",,"-9,81777","-4,67496","-1,24022","4,69498","-422,33549"
"17,854","0,238458","-1,242742",,"-9,81777","-4,68477","-1,2449","4,70484","-423,22243"
"17,855","0,238458","-2,242742",,"-9,82884","-4,6946","-1,24959","9,4093","-424,10986"
"17,856","-0,761542","-2,242742",,"-9,83991","-4,70443","-1,25429","14,13345","-424,9983"
"17,857","0,238458","-2,242742",,"-9,82884","-4,71427","-1,259","9,44873","-425,88674"
